{"type": "FeatureCollection", "features": [{"type": "Feature", "geometry": {"type": "Point", "coordinates": [74.597791, 42.85731]}, "properties": {"id": 1, "price": 1136000.0, "city": "Бишкек"}}, {"type": "Feature", "geometry": {"type": "Point", "coordinates": [74.599441, 42.724865]}, "properties": {"id": 2, "price": 9043000.0, "city": "Бишкек"}}, {"type": "Feature", "geometry": {"type": "Point", "coordinates": [74.590504, 42.886188]}, "properties": {"id": 3, "price": 1813000.0, "city": "Бишкек"}}, {"type": "Feature", "geometry": {"type": "Point", "coordinates": [74.677864, 42.885651]}, "properties": {"id": 4, "price": 5725000.0, "city": "Бишкек"}}, {"type": "Feature", "geometry": {"type": "Point", "coordinates": [74.636834, 43.005708]}, "properties": {"id": 5, "price": 8078000.0, "city": "Бишкек"}}, {"type": "Feature", "geometry": {"type": "Point", "coordinates": [74.665378, 42.729245]}, "properties": {"id": 6, "price": 973000.0, "city": "Бишкек"}}, {"type": "Feature", "geometry": {"type": "Point", "coordinates": [74.69954, 42.850537]}, "properties": {"id": 7, "price": 832000.0, "city": "Бишкек"}}, {"type": "Feature", "geometry": {"type": "Point", "coordinates": [74.690433, 42.763278]}, "properties": {"id": 8, "price": 16757000.0, "city": "Бишкек"}}, {"type": "Feature", "geometry": {"type": "Point", "coordinates": [74.350205, 42.813911]}, "properties": {"id": 9, "price": 5760000.0, "city": "Бишкек"}}, {"type": "Feature", "geometry": {"type": "Point", "coordinates": [74.678627, 42.752693]}, "properties": {"id": 10, "price": 14928000.0, "city": "Бишкек"}}, {"type": "Feature", "geometry": {"type": "Point", "coordinates": [74.603576, 42.84521]}, "properties": {"id": 11, "price": 1295000.0, "city": "Бишкек"}}, {"type": "Feature", "geometry": {"type": "Point", "coordinates": [74.676041, 42.909589]}, "properties": {"id": 12, "price": 1267000.0, "city": "Бишкек"}}, {"type": "Feature", "geometry": {"type": "Point", "coordinates": [74.549501, 42.802863]}, "properties": {"id": 13, "price": 4048000.0, "city": "Бишкек"}}, {"type": "Feature", "geometry": {"type": "Point", "coordinates": [74.587188, 43.108175]}, "properties": {"id": 14, "price": 6046000.0, "city": "Бишкек"}}, {"type": "Feature", "geometry": {"type": "Point", "coordinates": [74.689047, 43.016785]}, "properties": {"id": 15, "price": 1511000.0, "city": "Бишкек"}}, {"type": "Feature", "geometry": {"type": "Point", "coordinates": [74.754834, 42.865197]}, "properties": {"id": 16, "price": 6423000.0, "city": "Бишкек"}}, {"type": "Feature", "geometry": {"type": "Point", "coordinates": [74.70749, 42.730232]}, "properties": {"id": 17, "price": 677000.0, "city": "Бишкек"}}, {"type": "Feature", "geometry": {"type": "Point", "coordinates": [74.580641, 42.946963]}, "properties": {"id": 18, "price": 2863000.0, "city": "Бишкек"}}, {"type": "Feature", "geometry": {"type": "Point", "coordinates": [74.674197, 42.81366]}, "properties": {"id": 19, "price": 4978000.0, "city": "Бишкек"}}, {"type": "Feature", "geometry": {"type": "Point", "coordinates": [74.707427, 42.817917]}, "properties": {"id": 20, "price": 1192000.0, "city": "Бишкек"}}, {"type": "Feature", "geometry": {"type": "Point", "coordinates": [74.539854, 42.845234]}, "properties": {"id": 21, "price": 7489000.0, "city": "Бишкек"}}, {"type": "Feature", "geometry": {"type": "Point", "coordinates": [74.555426, 42.916176]}, "properties": {"id": 22, "price": 40381000.0, "city": "Бишкек"}}, {"type": "Feature", "geometry": {"type": "Point", "coordinates": [74.638336, 42.891397]}, "properties": {"id": 23, "price": 2106000.0, "city": "Бишкек"}}, {"type": "Feature", "geometry": {"type": "Point", "coordinates": [74.639569, 42.773506]}, "properties": {"id": 24, "price": 1516000.0, "city": "Бишкек"}}, {"type": "Feature", "geometry": {"type": "Point", "coordinates": [74.734894, 42.871609]}, "properties": {"id": 25, "price": 54431000.0, "city": "Бишкек"}}, {"type": "Feature", "geometry": {"type": "Point", "coordinates": [74.771506, 42.886112]}, "properties": {"id": 26, "price": 5685000.0, "city": "Бишкек"}}, {"type": "Feature", "geometry": {"type": "Point", "coordinates": [74.597097, 43.016932]}, "properties": {"id": 27, "price": 1643000.0, "city": "Бишкек"}}, {"type": "Feature", "geometry": {"type": "Point", "coordinates": [74.374613, 42.945696]}, "properties": {"id": 28, "price": 11161000.0, "city": "Бишкек"}}, {"type": "Feature", "geometry": {"type": "Point", "coordinates": [74.549462, 42.874369]}, "properties": {"id": 29, "price": 54821000.0, "city": "Бишкек"}}, {"type": "Feature", "geometry": {"type": "Point", "coordinates": [74.569419, 43.010778]}, "properties": {"id": 30, "price": 3764000.0, "city": "Бишкек"}}, {"type": "Feature", "geometry": {"type": "Point", "coordinates": [74.621978, 42.750471]}, "properties": {"id": 31, "price": 14364000.0, "city": "Бишкек"}}, {"type": "Feature", "geometry": {"type": "Point", "coordinates": [74.70072, 42.874918]}, "properties": {"id": 32, "price": 2830000.0, "city": "Бишкек"}}, {"type": "Feature", "geometry": {"type": "Point", "coordinates": [74.748769, 42.744274]}, "properties": {"id": 33, "price": 739000.0, "city": "Бишкек"}}, {"type": "Feature", "geometry": {"type": "Point", "coordinates": [74.786772, 42.706508]}, "properties": {"id": 34, "price": 1766000.0, "city": "Бишкек"}}, {"type": "Feature", "geometry": {"type": "Point", "coordinates": [74.765555, 42.945839]}, "properties": {"id": 35, "price": 9541000.0, "city": "Бишкек"}}, {"type": "Feature", "geometry": {"type": "Point", "coordinates": [74.487382, 42.894142]}, "properties": {"id": 36, "price": 2694000.0, "city": "Бишкек"}}, {"type": "Feature", "geometry": {"type": "Point", "coordinates": [74.551098, 42.906639]}, "properties": {"id": 37, "price": 6650000.0, "city": "Бишкек"}}, {"type": "Feature", "geometry": {"type": "Point", "coordinates": [74.638315, 42.956996]}, "properties": {"id": 38, "price": 45995000.0, "city": "Бишкек"}}, {"type": "Feature", "geometry": {"type": "Point", "coordinates": [74.500476, 42.920385]}, "properties": {"id": 39, "price": 1139000.0, "city": "Бишкек"}}, {"type": "Feature", "geometry": {"type": "Point", "coordinates": [74.542171, 42.987938]}, "properties": {"id": 40, "price": 1129000.0, "city": "Бишкек"}}, {"type": "Feature", "geometry": {"type": "Point", "coordinates": [74.739607, 42.935527]}, "properties": {"id": 41, "price": 2773000.0, "city": "Бишкек"}}, {"type": "Feature", "geometry": {"type": "Point", "coordinates": [74.63657, 42.845004]}, "properties": {"id": 42, "price": 2206000.0, "city": "Бишкек"}}, {"type": "Feature", "geometry": {"type": "Point", "coordinates": [74.624071, 42.926538]}, "properties": {"id": 43, "price": 42842000.0, "city": "Бишкек"}}, {"type": "Feature", "geometry": {"type": "Point", "coordinates": [74.439543, 42.904542]}, "properties": {"id": 44, "price": 10285000.0, "city": "Бишкек"}}, {"type": "Feature", "geometry": {"type": "Point", "coordinates": [74.699309, 42.935357]}, "properties": {"id": 45, "price": 5335000.0, "city": "Бишкек"}}, {"type": "Feature", "geometry": {"type": "Point", "coordinates": [74.59259, 42.726297]}, "properties": {"id": 46, "price": 23937000.0, "city": "Бишкек"}}, {"type": "Feature", "geometry": {"type": "Point", "coordinates": [74.537672, 42.926895]}, "properties": {"id": 47, "price": 10984000.0, "city": "Бишкек"}}, {"type": "Feature", "geometry": {"type": "Point", "coordinates": [74.652235, 42.976106]}, "properties": {"id": 48, "price": 4393000.0, "city": "Бишкек"}}, {"type": "Feature", "geometry": {"type": "Point", "coordinates": [74.612476, 43.101201]}, "properties": {"id": 49, "price": 7307000.0, "city": "Бишкек"}}, {"type": "Feature", "geometry": {"type": "Point", "coordinates": [74.581575, 42.86458]}, "properties": {"id": 50, "price": 53441000.0, "city": "Бишкек"}}, {"type": "Feature", "geometry": {"type": "Point", "coordinates": [74.836294, 42.830385]}, "properties": {"id": 51, "price": 9996000.0, "city": "Бишкек"}}, {"type": "Feature", "geometry": {"type": "Point", "coordinates": [74.543131, 42.880848]}, "properties": {"id": 52, "price": 3293000.0, "city": "Бишкек"}}, {"type": "Feature", "geometry": {"type": "Point", "coordinates": [74.401697, 43.074847]}, "properties": {"id": 53, "price": 2482000.0, "city": "Бишкек"}}, {"type": "Feature", "geometry": {"type": "Point", "coordinates": [74.511489, 42.903854]}, "properties": {"id": 54, "price": 59817000.0, "city": "Бишкек"}}, {"type": "Feature", "geometry": {"type": "Point", "coordinates": [74.46267, 42.819949]}, "properties": {"id": 55, "price": 1312000.0, "city": "Бишкек"}}, {"type": "Feature", "geometry": {"type": "Point", "coordinates": [74.741237, 42.848899]}, "properties": {"id": 56, "price": 6740000.0, "city": "Бишкек"}}, {"type": "Feature", "geometry": {"type": "Point", "coordinates": [74.736222, 42.921166]}, "properties": {"id": 57, "price": 7264000.0, "city": "Бишкек"}}, {"type": "Feature", "geometry": {"type": "Point", "coordinates": [74.752017, 43.087255]}, "properties": {"id": 58, "price": 1046000.0, "city": "Бишкек"}}, {"type": "Feature", "geometry": {"type": "Point", "coordinates": [74.488179, 42.790276]}, "properties": {"id": 59, "price": 888000.0, "city": "Бишкек"}}, {"type": "Feature", "geometry": {"type": "Point", "coordinates": [74.670218, 42.826779]}, "properties": {"id": 60, "price": 6097000.0, "city": "Бишкек"}}, {"type": "Feature", "geometry": {"type": "Point", "coordinates": [74.496503, 42.938941]}, "properties": {"id": 61, "price": 7674000.0, "city": "Бишкек"}}, {"type": "Feature", "geometry": {"type": "Point", "coordinates": [74.657188, 43.026801]}, "properties": {"id": 62, "price": 1550000.0, "city": "Бишкек"}}, {"type": "Feature", "geometry": {"type": "Point", "coordinates": [74.5723, 42.80016]}, "properties": {"id": 63, "price": 2404000.0, "city": "Бишкек"}}, {"type": "Feature", "geometry": {"type": "Point", "coordinates": [74.711622, 42.92334]}, "properties": {"id": 64, "price": 59844000.0, "city": "Бишкек"}}, {"type": "Feature", "geometry": {"type": "Point", "coordinates": [74.674235, 42.905359]}, "properties": {"id": 65, "price": 2840000.0, "city": "Бишкек"}}, {"type": "Feature", "geometry": {"type": "Point", "coordinates": [74.76286, 42.734652]}, "properties": {"id": 66, "price": 3789000.0, "city": "Бишкек"}}, {"type": "Feature", "geometry": {"type": "Point", "coordinates": [74.690518, 42.739755]}, "properties": {"id": 67, "price": 7936000.0, "city": "Бишкек"}}, {"type": "Feature", "geometry": {"type": "Point", "coordinates": [74.605089, 42.86428]}, "properties": {"id": 68, "price": 11593000.0, "city": "Бишкек"}}, {"type": "Feature", "geometry": {"type": "Point", "coordinates": [74.489776, 42.672295]}, "properties": {"id": 69, "price": 877000.0, "city": "Бишкек"}}, {"type": "Feature", "geometry": {"type": "Point", "coordinates": [74.711499, 42.95368]}, "properties": {"id": 70, "price": 2052000.0, "city": "Бишкек"}}, {"type": "Feature", "geometry": {"type": "Point", "coordinates": [74.598563, 42.808516]}, "properties": {"id": 71, "price": 4320000.0, "city": "Бишкек"}}, {"type": "Feature", "geometry": {"type": "Point", "coordinates": [74.395626, 42.890233]}, "properties": {"id": 72, "price": 9108000.0, "city": "Бишкек"}}, {"type": "Feature", "geometry": {"type": "Point", "coordinates": [74.540816, 42.91178]}, "properties": {"id": 73, "price": 2451000.0, "city": "Бишкек"}}, {"type": "Feature", "geometry": {"type": "Point", "coordinates": [74.561437, 42.815455]}, "properties": {"id": 74, "price": 14620000.0, "city": "Бишкек"}}, {"type": "Feature", "geometry": {"type": "Point", "coordinates": [74.599674, 42.880718]}, "properties": {"id": 75, "price": 2719000.0, "city": "Бишкек"}}, {"type": "Feature", "geometry": {"type": "Point", "coordinates": [74.715603, 42.803305]}, "properties": {"id": 76, "price": 14990000.0, "city": "Бишкек"}}, {"type": "Feature", "geometry": {"type": "Point", "coordinates": [74.643396, 42.916474]}, "properties": {"id": 77, "price": 2758000.0, "city": "Бишкек"}}, {"type": "Feature", "geometry": {"type": "Point", "coordinates": [74.668937, 42.684327]}, "properties": {"id": 78, "price": 10521000.0, "city": "Бишкек"}}, {"type": "Feature", "geometry": {"type": "Point", "coordinates": [74.612338, 42.921176]}, "properties": {"id": 79, "price": 18610000.0, "city": "Бишкек"}}, {"type": "Feature", "geometry": {"type": "Point", "coordinates": [74.496368, 42.951862]}, "properties": {"id": 80, "price": 2832000.0, "city": "Бишкек"}}, {"type": "Feature", "geometry": {"type": "Point", "coordinates": [74.792517, 42.669046]}, "properties": {"id": 81, "price": 18577000.0, "city": "Бишкек"}}, {"type": "Feature", "geometry": {"type": "Point", "coordinates": [74.77356, 42.899935]}, "properties": {"id": 82, "price": 2834000.0, "city": "Бишкек"}}, {"type": "Feature", "geometry": {"type": "Point", "coordinates": [74.676597, 42.685485]}, "properties": {"id": 83, "price": 11202000.0, "city": "Бишкек"}}, {"type": "Feature", "geometry": {"type": "Point", "coordinates": [74.62333, 42.828081]}, "properties": {"id": 84, "price": 18303000.0, "city": "Бишкек"}}, {"type": "Feature", "geometry": {"type": "Point", "coordinates": [74.643941, 43.056019]}, "properties": {"id": 85, "price": 4526000.0, "city": "Бишкек"}}, {"type": "Feature", "geometry": {"type": "Point", "coordinates": [74.6324, 42.80563]}, "properties": {"id": 86, "price": 1064000.0, "city": "Бишкек"}}, {"type": "Feature", "geometry": {"type": "Point", "coordinates": [74.517823, 43.050802]}, "properties": {"id": 87, "price": 31165000.0, "city": "Бишкек"}}, {"type": "Feature", "geometry": {"type": "Point", "coordinates": [74.548533, 42.796164]}, "properties": {"id": 88, "price": 41449000.0, "city": "Бишкек"}}, {"type": "Feature", "geometry": {"type": "Point", "coordinates": [74.658144, 42.856154]}, "properties": {"id": 89, "price": 27143000.0, "city": "Бишкек"}}, {"type": "Feature", "geometry": {"type": "Point", "coordinates": [74.688585, 42.856279]}, "properties": {"id": 90, "price": 1643000.0, "city": "Бишкек"}}, {"type": "Feature", "geometry": {"type": "Point", "coordinates": [74.600539, 42.788622]}, "properties": {"id": 91, "price": 5557000.0, "city": "Бишкек"}}, {"type": "Feature", "geometry": {"type": "Point", "coordinates": [74.513751, 42.96118]}, "properties": {"id": 92, "price": 2301000.0, "city": "Бишкек"}}, {"type": "Feature", "geometry": {"type": "Point", "coordinates": [74.840133, 42.877022]}, "properties": {"id": 93, "price": 6597000.0, "city": "Бишкек"}}, {"type": "Feature", "geometry": {"type": "Point", "coordinates": [74.604665, 42.725756]}, "properties": {"id": 94, "price": 3350000.0, "city": "Бишкек"}}, {"type": "Feature", "geometry": {"type": "Point", "coordinates": [74.566257, 42.797757]}, "properties": {"id": 95, "price": 2635000.0, "city": "Бишкек"}}, {"type": "Feature", "geometry": {"type": "Point", "coordinates": [74.596235, 42.791607]}, "properties": {"id": 96, "price": 1580000.0, "city": "Бишкек"}}, {"type": "Feature", "geometry": {"type": "Point", "coordinates": [74.543731, 42.922785]}, "properties": {"id": 97, "price": 1609000.0, "city": "Бишкек"}}, {"type": "Feature", "geometry": {"type": "Point", "coordinates": [74.752169, 42.819552]}, "properties": {"id": 98, "price": 44621000.0, "city": "Бишкек"}}, {"type": "Feature", "geometry": {"type": "Point", "coordinates": [74.572546, 42.994209]}, "properties": {"id": 99, "price": 1289000.0, "city": "Бишкек"}}, {"type": "Feature", "geometry": {"type": "Point", "coordinates": [74.493059, 42.930766]}, "properties": {"id": 100, "price": 5325000.0, "city": "Бишкек"}}, {"type": "Feature", "geometry": {"type": "Point", "coordinates": [74.547387, 42.899249]}, "properties": {"id": 101, "price": 7506000.0, "city": "Бишкек"}}, {"type": "Feature", "geometry": {"type": "Point", "coordinates": [74.629591, 42.816147]}, "properties": {"id": 102, "price": 1837000.0, "city": "Бишкек"}}, {"type": "Feature", "geometry": {"type": "Point", "coordinates": [74.551572, 42.807598]}, "properties": {"id": 103, "price": 17014000.0, "city": "Бишкек"}}, {"type": "Feature", "geometry": {"type": "Point", "coordinates": [74.578938, 42.811495]}, "properties": {"id": 104, "price": 659000.0, "city": "Бишкек"}}, {"type": "Feature", "geometry": {"type": "Point", "coordinates": [74.615879, 42.988085]}, "properties": {"id": 105, "price": 8874000.0, "city": "Бишкек"}}, {"type": "Feature", "geometry": {"type": "Point", "coordinates": [74.491115, 42.946785]}, "properties": {"id": 106, "price": 2271000.0, "city": "Бишкек"}}, {"type": "Feature", "geometry": {"type": "Point", "coordinates": [74.537455, 42.877242]}, "properties": {"id": 107, "price": 3028000.0, "city": "Бишкек"}}, {"type": "Feature", "geometry": {"type": "Point", "coordinates": [74.613239, 42.703146]}, "properties": {"id": 108, "price": 1620000.0, "city": "Бишкек"}}, {"type": "Feature", "geometry": {"type": "Point", "coordinates": [74.725247, 43.099557]}, "properties": {"id": 109, "price": 3251000.0, "city": "Бишкек"}}, {"type": "Feature", "geometry": {"type": "Point", "coordinates": [74.613178, 43.068819]}, "properties": {"id": 110, "price": 7007000.0, "city": "Бишкек"}}, {"type": "Feature", "geometry": {"type": "Point", "coordinates": [74.465117, 42.616443]}, "properties": {"id": 111, "price": 7750000.0, "city": "Бишкек"}}, {"type": "Feature", "geometry": {"type": "Point", "coordinates": [74.719103, 42.787764]}, "properties": {"id": 112, "price": 14057000.0, "city": "Бишкек"}}, {"type": "Feature", "geometry": {"type": "Point", "coordinates": [74.673295, 42.764404]}, "properties": {"id": 113, "price": 16924000.0, "city": "Бишкек"}}, {"type": "Feature", "geometry": {"type": "Point", "coordinates": [74.535717, 42.886874]}, "properties": {"id": 114, "price": 2130000.0, "city": "Бишкек"}}, {"type": "Feature", "geometry": {"type": "Point", "coordinates": [74.624241, 42.753817]}, "properties": {"id": 115, "price": 4373000.0, "city": "Бишкек"}}, {"type": "Feature", "geometry": {"type": "Point", "coordinates": [74.684704, 42.912979]}, "properties": {"id": 116, "price": 1367000.0, "city": "Бишкек"}}, {"type": "Feature", "geometry": {"type": "Point", "coordinates": [74.55935, 42.860977]}, "properties": {"id": 117, "price": 2265000.0, "city": "Бишкек"}}, {"type": "Feature", "geometry": {"type": "Point", "coordinates": [74.602347, 42.83952]}, "properties": {"id": 118, "price": 5713000.0, "city": "Бишкек"}}, {"type": "Feature", "geometry": {"type": "Point", "coordinates": [74.553435, 42.908969]}, "properties": {"id": 119, "price": 7524000.0, "city": "Бишкек"}}, {"type": "Feature", "geometry": {"type": "Point", "coordinates": [74.479006, 42.796866]}, "properties": {"id": 120, "price": 17187000.0, "city": "Бишкек"}}, {"type": "Feature", "geometry": {"type": "Point", "coordinates": [74.604254, 42.882026]}, "properties": {"id": 121, "price": 6767000.0, "city": "Бишкек"}}, {"type": "Feature", "geometry": {"type": "Point", "coordinates": [74.762078, 42.677438]}, "properties": {"id": 122, "price": 6738000.0, "city": "Бишкек"}}, {"type": "Feature", "geometry": {"type": "Point", "coordinates": [74.481898, 42.835736]}, "properties": {"id": 123, "price": 1127000.0, "city": "Бишкек"}}, {"type": "Feature", "geometry": {"type": "Point", "coordinates": [74.589875, 42.884122]}, "properties": {"id": 124, "price": 2230000.0, "city": "Бишкек"}}, {"type": "Feature", "geometry": {"type": "Point", "coordinates": [74.562669, 42.908573]}, "properties": {"id": 125, "price": 3638000.0, "city": "Бишкек"}}, {"type": "Feature", "geometry": {"type": "Point", "coordinates": [74.595384, 42.858354]}, "properties": {"id": 126, "price": 5822000.0, "city": "Бишкек"}}, {"type": "Feature", "geometry": {"type": "Point", "coordinates": [74.753604, 42.898915]}, "properties": {"id": 127, "price": 1708000.0, "city": "Бишкек"}}, {"type": "Feature", "geometry": {"type": "Point", "coordinates": [74.704999, 42.904936]}, "properties": {"id": 128, "price": 1384000.0, "city": "Бишкек"}}, {"type": "Feature", "geometry": {"type": "Point", "coordinates": [74.619083, 42.777208]}, "properties": {"id": 129, "price": 17983000.0, "city": "Бишкек"}}, {"type": "Feature", "geometry": {"type": "Point", "coordinates": [74.61161, 42.915937]}, "properties": {"id": 130, "price": 1895000.0, "city": "Бишкек"}}, {"type": "Feature", "geometry": {"type": "Point", "coordinates": [74.705014, 42.874546]}, "properties": {"id": 131, "price": 6906000.0, "city": "Бишкек"}}, {"type": "Feature", "geometry": {"type": "Point", "coordinates": [74.515227, 42.737985]}, "properties": {"id": 132, "price": 27974000.0, "city": "Бишкек"}}, {"type": "Feature", "geometry": {"type": "Point", "coordinates": [74.669231, 42.881943]}, "properties": {"id": 133, "price": 2207000.0, "city": "Бишкек"}}, {"type": "Feature", "geometry": {"type": "Point", "coordinates": [74.547666, 42.847168]}, "properties": {"id": 134, "price": 6834000.0, "city": "Бишкек"}}, {"type": "Feature", "geometry": {"type": "Point", "coordinates": [74.679722, 42.993479]}, "properties": {"id": 135, "price": 9374000.0, "city": "Бишкек"}}, {"type": "Feature", "geometry": {"type": "Point", "coordinates": [74.721291, 42.640104]}, "properties": {"id": 136, "price": 662000.0, "city": "Бишкек"}}, {"type": "Feature", "geometry": {"type": "Point", "coordinates": [74.555114, 43.013757]}, "properties": {"id": 137, "price": 35866000.0, "city": "Бишкек"}}, {"type": "Feature", "geometry": {"type": "Point", "coordinates": [74.60353, 42.835798]}, "properties": {"id": 138, "price": 6136000.0, "city": "Бишкек"}}, {"type": "Feature", "geometry": {"type": "Point", "coordinates": [74.750195, 42.9774]}, "properties": {"id": 139, "price": 15205000.0, "city": "Бишкек"}}, {"type": "Feature", "geometry": {"type": "Point", "coordinates": [74.820285, 43.072617]}, "properties": {"id": 140, "price": 12166000.0, "city": "Бишкек"}}, {"type": "Feature", "geometry": {"type": "Point", "coordinates": [74.525557, 42.916455]}, "properties": {"id": 141, "price": 4706000.0, "city": "Бишкек"}}, {"type": "Feature", "geometry": {"type": "Point", "coordinates": [74.721064, 42.723918]}, "properties": {"id": 142, "price": 2906000.0, "city": "Бишкек"}}, {"type": "Feature", "geometry": {"type": "Point", "coordinates": [74.488491, 42.733236]}, "properties": {"id": 143, "price": 13226000.0, "city": "Бишкек"}}, {"type": "Feature", "geometry": {"type": "Point", "coordinates": [74.585828, 42.616481]}, "properties": {"id": 144, "price": 2540000.0, "city": "Бишкек"}}, {"type": "Feature", "geometry": {"type": "Point", "coordinates": [74.500541, 42.847293]}, "properties": {"id": 145, "price": 6655000.0, "city": "Бишкек"}}, {"type": "Feature", "geometry": {"type": "Point", "coordinates": [74.589668, 43.068673]}, "properties": {"id": 146, "price": 9040000.0, "city": "Бишкек"}}, {"type": "Feature", "geometry": {"type": "Point", "coordinates": [74.667227, 42.823977]}, "properties": {"id": 147, "price": 6052000.0, "city": "Бишкек"}}, {"type": "Feature", "geometry": {"type": "Point", "coordinates": [74.594713, 42.891232]}, "properties": {"id": 148, "price": 10182000.0, "city": "Бишкек"}}, {"type": "Feature", "geometry": {"type": "Point", "coordinates": [74.654358, 43.04837]}, "properties": {"id": 149, "price": 2713000.0, "city": "Бишкек"}}, {"type": "Feature", "geometry": {"type": "Point", "coordinates": [74.58792, 42.797937]}, "properties": {"id": 150, "price": 2875000.0, "city": "Бишкек"}}, {"type": "Feature", "geometry": {"type": "Point", "coordinates": [74.74924, 42.956359]}, "properties": {"id": 151, "price": 6791000.0, "city": "Бишкек"}}, {"type": "Feature", "geometry": {"type": "Point", "coordinates": [74.559668, 42.740421]}, "properties": {"id": 152, "price": 6965000.0, "city": "Бишкек"}}, {"type": "Feature", "geometry": {"type": "Point", "coordinates": [74.671225, 42.913667]}, "properties": {"id": 153, "price": 4531000.0, "city": "Бишкек"}}, {"type": "Feature", "geometry": {"type": "Point", "coordinates": [74.513514, 42.819084]}, "properties": {"id": 154, "price": 5128000.0, "city": "Бишкек"}}, {"type": "Feature", "geometry": {"type": "Point", "coordinates": [74.609911, 42.785001]}, "properties": {"id": 155, "price": 11251000.0, "city": "Бишкек"}}, {"type": "Feature", "geometry": {"type": "Point", "coordinates": [74.611753, 42.925309]}, "properties": {"id": 156, "price": 887000.0, "city": "Бишкек"}}, {"type": "Feature", "geometry": {"type": "Point", "coordinates": [74.446999, 42.83673]}, "properties": {"id": 157, "price": 1119000.0, "city": "Бишкек"}}, {"type": "Feature", "geometry": {"type": "Point", "coordinates": [74.4524, 42.890518]}, "properties": {"id": 158, "price": 40985000.0, "city": "Бишкек"}}, {"type": "Feature", "geometry": {"type": "Point", "coordinates": [74.602724, 42.919646]}, "properties": {"id": 159, "price": 1146000.0, "city": "Бишкек"}}, {"type": "Feature", "geometry": {"type": "Point", "coordinates": [74.619441, 42.88985]}, "properties": {"id": 160, "price": 4372000.0, "city": "Бишкек"}}, {"type": "Feature", "geometry": {"type": "Point", "coordinates": [74.737512, 42.854183]}, "properties": {"id": 161, "price": 3631000.0, "city": "Бишкек"}}, {"type": "Feature", "geometry": {"type": "Point", "coordinates": [74.690919, 42.789132]}, "properties": {"id": 162, "price": 14889000.0, "city": "Бишкек"}}, {"type": "Feature", "geometry": {"type": "Point", "coordinates": [74.506422, 42.895194]}, "properties": {"id": 163, "price": 723000.0, "city": "Бишкек"}}, {"type": "Feature", "geometry": {"type": "Point", "coordinates": [74.718454, 42.83335]}, "properties": {"id": 164, "price": 12808000.0, "city": "Бишкек"}}, {"type": "Feature", "geometry": {"type": "Point", "coordinates": [74.738117, 42.937846]}, "properties": {"id": 165, "price": 958000.0, "city": "Бишкек"}}, {"type": "Feature", "geometry": {"type": "Point", "coordinates": [74.53364, 42.841863]}, "properties": {"id": 166, "price": 24738000.0, "city": "Бишкек"}}, {"type": "Feature", "geometry": {"type": "Point", "coordinates": [74.624574, 42.738618]}, "properties": {"id": 167, "price": 10708000.0, "city": "Бишкек"}}, {"type": "Feature", "geometry": {"type": "Point", "coordinates": [74.503866, 42.859131]}, "properties": {"id": 168, "price": 7301000.0, "city": "Бишкек"}}, {"type": "Feature", "geometry": {"type": "Point", "coordinates": [74.697401, 42.869256]}, "properties": {"id": 169, "price": 6048000.0, "city": "Бишкек"}}, {"type": "Feature", "geometry": {"type": "Point", "coordinates": [74.597088, 42.632227]}, "properties": {"id": 170, "price": 1106000.0, "city": "Бишкек"}}, {"type": "Feature", "geometry": {"type": "Point", "coordinates": [74.581011, 42.82516]}, "properties": {"id": 171, "price": 780000.0, "city": "Бишкек"}}, {"type": "Feature", "geometry": {"type": "Point", "coordinates": [74.721615, 42.87644]}, "properties": {"id": 172, "price": 4456000.0, "city": "Бишкек"}}, {"type": "Feature", "geometry": {"type": "Point", "coordinates": [74.630395, 43.03022]}, "properties": {"id": 173, "price": 13448000.0, "city": "Бишкек"}}, {"type": "Feature", "geometry": {"type": "Point", "coordinates": [74.525189, 42.664967]}, "properties": {"id": 174, "price": 15501000.0, "city": "Бишкек"}}, {"type": "Feature", "geometry": {"type": "Point", "coordinates": [74.488849, 42.676999]}, "properties": {"id": 175, "price": 5723000.0, "city": "Бишкек"}}, {"type": "Feature", "geometry": {"type": "Point", "coordinates": [74.481065, 42.699636]}, "properties": {"id": 176, "price": 8857000.0, "city": "Бишкек"}}, {"type": "Feature", "geometry": {"type": "Point", "coordinates": [74.655419, 42.948656]}, "properties": {"id": 177, "price": 14830000.0, "city": "Бишкек"}}, {"type": "Feature", "geometry": {"type": "Point", "coordinates": [74.59982, 42.924626]}, "properties": {"id": 178, "price": 6499000.0, "city": "Бишкек"}}, {"type": "Feature", "geometry": {"type": "Point", "coordinates": [74.722461, 42.833075]}, "properties": {"id": 179, "price": 3402000.0, "city": "Бишкек"}}, {"type": "Feature", "geometry": {"type": "Point", "coordinates": [74.715247, 42.900962]}, "properties": {"id": 180, "price": 1201000.0, "city": "Бишкек"}}, {"type": "Feature", "geometry": {"type": "Point", "coordinates": [74.826902, 43.013379]}, "properties": {"id": 181, "price": 14902000.0, "city": "Бишкек"}}, {"type": "Feature", "geometry": {"type": "Point", "coordinates": [74.987406, 42.754734]}, "properties": {"id": 182, "price": 4348000.0, "city": "Бишкек"}}, {"type": "Feature", "geometry": {"type": "Point", "coordinates": [74.774889, 42.916624]}, "properties": {"id": 183, "price": 6258000.0, "city": "Бишкек"}}, {"type": "Feature", "geometry": {"type": "Point", "coordinates": [74.666891, 42.842752]}, "properties": {"id": 184, "price": 6174000.0, "city": "Бишкек"}}, {"type": "Feature", "geometry": {"type": "Point", "coordinates": [74.568515, 42.876873]}, "properties": {"id": 185, "price": 1400000.0, "city": "Бишкек"}}, {"type": "Feature", "geometry": {"type": "Point", "coordinates": [74.517205, 42.701461]}, "properties": {"id": 186, "price": 2265000.0, "city": "Бишкек"}}, {"type": "Feature", "geometry": {"type": "Point", "coordinates": [74.554884, 43.108681]}, "properties": {"id": 187, "price": 14601000.0, "city": "Бишкек"}}, {"type": "Feature", "geometry": {"type": "Point", "coordinates": [74.528771, 42.898937]}, "properties": {"id": 188, "price": 2928000.0, "city": "Бишкек"}}, {"type": "Feature", "geometry": {"type": "Point", "coordinates": [74.513111, 42.942694]}, "properties": {"id": 189, "price": 46306000.0, "city": "Бишкек"}}, {"type": "Feature", "geometry": {"type": "Point", "coordinates": [74.512614, 42.847293]}, "properties": {"id": 190, "price": 1468000.0, "city": "Бишкек"}}, {"type": "Feature", "geometry": {"type": "Point", "coordinates": [74.617872, 42.734578]}, "properties": {"id": 191, "price": 10443000.0, "city": "Бишкек"}}, {"type": "Feature", "geometry": {"type": "Point", "coordinates": [74.393876, 42.804844]}, "properties": {"id": 192, "price": 6491000.0, "city": "Бишкек"}}, {"type": "Feature", "geometry": {"type": "Point", "coordinates": [74.806616, 43.060475]}, "properties": {"id": 193, "price": 4196000.0, "city": "Бишкек"}}, {"type": "Feature", "geometry": {"type": "Point", "coordinates": [74.681078, 42.980729]}, "properties": {"id": 194, "price": 3466000.0, "city": "Бишкек"}}, {"type": "Feature", "geometry": {"type": "Point", "coordinates": [74.832893, 42.863855]}, "properties": {"id": 195, "price": 3587000.0, "city": "Бишкек"}}, {"type": "Feature", "geometry": {"type": "Point", "coordinates": [74.67017, 42.772436]}, "properties": {"id": 196, "price": 14106000.0, "city": "Бишкек"}}, {"type": "Feature", "geometry": {"type": "Point", "coordinates": [74.584374, 43.062292]}, "properties": {"id": 197, "price": 29749000.0, "city": "Бишкек"}}, {"type": "Feature", "geometry": {"type": "Point", "coordinates": [74.518889, 42.843459]}, "properties": {"id": 198, "price": 40330000.0, "city": "Бишкек"}}, {"type": "Feature", "geometry": {"type": "Point", "coordinates": [74.757242, 42.737236]}, "properties": {"id": 199, "price": 2496000.0, "city": "Бишкек"}}, {"type": "Feature", "geometry": {"type": "Point", "coordinates": [74.411416, 42.993441]}, "properties": {"id": 200, "price": 7103000.0, "city": "Бишкек"}}, {"type": "Feature", "geometry": {"type": "Point", "coordinates": [74.594947, 42.957029]}, "properties": {"id": 201, "price": 7995000.0, "city": "Бишкек"}}, {"type": "Feature", "geometry": {"type": "Point", "coordinates": [74.555598, 42.87829]}, "properties": {"id": 202, "price": 4726000.0, "city": "Бишкек"}}, {"type": "Feature", "geometry": {"type": "Point", "coordinates": [74.493583, 42.834473]}, "properties": {"id": 203, "price": 4609000.0, "city": "Бишкек"}}, {"type": "Feature", "geometry": {"type": "Point", "coordinates": [74.670342, 43.017893]}, "properties": {"id": 204, "price": 4168000.0, "city": "Бишкек"}}, {"type": "Feature", "geometry": {"type": "Point", "coordinates": [74.616975, 42.845108]}, "properties": {"id": 205, "price": 16463000.0, "city": "Бишкек"}}, {"type": "Feature", "geometry": {"type": "Point", "coordinates": [74.649375, 42.783081]}, "properties": {"id": 206, "price": 7104000.0, "city": "Бишкек"}}, {"type": "Feature", "geometry": {"type": "Point", "coordinates": [74.7283, 42.860539]}, "properties": {"id": 207, "price": 1805000.0, "city": "Бишкек"}}, {"type": "Feature", "geometry": {"type": "Point", "coordinates": [74.441864, 42.76623]}, "properties": {"id": 208, "price": 13284000.0, "city": "Бишкек"}}, {"type": "Feature", "geometry": {"type": "Point", "coordinates": [74.503166, 42.856662]}, "properties": {"id": 209, "price": 12920000.0, "city": "Бишкек"}}, {"type": "Feature", "geometry": {"type": "Point", "coordinates": [74.579585, 42.826751]}, "properties": {"id": 210, "price": 7846000.0, "city": "Бишкек"}}, {"type": "Feature", "geometry": {"type": "Point", "coordinates": [74.531063, 43.005044]}, "properties": {"id": 211, "price": 7259000.0, "city": "Бишкек"}}, {"type": "Feature", "geometry": {"type": "Point", "coordinates": [74.730962, 42.716094]}, "properties": {"id": 212, "price": 4583000.0, "city": "Бишкек"}}, {"type": "Feature", "geometry": {"type": "Point", "coordinates": [74.579235, 42.709053]}, "properties": {"id": 213, "price": 8431000.0, "city": "Бишкек"}}, {"type": "Feature", "geometry": {"type": "Point", "coordinates": [74.740586, 42.933465]}, "properties": {"id": 214, "price": 59897000.0, "city": "Бишкек"}}, {"type": "Feature", "geometry": {"type": "Point", "coordinates": [74.610033, 42.767935]}, "properties": {"id": 215, "price": 2121000.0, "city": "Бишкек"}}, {"type": "Feature", "geometry": {"type": "Point", "coordinates": [74.687604, 42.796867]}, "properties": {"id": 216, "price": 7517000.0, "city": "Бишкек"}}, {"type": "Feature", "geometry": {"type": "Point", "coordinates": [74.78315, 42.925422]}, "properties": {"id": 217, "price": 1500000.0, "city": "Бишкек"}}, {"type": "Feature", "geometry": {"type": "Point", "coordinates": [74.687292, 42.972126]}, "properties": {"id": 218, "price": 6963000.0, "city": "Бишкек"}}, {"type": "Feature", "geometry": {"type": "Point", "coordinates": [74.631744, 42.910142]}, "properties": {"id": 219, "price": 15437000.0, "city": "Бишкек"}}, {"type": "Feature", "geometry": {"type": "Point", "coordinates": [74.624921, 43.095135]}, "properties": {"id": 220, "price": 1707000.0, "city": "Бишкек"}}, {"type": "Feature", "geometry": {"type": "Point", "coordinates": [74.610281, 42.951363]}, "properties": {"id": 221, "price": 2531000.0, "city": "Бишкек"}}, {"type": "Feature", "geometry": {"type": "Point", "coordinates": [74.734598, 42.787086]}, "properties": {"id": 222, "price": 1660000.0, "city": "Бишкек"}}, {"type": "Feature", "geometry": {"type": "Point", "coordinates": [74.537, 42.984412]}, "properties": {"id": 223, "price": 5122000.0, "city": "Бишкек"}}, {"type": "Feature", "geometry": {"type": "Point", "coordinates": [74.612081, 43.067799]}, "properties": {"id": 224, "price": 1523000.0, "city": "Бишкек"}}, {"type": "Feature", "geometry": {"type": "Point", "coordinates": [74.53902, 42.88235]}, "properties": {"id": 225, "price": 5874000.0, "city": "Бишкек"}}, {"type": "Feature", "geometry": {"type": "Point", "coordinates": [74.695764, 42.87076]}, "properties": {"id": 226, "price": 46329000.0, "city": "Бишкек"}}, {"type": "Feature", "geometry": {"type": "Point", "coordinates": [74.592406, 43.002268]}, "properties": {"id": 227, "price": 6723000.0, "city": "Бишкек"}}, {"type": "Feature", "geometry": {"type": "Point", "coordinates": [74.742328, 42.916019]}, "properties": {"id": 228, "price": 7521000.0, "city": "Бишкек"}}, {"type": "Feature", "geometry": {"type": "Point", "coordinates": [74.571821, 43.049084]}, "properties": {"id": 229, "price": 4762000.0, "city": "Бишкек"}}, {"type": "Feature", "geometry": {"type": "Point", "coordinates": [74.52116, 42.769194]}, "properties": {"id": 230, "price": 6605000.0, "city": "Бишкек"}}, {"type": "Feature", "geometry": {"type": "Point", "coordinates": [74.50908, 42.713941]}, "properties": {"id": 231, "price": 7517000.0, "city": "Бишкек"}}, {"type": "Feature", "geometry": {"type": "Point", "coordinates": [74.560084, 42.806231]}, "properties": {"id": 232, "price": 5898000.0, "city": "Бишкек"}}, {"type": "Feature", "geometry": {"type": "Point", "coordinates": [74.607392, 42.831402]}, "properties": {"id": 233, "price": 2394000.0, "city": "Бишкек"}}, {"type": "Feature", "geometry": {"type": "Point", "coordinates": [74.636181, 42.922138]}, "properties": {"id": 234, "price": 7857000.0, "city": "Бишкек"}}, {"type": "Feature", "geometry": {"type": "Point", "coordinates": [74.395099, 42.83198]}, "properties": {"id": 235, "price": 11084000.0, "city": "Бишкек"}}, {"type": "Feature", "geometry": {"type": "Point", "coordinates": [74.664061, 42.772325]}, "properties": {"id": 236, "price": 16959000.0, "city": "Бишкек"}}, {"type": "Feature", "geometry": {"type": "Point", "coordinates": [74.586031, 42.916581]}, "properties": {"id": 237, "price": 25630000.0, "city": "Бишкек"}}, {"type": "Feature", "geometry": {"type": "Point", "coordinates": [74.806171, 42.833158]}, "properties": {"id": 238, "price": 19759000.0, "city": "Бишкек"}}, {"type": "Feature", "geometry": {"type": "Point", "coordinates": [74.789093, 42.8377]}, "properties": {"id": 239, "price": 6953000.0, "city": "Бишкек"}}, {"type": "Feature", "geometry": {"type": "Point", "coordinates": [74.735751, 42.885433]}, "properties": {"id": 240, "price": 6364000.0, "city": "Бишкек"}}, {"type": "Feature", "geometry": {"type": "Point", "coordinates": [74.550061, 42.757523]}, "properties": {"id": 241, "price": 19284000.0, "city": "Бишкек"}}, {"type": "Feature", "geometry": {"type": "Point", "coordinates": [74.668916, 42.920536]}, "properties": {"id": 242, "price": 2722000.0, "city": "Бишкек"}}, {"type": "Feature", "geometry": {"type": "Point", "coordinates": [74.406357, 42.790988]}, "properties": {"id": 243, "price": 752000.0, "city": "Бишкек"}}, {"type": "Feature", "geometry": {"type": "Point", "coordinates": [74.710282, 42.678632]}, "properties": {"id": 244, "price": 1580000.0, "city": "Бишкек"}}, {"type": "Feature", "geometry": {"type": "Point", "coordinates": [74.766597, 43.060702]}, "properties": {"id": 245, "price": 1782000.0, "city": "Бишкек"}}, {"type": "Feature", "geometry": {"type": "Point", "coordinates": [74.783371, 42.994407]}, "properties": {"id": 246, "price": 1689000.0, "city": "Бишкек"}}, {"type": "Feature", "geometry": {"type": "Point", "coordinates": [74.533212, 42.729875]}, "properties": {"id": 247, "price": 36765000.0, "city": "Бишкек"}}, {"type": "Feature", "geometry": {"type": "Point", "coordinates": [74.609387, 42.816728]}, "properties": {"id": 248, "price": 3495000.0, "city": "Бишкек"}}, {"type": "Feature", "geometry": {"type": "Point", "coordinates": [74.510014, 42.88145]}, "properties": {"id": 249, "price": 21309000.0, "city": "Бишкек"}}, {"type": "Feature", "geometry": {"type": "Point", "coordinates": [74.537837, 42.953262]}, "properties": {"id": 250, "price": 54218000.0, "city": "Бишкек"}}, {"type": "Feature", "geometry": {"type": "Point", "coordinates": [74.735646, 42.963526]}, "properties": {"id": 251, "price": 7889000.0, "city": "Бишкек"}}, {"type": "Feature", "geometry": {"type": "Point", "coordinates": [74.548616, 42.952777]}, "properties": {"id": 252, "price": 893000.0, "city": "Бишкек"}}, {"type": "Feature", "geometry": {"type": "Point", "coordinates": [74.675828, 42.784708]}, "properties": {"id": 253, "price": 6209000.0, "city": "Бишкек"}}, {"type": "Feature", "geometry": {"type": "Point", "coordinates": [74.595173, 42.86269]}, "properties": {"id": 254, "price": 10923000.0, "city": "Бишкек"}}, {"type": "Feature", "geometry": {"type": "Point", "coordinates": [74.702852, 42.966311]}, "properties": {"id": 255, "price": 2436000.0, "city": "Бишкек"}}, {"type": "Feature", "geometry": {"type": "Point", "coordinates": [74.630751, 42.941842]}, "properties": {"id": 256, "price": 11943000.0, "city": "Бишкек"}}, {"type": "Feature", "geometry": {"type": "Point", "coordinates": [74.741139, 43.046452]}, "properties": {"id": 257, "price": 2660000.0, "city": "Бишкек"}}, {"type": "Feature", "geometry": {"type": "Point", "coordinates": [74.644627, 42.916236]}, "properties": {"id": 258, "price": 1019000.0, "city": "Бишкек"}}, {"type": "Feature", "geometry": {"type": "Point", "coordinates": [74.600082, 42.855222]}, "properties": {"id": 259, "price": 2496000.0, "city": "Бишкек"}}, {"type": "Feature", "geometry": {"type": "Point", "coordinates": [74.618901, 42.962802]}, "properties": {"id": 260, "price": 726000.0, "city": "Бишкек"}}, {"type": "Feature", "geometry": {"type": "Point", "coordinates": [74.605844, 42.752558]}, "properties": {"id": 261, "price": 13715000.0, "city": "Бишкек"}}, {"type": "Feature", "geometry": {"type": "Point", "coordinates": [74.633215, 42.756456]}, "properties": {"id": 262, "price": 1809000.0, "city": "Бишкек"}}, {"type": "Feature", "geometry": {"type": "Point", "coordinates": [74.640243, 42.864587]}, "properties": {"id": 263, "price": 18404000.0, "city": "Бишкек"}}, {"type": "Feature", "geometry": {"type": "Point", "coordinates": [74.502518, 42.859727]}, "properties": {"id": 264, "price": 22433000.0, "city": "Бишкек"}}, {"type": "Feature", "geometry": {"type": "Point", "coordinates": [74.511739, 42.887945]}, "properties": {"id": 265, "price": 5451000.0, "city": "Бишкек"}}, {"type": "Feature", "geometry": {"type": "Point", "coordinates": [74.64515, 42.853602]}, "properties": {"id": 266, "price": 2060000.0, "city": "Бишкек"}}, {"type": "Feature", "geometry": {"type": "Point", "coordinates": [74.685667, 42.906767]}, "properties": {"id": 267, "price": 5742000.0, "city": "Бишкек"}}, {"type": "Feature", "geometry": {"type": "Point", "coordinates": [74.465084, 43.162501]}, "properties": {"id": 268, "price": 5269000.0, "city": "Бишкек"}}, {"type": "Feature", "geometry": {"type": "Point", "coordinates": [74.576161, 42.84649]}, "properties": {"id": 269, "price": 18234000.0, "city": "Бишкек"}}, {"type": "Feature", "geometry": {"type": "Point", "coordinates": [74.512381, 42.735533]}, "properties": {"id": 270, "price": 10580000.0, "city": "Бишкек"}}, {"type": "Feature", "geometry": {"type": "Point", "coordinates": [74.543482, 42.896188]}, "properties": {"id": 271, "price": 1688000.0, "city": "Бишкек"}}, {"type": "Feature", "geometry": {"type": "Point", "coordinates": [74.573582, 42.897116]}, "properties": {"id": 272, "price": 6326000.0, "city": "Бишкек"}}, {"type": "Feature", "geometry": {"type": "Point", "coordinates": [74.571682, 42.915476]}, "properties": {"id": 273, "price": 22685000.0, "city": "Бишкек"}}, {"type": "Feature", "geometry": {"type": "Point", "coordinates": [74.633944, 42.83607]}, "properties": {"id": 274, "price": 2373000.0, "city": "Бишкек"}}, {"type": "Feature", "geometry": {"type": "Point", "coordinates": [74.660449, 42.756586]}, "properties": {"id": 275, "price": 5808000.0, "city": "Бишкек"}}, {"type": "Feature", "geometry": {"type": "Point", "coordinates": [74.5877, 42.919402]}, "properties": {"id": 276, "price": 6327000.0, "city": "Бишкек"}}, {"type": "Feature", "geometry": {"type": "Point", "coordinates": [74.612559, 42.673322]}, "properties": {"id": 277, "price": 19621000.0, "city": "Бишкек"}}, {"type": "Feature", "geometry": {"type": "Point", "coordinates": [74.537027, 42.819687]}, "properties": {"id": 278, "price": 4064000.0, "city": "Бишкек"}}, {"type": "Feature", "geometry": {"type": "Point", "coordinates": [74.57279, 42.815227]}, "properties": {"id": 279, "price": 2629000.0, "city": "Бишкек"}}, {"type": "Feature", "geometry": {"type": "Point", "coordinates": [74.498016, 42.99999]}, "properties": {"id": 280, "price": 7036000.0, "city": "Бишкек"}}, {"type": "Feature", "geometry": {"type": "Point", "coordinates": [74.764719, 42.650645]}, "properties": {"id": 281, "price": 15363000.0, "city": "Бишкек"}}, {"type": "Feature", "geometry": {"type": "Point", "coordinates": [74.5978, 42.85658]}, "properties": {"id": 282, "price": 53178000.0, "city": "Бишкек"}}, {"type": "Feature", "geometry": {"type": "Point", "coordinates": [74.605298, 42.937302]}, "properties": {"id": 283, "price": 11708000.0, "city": "Бишкек"}}, {"type": "Feature", "geometry": {"type": "Point", "coordinates": [74.60628, 42.883951]}, "properties": {"id": 284, "price": 14796000.0, "city": "Бишкек"}}, {"type": "Feature", "geometry": {"type": "Point", "coordinates": [74.567287, 42.906894]}, "properties": {"id": 285, "price": 3153000.0, "city": "Бишкек"}}, {"type": "Feature", "geometry": {"type": "Point", "coordinates": [74.6105, 42.805016]}, "properties": {"id": 286, "price": 4704000.0, "city": "Бишкек"}}, {"type": "Feature", "geometry": {"type": "Point", "coordinates": [74.50269, 42.991138]}, "properties": {"id": 287, "price": 14811000.0, "city": "Бишкек"}}, {"type": "Feature", "geometry": {"type": "Point", "coordinates": [74.640503, 42.891328]}, "properties": {"id": 288, "price": 2083000.0, "city": "Бишкек"}}, {"type": "Feature", "geometry": {"type": "Point", "coordinates": [74.575558, 42.803824]}, "properties": {"id": 289, "price": 5428000.0, "city": "Бишкек"}}, {"type": "Feature", "geometry": {"type": "Point", "coordinates": [74.537556, 42.90305]}, "properties": {"id": 290, "price": 9366000.0, "city": "Бишкек"}}, {"type": "Feature", "geometry": {"type": "Point", "coordinates": [74.538374, 42.909389]}, "properties": {"id": 291, "price": 5433000.0, "city": "Бишкек"}}, {"type": "Feature", "geometry": {"type": "Point", "coordinates": [74.597033, 42.848151]}, "properties": {"id": 292, "price": 5997000.0, "city": "Бишкек"}}, {"type": "Feature", "geometry": {"type": "Point", "coordinates": [74.696801, 42.878689]}, "properties": {"id": 293, "price": 929000.0, "city": "Бишкек"}}, {"type": "Feature", "geometry": {"type": "Point", "coordinates": [74.609108, 42.963729]}, "properties": {"id": 294, "price": 2393000.0, "city": "Бишкек"}}, {"type": "Feature", "geometry": {"type": "Point", "coordinates": [74.656225, 42.961945]}, "properties": {"id": 295, "price": 14003000.0, "city": "Бишкек"}}, {"type": "Feature", "geometry": {"type": "Point", "coordinates": [74.7028, 42.717724]}, "properties": {"id": 296, "price": 2668000.0, "city": "Бишкек"}}, {"type": "Feature", "geometry": {"type": "Point", "coordinates": [74.630969, 42.87971]}, "properties": {"id": 297, "price": 54484000.0, "city": "Бишкек"}}, {"type": "Feature", "geometry": {"type": "Point", "coordinates": [74.496181, 42.814786]}, "properties": {"id": 298, "price": 13012000.0, "city": "Бишкек"}}, {"type": "Feature", "geometry": {"type": "Point", "coordinates": [74.627586, 42.888194]}, "properties": {"id": 299, "price": 2523000.0, "city": "Бишкек"}}, {"type": "Feature", "geometry": {"type": "Point", "coordinates": [74.472993, 42.746928]}, "properties": {"id": 300, "price": 23525000.0, "city": "Бишкек"}}, {"type": "Feature", "geometry": {"type": "Point", "coordinates": [74.653973, 42.812703]}, "properties": {"id": 301, "price": 5620000.0, "city": "Бишкек"}}, {"type": "Feature", "geometry": {"type": "Point", "coordinates": [74.54384, 42.9271]}, "properties": {"id": 302, "price": 1399000.0, "city": "Бишкек"}}, {"type": "Feature", "geometry": {"type": "Point", "coordinates": [74.671008, 42.97866]}, "properties": {"id": 303, "price": 1824000.0, "city": "Бишкек"}}, {"type": "Feature", "geometry": {"type": "Point", "coordinates": [74.689185, 42.822931]}, "properties": {"id": 304, "price": 17827000.0, "city": "Бишкек"}}, {"type": "Feature", "geometry": {"type": "Point", "coordinates": [74.641375, 42.807223]}, "properties": {"id": 305, "price": 1073000.0, "city": "Бишкек"}}, {"type": "Feature", "geometry": {"type": "Point", "coordinates": [74.476991, 42.773216]}, "properties": {"id": 306, "price": 3886000.0, "city": "Бишкек"}}, {"type": "Feature", "geometry": {"type": "Point", "coordinates": [74.628902, 42.759058]}, "properties": {"id": 307, "price": 17119000.0, "city": "Бишкек"}}, {"type": "Feature", "geometry": {"type": "Point", "coordinates": [74.396689, 42.946266]}, "properties": {"id": 308, "price": 6176000.0, "city": "Бишкек"}}, {"type": "Feature", "geometry": {"type": "Point", "coordinates": [74.470464, 42.733713]}, "properties": {"id": 309, "price": 3755000.0, "city": "Бишкек"}}, {"type": "Feature", "geometry": {"type": "Point", "coordinates": [74.710459, 42.919551]}, "properties": {"id": 310, "price": 1259000.0, "city": "Бишкек"}}, {"type": "Feature", "geometry": {"type": "Point", "coordinates": [74.723855, 42.91573]}, "properties": {"id": 311, "price": 1685000.0, "city": "Бишкек"}}, {"type": "Feature", "geometry": {"type": "Point", "coordinates": [74.789052, 42.940653]}, "properties": {"id": 312, "price": 2674000.0, "city": "Бишкек"}}, {"type": "Feature", "geometry": {"type": "Point", "coordinates": [74.697086, 42.765581]}, "properties": {"id": 313, "price": 5314000.0, "city": "Бишкек"}}, {"type": "Feature", "geometry": {"type": "Point", "coordinates": [74.445254, 42.815305]}, "properties": {"id": 314, "price": 13397000.0, "city": "Бишкек"}}, {"type": "Feature", "geometry": {"type": "Point", "coordinates": [74.665519, 42.739475]}, "properties": {"id": 315, "price": 1742000.0, "city": "Бишкек"}}, {"type": "Feature", "geometry": {"type": "Point", "coordinates": [74.633051, 42.903628]}, "properties": {"id": 316, "price": 2758000.0, "city": "Бишкек"}}, {"type": "Feature", "geometry": {"type": "Point", "coordinates": [74.524514, 43.00639]}, "properties": {"id": 317, "price": 3863000.0, "city": "Бишкек"}}, {"type": "Feature", "geometry": {"type": "Point", "coordinates": [74.613721, 42.981904]}, "properties": {"id": 318, "price": 5614000.0, "city": "Бишкек"}}, {"type": "Feature", "geometry": {"type": "Point", "coordinates": [74.664601, 42.955751]}, "properties": {"id": 319, "price": 1581000.0, "city": "Бишкек"}}, {"type": "Feature", "geometry": {"type": "Point", "coordinates": [74.541046, 42.989306]}, "properties": {"id": 320, "price": 15768000.0, "city": "Бишкек"}}, {"type": "Feature", "geometry": {"type": "Point", "coordinates": [74.652992, 42.89253]}, "properties": {"id": 321, "price": 4421000.0, "city": "Бишкек"}}, {"type": "Feature", "geometry": {"type": "Point", "coordinates": [74.588181, 42.730384]}, "properties": {"id": 322, "price": 54931000.0, "city": "Бишкек"}}, {"type": "Feature", "geometry": {"type": "Point", "coordinates": [74.546072, 42.98909]}, "properties": {"id": 323, "price": 1440000.0, "city": "Бишкек"}}, {"type": "Feature", "geometry": {"type": "Point", "coordinates": [74.763871, 42.843386]}, "properties": {"id": 324, "price": 5975000.0, "city": "Бишкек"}}, {"type": "Feature", "geometry": {"type": "Point", "coordinates": [74.691828, 42.841911]}, "properties": {"id": 325, "price": 6958000.0, "city": "Бишкек"}}, {"type": "Feature", "geometry": {"type": "Point", "coordinates": [74.669785, 42.737253]}, "properties": {"id": 326, "price": 16865000.0, "city": "Бишкек"}}, {"type": "Feature", "geometry": {"type": "Point", "coordinates": [74.563937, 42.762269]}, "properties": {"id": 327, "price": 5117000.0, "city": "Бишкек"}}, {"type": "Feature", "geometry": {"type": "Point", "coordinates": [74.550869, 42.947026]}, "properties": {"id": 328, "price": 1114000.0, "city": "Бишкек"}}, {"type": "Feature", "geometry": {"type": "Point", "coordinates": [74.721434, 42.83733]}, "properties": {"id": 329, "price": 930000.0, "city": "Бишкек"}}, {"type": "Feature", "geometry": {"type": "Point", "coordinates": [74.782874, 42.964508]}, "properties": {"id": 330, "price": 2450000.0, "city": "Бишкек"}}, {"type": "Feature", "geometry": {"type": "Point", "coordinates": [74.717927, 42.696133]}, "properties": {"id": 331, "price": 1408000.0, "city": "Бишкек"}}, {"type": "Feature", "geometry": {"type": "Point", "coordinates": [74.617621, 42.821874]}, "properties": {"id": 332, "price": 3811000.0, "city": "Бишкек"}}, {"type": "Feature", "geometry": {"type": "Point", "coordinates": [74.696198, 42.724821]}, "properties": {"id": 333, "price": 9986000.0, "city": "Бишкек"}}, {"type": "Feature", "geometry": {"type": "Point", "coordinates": [74.51712, 42.913862]}, "properties": {"id": 334, "price": 4188000.0, "city": "Бишкек"}}, {"type": "Feature", "geometry": {"type": "Point", "coordinates": [74.535283, 42.90273]}, "properties": {"id": 335, "price": 13387000.0, "city": "Бишкек"}}, {"type": "Feature", "geometry": {"type": "Point", "coordinates": [74.5281, 42.856349]}, "properties": {"id": 336, "price": 13628000.0, "city": "Бишкек"}}, {"type": "Feature", "geometry": {"type": "Point", "coordinates": [74.661011, 42.7922]}, "properties": {"id": 337, "price": 59378000.0, "city": "Бишкек"}}, {"type": "Feature", "geometry": {"type": "Point", "coordinates": [74.533187, 42.894]}, "properties": {"id": 338, "price": 5637000.0, "city": "Бишкек"}}, {"type": "Feature", "geometry": {"type": "Point", "coordinates": [74.792342, 42.835838]}, "properties": {"id": 339, "price": 9661000.0, "city": "Бишкек"}}, {"type": "Feature", "geometry": {"type": "Point", "coordinates": [74.612197, 43.017773]}, "properties": {"id": 340, "price": 14654000.0, "city": "Бишкек"}}, {"type": "Feature", "geometry": {"type": "Point", "coordinates": [74.76679, 42.990806]}, "properties": {"id": 341, "price": 11421000.0, "city": "Бишкек"}}, {"type": "Feature", "geometry": {"type": "Point", "coordinates": [74.618771, 42.795053]}, "properties": {"id": 342, "price": 25894000.0, "city": "Бишкек"}}, {"type": "Feature", "geometry": {"type": "Point", "coordinates": [74.388704, 42.96722]}, "properties": {"id": 343, "price": 1683000.0, "city": "Бишкек"}}, {"type": "Feature", "geometry": {"type": "Point", "coordinates": [74.598582, 42.893447]}, "properties": {"id": 344, "price": 1805000.0, "city": "Бишкек"}}, {"type": "Feature", "geometry": {"type": "Point", "coordinates": [74.5953, 42.891519]}, "properties": {"id": 345, "price": 53567000.0, "city": "Бишкек"}}, {"type": "Feature", "geometry": {"type": "Point", "coordinates": [74.5081, 42.731393]}, "properties": {"id": 346, "price": 1289000.0, "city": "Бишкек"}}, {"type": "Feature", "geometry": {"type": "Point", "coordinates": [74.686349, 42.739244]}, "properties": {"id": 347, "price": 2293000.0, "city": "Бишкек"}}, {"type": "Feature", "geometry": {"type": "Point", "coordinates": [74.602469, 42.877857]}, "properties": {"id": 348, "price": 1214000.0, "city": "Бишкек"}}, {"type": "Feature", "geometry": {"type": "Point", "coordinates": [74.676397, 42.765991]}, "properties": {"id": 349, "price": 14333000.0, "city": "Бишкек"}}, {"type": "Feature", "geometry": {"type": "Point", "coordinates": [74.675328, 42.927622]}, "properties": {"id": 350, "price": 715000.0, "city": "Бишкек"}}, {"type": "Feature", "geometry": {"type": "Point", "coordinates": [74.456548, 42.960393]}, "properties": {"id": 351, "price": 3554000.0, "city": "Бишкек"}}, {"type": "Feature", "geometry": {"type": "Point", "coordinates": [74.723737, 42.79895]}, "properties": {"id": 352, "price": 1837000.0, "city": "Бишкек"}}, {"type": "Feature", "geometry": {"type": "Point", "coordinates": [74.615019, 42.930205]}, "properties": {"id": 353, "price": 6074000.0, "city": "Бишкек"}}, {"type": "Feature", "geometry": {"type": "Point", "coordinates": [74.618351, 42.978228]}, "properties": {"id": 354, "price": 3428000.0, "city": "Бишкек"}}, {"type": "Feature", "geometry": {"type": "Point", "coordinates": [74.649164, 42.868663]}, "properties": {"id": 355, "price": 5537000.0, "city": "Бишкек"}}, {"type": "Feature", "geometry": {"type": "Point", "coordinates": [74.738963, 42.86529]}, "properties": {"id": 356, "price": 5351000.0, "city": "Бишкек"}}, {"type": "Feature", "geometry": {"type": "Point", "coordinates": [74.426856, 42.662573]}, "properties": {"id": 357, "price": 639000.0, "city": "Бишкек"}}, {"type": "Feature", "geometry": {"type": "Point", "coordinates": [74.63424, 42.785322]}, "properties": {"id": 358, "price": 15539000.0, "city": "Бишкек"}}, {"type": "Feature", "geometry": {"type": "Point", "coordinates": [74.634156, 42.713068]}, "properties": {"id": 359, "price": 706000.0, "city": "Бишкек"}}, {"type": "Feature", "geometry": {"type": "Point", "coordinates": [74.436537, 42.82235]}, "properties": {"id": 360, "price": 2470000.0, "city": "Бишкек"}}, {"type": "Feature", "geometry": {"type": "Point", "coordinates": [74.461804, 42.908592]}, "properties": {"id": 361, "price": 7057000.0, "city": "Бишкек"}}, {"type": "Feature", "geometry": {"type": "Point", "coordinates": [74.771807, 42.941418]}, "properties": {"id": 362, "price": 4467000.0, "city": "Бишкек"}}, {"type": "Feature", "geometry": {"type": "Point", "coordinates": [74.676395, 42.892729]}, "properties": {"id": 363, "price": 2840000.0, "city": "Бишкек"}}, {"type": "Feature", "geometry": {"type": "Point", "coordinates": [74.312902, 42.84558]}, "properties": {"id": 364, "price": 4267000.0, "city": "Бишкек"}}, {"type": "Feature", "geometry": {"type": "Point", "coordinates": [74.613547, 42.809486]}, "properties": {"id": 365, "price": 6904000.0, "city": "Бишкек"}}, {"type": "Feature", "geometry": {"type": "Point", "coordinates": [74.671934, 42.807526]}, "properties": {"id": 366, "price": 1483000.0, "city": "Бишкек"}}, {"type": "Feature", "geometry": {"type": "Point", "coordinates": [74.738931, 42.769069]}, "properties": {"id": 367, "price": 12640000.0, "city": "Бишкек"}}, {"type": "Feature", "geometry": {"type": "Point", "coordinates": [74.727704, 42.855355]}, "properties": {"id": 368, "price": 7622000.0, "city": "Бишкек"}}, {"type": "Feature", "geometry": {"type": "Point", "coordinates": [74.433784, 42.852885]}, "properties": {"id": 369, "price": 8947000.0, "city": "Бишкек"}}, {"type": "Feature", "geometry": {"type": "Point", "coordinates": [74.463508, 42.763027]}, "properties": {"id": 370, "price": 4606000.0, "city": "Бишкек"}}, {"type": "Feature", "geometry": {"type": "Point", "coordinates": [74.74105, 42.945509]}, "properties": {"id": 371, "price": 2046000.0, "city": "Бишкек"}}, {"type": "Feature", "geometry": {"type": "Point", "coordinates": [74.475394, 42.943102]}, "properties": {"id": 372, "price": 3212000.0, "city": "Бишкек"}}, {"type": "Feature", "geometry": {"type": "Point", "coordinates": [74.676046, 42.806642]}, "properties": {"id": 373, "price": 30982000.0, "city": "Бишкек"}}, {"type": "Feature", "geometry": {"type": "Point", "coordinates": [74.85338, 42.844174]}, "properties": {"id": 374, "price": 2130000.0, "city": "Бишкек"}}, {"type": "Feature", "geometry": {"type": "Point", "coordinates": [74.494787, 43.010662]}, "properties": {"id": 375, "price": 7764000.0, "city": "Бишкек"}}, {"type": "Feature", "geometry": {"type": "Point", "coordinates": [74.697532, 42.981495]}, "properties": {"id": 376, "price": 8418000.0, "city": "Бишкек"}}, {"type": "Feature", "geometry": {"type": "Point", "coordinates": [74.770568, 42.945787]}, "properties": {"id": 377, "price": 4914000.0, "city": "Бишкек"}}, {"type": "Feature", "geometry": {"type": "Point", "coordinates": [74.487871, 42.818703]}, "properties": {"id": 378, "price": 7744000.0, "city": "Бишкек"}}, {"type": "Feature", "geometry": {"type": "Point", "coordinates": [74.494471, 42.996833]}, "properties": {"id": 379, "price": 5647000.0, "city": "Бишкек"}}, {"type": "Feature", "geometry": {"type": "Point", "coordinates": [74.496103, 42.961161]}, "properties": {"id": 380, "price": 872000.0, "city": "Бишкек"}}, {"type": "Feature", "geometry": {"type": "Point", "coordinates": [74.601631, 42.757497]}, "properties": {"id": 381, "price": 5808000.0, "city": "Бишкек"}}, {"type": "Feature", "geometry": {"type": "Point", "coordinates": [74.606459, 42.95204]}, "properties": {"id": 382, "price": 7982000.0, "city": "Бишкек"}}, {"type": "Feature", "geometry": {"type": "Point", "coordinates": [74.562803, 43.091886]}, "properties": {"id": 383, "price": 3613000.0, "city": "Бишкек"}}, {"type": "Feature", "geometry": {"type": "Point", "coordinates": [74.678238, 42.78702]}, "properties": {"id": 384, "price": 13341000.0, "city": "Бишкек"}}, {"type": "Feature", "geometry": {"type": "Point", "coordinates": [74.74111, 42.953921]}, "properties": {"id": 385, "price": 11835000.0, "city": "Бишкек"}}, {"type": "Feature", "geometry": {"type": "Point", "coordinates": [74.591143, 42.904591]}, "properties": {"id": 386, "price": 7457000.0, "city": "Бишкек"}}, {"type": "Feature", "geometry": {"type": "Point", "coordinates": [74.706007, 42.747782]}, "properties": {"id": 387, "price": 45508000.0, "city": "Бишкек"}}, {"type": "Feature", "geometry": {"type": "Point", "coordinates": [74.644526, 42.759834]}, "properties": {"id": 388, "price": 1082000.0, "city": "Бишкек"}}, {"type": "Feature", "geometry": {"type": "Point", "coordinates": [74.725837, 43.010007]}, "properties": {"id": 389, "price": 1930000.0, "city": "Бишкек"}}, {"type": "Feature", "geometry": {"type": "Point", "coordinates": [74.489584, 43.006977]}, "properties": {"id": 390, "price": 6060000.0, "city": "Бишкек"}}, {"type": "Feature", "geometry": {"type": "Point", "coordinates": [74.685911, 42.918956]}, "properties": {"id": 391, "price": 48755000.0, "city": "Бишкек"}}, {"type": "Feature", "geometry": {"type": "Point", "coordinates": [74.443193, 42.847074]}, "properties": {"id": 392, "price": 8885000.0, "city": "Бишкек"}}, {"type": "Feature", "geometry": {"type": "Point", "coordinates": [74.753445, 42.849839]}, "properties": {"id": 393, "price": 6401000.0, "city": "Бишкек"}}, {"type": "Feature", "geometry": {"type": "Point", "coordinates": [74.497431, 43.044589]}, "properties": {"id": 394, "price": 15678000.0, "city": "Бишкек"}}, {"type": "Feature", "geometry": {"type": "Point", "coordinates": [74.720139, 43.111525]}, "properties": {"id": 395, "price": 7554000.0, "city": "Бишкек"}}, {"type": "Feature", "geometry": {"type": "Point", "coordinates": [74.660603, 42.892168]}, "properties": {"id": 396, "price": 995000.0, "city": "Бишкек"}}, {"type": "Feature", "geometry": {"type": "Point", "coordinates": [74.5429, 43.015699]}, "properties": {"id": 397, "price": 2858000.0, "city": "Бишкек"}}, {"type": "Feature", "geometry": {"type": "Point", "coordinates": [74.764969, 42.755986]}, "properties": {"id": 398, "price": 2124000.0, "city": "Бишкек"}}, {"type": "Feature", "geometry": {"type": "Point", "coordinates": [74.563101, 42.858359]}, "properties": {"id": 399, "price": 1880000.0, "city": "Бишкек"}}, {"type": "Feature", "geometry": {"type": "Point", "coordinates": [74.551432, 42.873617]}, "properties": {"id": 400, "price": 26168000.0, "city": "Бишкек"}}, {"type": "Feature", "geometry": {"type": "Point", "coordinates": [74.525557, 42.740445]}, "properties": {"id": 401, "price": 7213000.0, "city": "Бишкек"}}, {"type": "Feature", "geometry": {"type": "Point", "coordinates": [74.440145, 42.801912]}, "properties": {"id": 402, "price": 709000.0, "city": "Бишкек"}}, {"type": "Feature", "geometry": {"type": "Point", "coordinates": [74.529537, 42.772798]}, "properties": {"id": 403, "price": 6835000.0, "city": "Бишкек"}}, {"type": "Feature", "geometry": {"type": "Point", "coordinates": [74.488612, 42.946036]}, "properties": {"id": 404, "price": 6136000.0, "city": "Бишкек"}}, {"type": "Feature", "geometry": {"type": "Point", "coordinates": [74.550395, 43.117394]}, "properties": {"id": 405, "price": 7023000.0, "city": "Бишкек"}}, {"type": "Feature", "geometry": {"type": "Point", "coordinates": [74.578825, 42.797487]}, "properties": {"id": 406, "price": 744000.0, "city": "Бишкек"}}, {"type": "Feature", "geometry": {"type": "Point", "coordinates": [74.505309, 42.917228]}, "properties": {"id": 407, "price": 2056000.0, "city": "Бишкек"}}, {"type": "Feature", "geometry": {"type": "Point", "coordinates": [74.551203, 43.021644]}, "properties": {"id": 408, "price": 18329000.0, "city": "Бишкек"}}, {"type": "Feature", "geometry": {"type": "Point", "coordinates": [74.66451, 42.866441]}, "properties": {"id": 409, "price": 5808000.0, "city": "Бишкек"}}, {"type": "Feature", "geometry": {"type": "Point", "coordinates": [74.565037, 42.976289]}, "properties": {"id": 410, "price": 1195000.0, "city": "Бишкек"}}, {"type": "Feature", "geometry": {"type": "Point", "coordinates": [74.680148, 42.921917]}, "properties": {"id": 411, "price": 6077000.0, "city": "Бишкек"}}, {"type": "Feature", "geometry": {"type": "Point", "coordinates": [74.614376, 43.074826]}, "properties": {"id": 412, "price": 1386000.0, "city": "Бишкек"}}, {"type": "Feature", "geometry": {"type": "Point", "coordinates": [74.535711, 42.833986]}, "properties": {"id": 413, "price": 13979000.0, "city": "Бишкек"}}, {"type": "Feature", "geometry": {"type": "Point", "coordinates": [74.495172, 42.863742]}, "properties": {"id": 414, "price": 656000.0, "city": "Бишкек"}}, {"type": "Feature", "geometry": {"type": "Point", "coordinates": [74.72391, 42.834566]}, "properties": {"id": 415, "price": 28606000.0, "city": "Бишкек"}}, {"type": "Feature", "geometry": {"type": "Point", "coordinates": [74.592799, 42.900307]}, "properties": {"id": 416, "price": 7412000.0, "city": "Бишкек"}}, {"type": "Feature", "geometry": {"type": "Point", "coordinates": [74.548374, 42.781616]}, "properties": {"id": 417, "price": 7236000.0, "city": "Бишкек"}}, {"type": "Feature", "geometry": {"type": "Point", "coordinates": [74.424456, 42.961612]}, "properties": {"id": 418, "price": 17166000.0, "city": "Бишкек"}}, {"type": "Feature", "geometry": {"type": "Point", "coordinates": [74.544848, 42.950095]}, "properties": {"id": 419, "price": 3973000.0, "city": "Бишкек"}}, {"type": "Feature", "geometry": {"type": "Point", "coordinates": [74.575282, 42.861772]}, "properties": {"id": 420, "price": 6822000.0, "city": "Бишкек"}}, {"type": "Feature", "geometry": {"type": "Point", "coordinates": [74.556391, 43.169978]}, "properties": {"id": 421, "price": 3594000.0, "city": "Бишкек"}}, {"type": "Feature", "geometry": {"type": "Point", "coordinates": [74.711048, 42.858997]}, "properties": {"id": 422, "price": 12069000.0, "city": "Бишкек"}}, {"type": "Feature", "geometry": {"type": "Point", "coordinates": [74.767723, 42.811833]}, "properties": {"id": 423, "price": 1822000.0, "city": "Бишкек"}}, {"type": "Feature", "geometry": {"type": "Point", "coordinates": [74.58175, 42.874585]}, "properties": {"id": 424, "price": 1399000.0, "city": "Бишкек"}}, {"type": "Feature", "geometry": {"type": "Point", "coordinates": [74.50319, 42.892748]}, "properties": {"id": 425, "price": 5578000.0, "city": "Бишкек"}}, {"type": "Feature", "geometry": {"type": "Point", "coordinates": [74.547361, 42.996198]}, "properties": {"id": 426, "price": 2977000.0, "city": "Бишкек"}}, {"type": "Feature", "geometry": {"type": "Point", "coordinates": [74.606545, 42.790459]}, "properties": {"id": 427, "price": 2588000.0, "city": "Бишкек"}}, {"type": "Feature", "geometry": {"type": "Point", "coordinates": [74.458362, 42.842903]}, "properties": {"id": 428, "price": 2558000.0, "city": "Бишкек"}}, {"type": "Feature", "geometry": {"type": "Point", "coordinates": [74.510866, 42.984766]}, "properties": {"id": 429, "price": 43348000.0, "city": "Бишкек"}}, {"type": "Feature", "geometry": {"type": "Point", "coordinates": [74.65875, 42.720729]}, "properties": {"id": 430, "price": 3133000.0, "city": "Бишкек"}}, {"type": "Feature", "geometry": {"type": "Point", "coordinates": [74.354242, 42.916138]}, "properties": {"id": 431, "price": 17314000.0, "city": "Бишкек"}}, {"type": "Feature", "geometry": {"type": "Point", "coordinates": [74.470972, 42.799671]}, "properties": {"id": 432, "price": 3853000.0, "city": "Бишкек"}}, {"type": "Feature", "geometry": {"type": "Point", "coordinates": [74.516388, 42.773814]}, "properties": {"id": 433, "price": 9773000.0, "city": "Бишкек"}}, {"type": "Feature", "geometry": {"type": "Point", "coordinates": [74.60152, 42.851632]}, "properties": {"id": 434, "price": 24396000.0, "city": "Бишкек"}}, {"type": "Feature", "geometry": {"type": "Point", "coordinates": [74.698354, 42.8849]}, "properties": {"id": 435, "price": 2257000.0, "city": "Бишкек"}}, {"type": "Feature", "geometry": {"type": "Point", "coordinates": [74.466152, 42.9668]}, "properties": {"id": 436, "price": 54913000.0, "city": "Бишкек"}}, {"type": "Feature", "geometry": {"type": "Point", "coordinates": [74.609013, 42.83888]}, "properties": {"id": 437, "price": 1098000.0, "city": "Бишкек"}}, {"type": "Feature", "geometry": {"type": "Point", "coordinates": [74.54527, 43.005856]}, "properties": {"id": 438, "price": 4569000.0, "city": "Бишкек"}}, {"type": "Feature", "geometry": {"type": "Point", "coordinates": [74.714559, 43.069944]}, "properties": {"id": 439, "price": 1450000.0, "city": "Бишкек"}}, {"type": "Feature", "geometry": {"type": "Point", "coordinates": [74.634204, 42.716356]}, "properties": {"id": 440, "price": 6467000.0, "city": "Бишкек"}}, {"type": "Feature", "geometry": {"type": "Point", "coordinates": [74.561868, 42.832921]}, "properties": {"id": 441, "price": 1939000.0, "city": "Бишкек"}}, {"type": "Feature", "geometry": {"type": "Point", "coordinates": [74.654448, 43.139906]}, "properties": {"id": 442, "price": 1294000.0, "city": "Бишкек"}}, {"type": "Feature", "geometry": {"type": "Point", "coordinates": [74.653641, 43.025257]}, "properties": {"id": 443, "price": 1437000.0, "city": "Бишкек"}}, {"type": "Feature", "geometry": {"type": "Point", "coordinates": [74.775107, 42.802519]}, "properties": {"id": 444, "price": 892000.0, "city": "Бишкек"}}, {"type": "Feature", "geometry": {"type": "Point", "coordinates": [74.568722, 42.787076]}, "properties": {"id": 445, "price": 52735000.0, "city": "Бишкек"}}, {"type": "Feature", "geometry": {"type": "Point", "coordinates": [74.785609, 42.823757]}, "properties": {"id": 446, "price": 1290000.0, "city": "Бишкек"}}, {"type": "Feature", "geometry": {"type": "Point", "coordinates": [74.591598, 42.784713]}, "properties": {"id": 447, "price": 4282000.0, "city": "Бишкек"}}, {"type": "Feature", "geometry": {"type": "Point", "coordinates": [74.545589, 42.883407]}, "properties": {"id": 448, "price": 7665000.0, "city": "Бишкек"}}, {"type": "Feature", "geometry": {"type": "Point", "coordinates": [74.594169, 42.823336]}, "properties": {"id": 449, "price": 5934000.0, "city": "Бишкек"}}, {"type": "Feature", "geometry": {"type": "Point", "coordinates": [74.619252, 43.023306]}, "properties": {"id": 450, "price": 6190000.0, "city": "Бишкек"}}, {"type": "Feature", "geometry": {"type": "Point", "coordinates": [74.709905, 42.908046]}, "properties": {"id": 451, "price": 9207000.0, "city": "Бишкек"}}, {"type": "Feature", "geometry": {"type": "Point", "coordinates": [74.613526, 42.864494]}, "properties": {"id": 452, "price": 7645000.0, "city": "Бишкек"}}, {"type": "Feature", "geometry": {"type": "Point", "coordinates": [74.417241, 43.003706]}, "properties": {"id": 453, "price": 13729000.0, "city": "Бишкек"}}, {"type": "Feature", "geometry": {"type": "Point", "coordinates": [74.692688, 43.119465]}, "properties": {"id": 454, "price": 2150000.0, "city": "Бишкек"}}, {"type": "Feature", "geometry": {"type": "Point", "coordinates": [74.648451, 42.85093]}, "properties": {"id": 455, "price": 5676000.0, "city": "Бишкек"}}, {"type": "Feature", "geometry": {"type": "Point", "coordinates": [74.572709, 42.643022]}, "properties": {"id": 456, "price": 27003000.0, "city": "Бишкек"}}, {"type": "Feature", "geometry": {"type": "Point", "coordinates": [74.658124, 42.832677]}, "properties": {"id": 457, "price": 59887000.0, "city": "Бишкек"}}, {"type": "Feature", "geometry": {"type": "Point", "coordinates": [74.518894, 42.945121]}, "properties": {"id": 458, "price": 58485000.0, "city": "Бишкек"}}, {"type": "Feature", "geometry": {"type": "Point", "coordinates": [74.795121, 42.782897]}, "properties": {"id": 459, "price": 1963000.0, "city": "Бишкек"}}, {"type": "Feature", "geometry": {"type": "Point", "coordinates": [74.8352, 43.052799]}, "properties": {"id": 460, "price": 2974000.0, "city": "Бишкек"}}, {"type": "Feature", "geometry": {"type": "Point", "coordinates": [74.499784, 42.843238]}, "properties": {"id": 461, "price": 54042000.0, "city": "Бишкек"}}, {"type": "Feature", "geometry": {"type": "Point", "coordinates": [74.548065, 42.887663]}, "properties": {"id": 462, "price": 990000.0, "city": "Бишкек"}}, {"type": "Feature", "geometry": {"type": "Point", "coordinates": [74.53763, 42.894289]}, "properties": {"id": 463, "price": 2368000.0, "city": "Бишкек"}}, {"type": "Feature", "geometry": {"type": "Point", "coordinates": [74.645016, 42.749302]}, "properties": {"id": 464, "price": 10106000.0, "city": "Бишкек"}}, {"type": "Feature", "geometry": {"type": "Point", "coordinates": [74.744103, 42.707058]}, "properties": {"id": 465, "price": 14183000.0, "city": "Бишкек"}}, {"type": "Feature", "geometry": {"type": "Point", "coordinates": [74.739406, 42.951716]}, "properties": {"id": 466, "price": 937000.0, "city": "Бишкек"}}, {"type": "Feature", "geometry": {"type": "Point", "coordinates": [74.578512, 42.942178]}, "properties": {"id": 467, "price": 1165000.0, "city": "Бишкек"}}, {"type": "Feature", "geometry": {"type": "Point", "coordinates": [74.618058, 42.626481]}, "properties": {"id": 468, "price": 2335000.0, "city": "Бишкек"}}, {"type": "Feature", "geometry": {"type": "Point", "coordinates": [74.757454, 42.885055]}, "properties": {"id": 469, "price": 3311000.0, "city": "Бишкек"}}, {"type": "Feature", "geometry": {"type": "Point", "coordinates": [74.675256, 42.932504]}, "properties": {"id": 470, "price": 5513000.0, "city": "Бишкек"}}, {"type": "Feature", "geometry": {"type": "Point", "coordinates": [74.73549, 42.779114]}, "properties": {"id": 471, "price": 882000.0, "city": "Бишкек"}}, {"type": "Feature", "geometry": {"type": "Point", "coordinates": [74.684475, 42.832546]}, "properties": {"id": 472, "price": 4096000.0, "city": "Бишкек"}}, {"type": "Feature", "geometry": {"type": "Point", "coordinates": [74.650723, 42.917512]}, "properties": {"id": 473, "price": 15269000.0, "city": "Бишкек"}}, {"type": "Feature", "geometry": {"type": "Point", "coordinates": [74.503201, 42.938282]}, "properties": {"id": 474, "price": 5688000.0, "city": "Бишкек"}}, {"type": "Feature", "geometry": {"type": "Point", "coordinates": [74.57612, 42.814377]}, "properties": {"id": 475, "price": 2411000.0, "city": "Бишкек"}}, {"type": "Feature", "geometry": {"type": "Point", "coordinates": [74.641082, 42.845033]}, "properties": {"id": 476, "price": 6519000.0, "city": "Бишкек"}}, {"type": "Feature", "geometry": {"type": "Point", "coordinates": [74.72587, 42.935338]}, "properties": {"id": 477, "price": 1914000.0, "city": "Бишкек"}}, {"type": "Feature", "geometry": {"type": "Point", "coordinates": [74.481873, 42.870105]}, "properties": {"id": 478, "price": 1387000.0, "city": "Бишкек"}}, {"type": "Feature", "geometry": {"type": "Point", "coordinates": [74.562892, 42.868263]}, "properties": {"id": 479, "price": 2000000.0, "city": "Бишкек"}}, {"type": "Feature", "geometry": {"type": "Point", "coordinates": [74.712724, 42.939232]}, "properties": {"id": 480, "price": 13441000.0, "city": "Бишкек"}}, {"type": "Feature", "geometry": {"type": "Point", "coordinates": [74.502104, 42.865415]}, "properties": {"id": 481, "price": 1710000.0, "city": "Бишкек"}}, {"type": "Feature", "geometry": {"type": "Point", "coordinates": [74.66831, 42.724444]}, "properties": {"id": 482, "price": 7082000.0, "city": "Бишкек"}}, {"type": "Feature", "geometry": {"type": "Point", "coordinates": [74.608736, 42.743231]}, "properties": {"id": 483, "price": 1427000.0, "city": "Бишкек"}}, {"type": "Feature", "geometry": {"type": "Point", "coordinates": [74.907346, 42.9996]}, "properties": {"id": 484, "price": 22761000.0, "city": "Бишкек"}}, {"type": "Feature", "geometry": {"type": "Point", "coordinates": [74.63543, 42.864335]}, "properties": {"id": 485, "price": 6845000.0, "city": "Бишкек"}}, {"type": "Feature", "geometry": {"type": "Point", "coordinates": [74.639686, 42.599129]}, "properties": {"id": 486, "price": 5102000.0, "city": "Бишкек"}}, {"type": "Feature", "geometry": {"type": "Point", "coordinates": [74.710289, 42.870194]}, "properties": {"id": 487, "price": 18881000.0, "city": "Бишкек"}}, {"type": "Feature", "geometry": {"type": "Point", "coordinates": [74.504621, 42.981309]}, "properties": {"id": 488, "price": 5697000.0, "city": "Бишкек"}}, {"type": "Feature", "geometry": {"type": "Point", "coordinates": [74.559533, 42.798618]}, "properties": {"id": 489, "price": 1889000.0, "city": "Бишкек"}}, {"type": "Feature", "geometry": {"type": "Point", "coordinates": [74.453508, 42.845522]}, "properties": {"id": 490, "price": 608000.0, "city": "Бишкек"}}, {"type": "Feature", "geometry": {"type": "Point", "coordinates": [74.695526, 42.886585]}, "properties": {"id": 491, "price": 5722000.0, "city": "Бишкек"}}, {"type": "Feature", "geometry": {"type": "Point", "coordinates": [74.429729, 42.837489]}, "properties": {"id": 492, "price": 1431000.0, "city": "Бишкек"}}, {"type": "Feature", "geometry": {"type": "Point", "coordinates": [74.574423, 43.10697]}, "properties": {"id": 493, "price": 9354000.0, "city": "Бишкек"}}, {"type": "Feature", "geometry": {"type": "Point", "coordinates": [74.65026, 42.777544]}, "properties": {"id": 494, "price": 18605000.0, "city": "Бишкек"}}, {"type": "Feature", "geometry": {"type": "Point", "coordinates": [74.679809, 42.881268]}, "properties": {"id": 495, "price": 681000.0, "city": "Бишкек"}}, {"type": "Feature", "geometry": {"type": "Point", "coordinates": [74.484824, 42.784738]}, "properties": {"id": 496, "price": 2377000.0, "city": "Бишкек"}}, {"type": "Feature", "geometry": {"type": "Point", "coordinates": [74.552474, 42.916708]}, "properties": {"id": 497, "price": 2673000.0, "city": "Бишкек"}}, {"type": "Feature", "geometry": {"type": "Point", "coordinates": [74.723235, 42.915717]}, "properties": {"id": 498, "price": 2558000.0, "city": "Бишкек"}}, {"type": "Feature", "geometry": {"type": "Point", "coordinates": [74.602045, 42.787549]}, "properties": {"id": 499, "price": 6363000.0, "city": "Бишкек"}}, {"type": "Feature", "geometry": {"type": "Point", "coordinates": [74.575791, 42.95114]}, "properties": {"id": 500, "price": 2185000.0, "city": "Бишкек"}}, {"type": "Feature", "geometry": {"type": "Point", "coordinates": [74.627498, 42.957749]}, "properties": {"id": 501, "price": 2876000.0, "city": "Бишкек"}}, {"type": "Feature", "geometry": {"type": "Point", "coordinates": [74.772488, 42.723536]}, "properties": {"id": 502, "price": 5136000.0, "city": "Бишкек"}}, {"type": "Feature", "geometry": {"type": "Point", "coordinates": [74.344497, 42.881968]}, "properties": {"id": 503, "price": 46854000.0, "city": "Бишкек"}}, {"type": "Feature", "geometry": {"type": "Point", "coordinates": [74.631744, 42.789195]}, "properties": {"id": 504, "price": 3746000.0, "city": "Бишкек"}}, {"type": "Feature", "geometry": {"type": "Point", "coordinates": [74.492622, 42.992003]}, "properties": {"id": 505, "price": 7247000.0, "city": "Бишкек"}}, {"type": "Feature", "geometry": {"type": "Point", "coordinates": [74.563052, 43.023514]}, "properties": {"id": 506, "price": 18977000.0, "city": "Бишкек"}}, {"type": "Feature", "geometry": {"type": "Point", "coordinates": [74.36996, 42.774464]}, "properties": {"id": 507, "price": 3670000.0, "city": "Бишкек"}}, {"type": "Feature", "geometry": {"type": "Point", "coordinates": [74.615225, 42.94196]}, "properties": {"id": 508, "price": 7611000.0, "city": "Бишкек"}}, {"type": "Feature", "geometry": {"type": "Point", "coordinates": [74.637446, 42.838502]}, "properties": {"id": 509, "price": 10286000.0, "city": "Бишкек"}}, {"type": "Feature", "geometry": {"type": "Point", "coordinates": [74.594879, 43.023251]}, "properties": {"id": 510, "price": 7368000.0, "city": "Бишкек"}}, {"type": "Feature", "geometry": {"type": "Point", "coordinates": [74.67636, 43.031341]}, "properties": {"id": 511, "price": 14706000.0, "city": "Бишкек"}}, {"type": "Feature", "geometry": {"type": "Point", "coordinates": [74.412088, 42.900654]}, "properties": {"id": 512, "price": 2897000.0, "city": "Бишкек"}}, {"type": "Feature", "geometry": {"type": "Point", "coordinates": [74.84636, 42.89723]}, "properties": {"id": 513, "price": 24693000.0, "city": "Бишкек"}}, {"type": "Feature", "geometry": {"type": "Point", "coordinates": [74.72638, 42.874293]}, "properties": {"id": 514, "price": 2051000.0, "city": "Бишкек"}}, {"type": "Feature", "geometry": {"type": "Point", "coordinates": [74.674818, 43.087698]}, "properties": {"id": 515, "price": 6878000.0, "city": "Бишкек"}}, {"type": "Feature", "geometry": {"type": "Point", "coordinates": [74.521809, 42.958778]}, "properties": {"id": 516, "price": 4308000.0, "city": "Бишкек"}}, {"type": "Feature", "geometry": {"type": "Point", "coordinates": [74.495301, 42.865166]}, "properties": {"id": 517, "price": 2955000.0, "city": "Бишкек"}}, {"type": "Feature", "geometry": {"type": "Point", "coordinates": [74.424347, 42.911059]}, "properties": {"id": 518, "price": 34828000.0, "city": "Бишкек"}}, {"type": "Feature", "geometry": {"type": "Point", "coordinates": [74.501962, 42.940799]}, "properties": {"id": 519, "price": 950000.0, "city": "Бишкек"}}, {"type": "Feature", "geometry": {"type": "Point", "coordinates": [74.596395, 43.107717]}, "properties": {"id": 520, "price": 5088000.0, "city": "Бишкек"}}, {"type": "Feature", "geometry": {"type": "Point", "coordinates": [74.663689, 42.947774]}, "properties": {"id": 521, "price": 7167000.0, "city": "Бишкек"}}, {"type": "Feature", "geometry": {"type": "Point", "coordinates": [74.466388, 42.87524]}, "properties": {"id": 522, "price": 4287000.0, "city": "Бишкек"}}, {"type": "Feature", "geometry": {"type": "Point", "coordinates": [74.725525, 42.639895]}, "properties": {"id": 523, "price": 5453000.0, "city": "Бишкек"}}, {"type": "Feature", "geometry": {"type": "Point", "coordinates": [74.69969, 43.029642]}, "properties": {"id": 524, "price": 2329000.0, "city": "Бишкек"}}, {"type": "Feature", "geometry": {"type": "Point", "coordinates": [74.389745, 42.89096]}, "properties": {"id": 525, "price": 6209000.0, "city": "Бишкек"}}, {"type": "Feature", "geometry": {"type": "Point", "coordinates": [74.636667, 42.884062]}, "properties": {"id": 526, "price": 19342000.0, "city": "Бишкек"}}, {"type": "Feature", "geometry": {"type": "Point", "coordinates": [74.528626, 42.726537]}, "properties": {"id": 527, "price": 7213000.0, "city": "Бишкек"}}, {"type": "Feature", "geometry": {"type": "Point", "coordinates": [74.630442, 43.030261]}, "properties": {"id": 528, "price": 1814000.0, "city": "Бишкек"}}, {"type": "Feature", "geometry": {"type": "Point", "coordinates": [74.515238, 42.973779]}, "properties": {"id": 529, "price": 6083000.0, "city": "Бишкек"}}, {"type": "Feature", "geometry": {"type": "Point", "coordinates": [74.497159, 42.886786]}, "properties": {"id": 530, "price": 1924000.0, "city": "Бишкек"}}, {"type": "Feature", "geometry": {"type": "Point", "coordinates": [74.734643, 42.883734]}, "properties": {"id": 531, "price": 2946000.0, "city": "Бишкек"}}, {"type": "Feature", "geometry": {"type": "Point", "coordinates": [74.794304, 42.894291]}, "properties": {"id": 532, "price": 7031000.0, "city": "Бишкек"}}, {"type": "Feature", "geometry": {"type": "Point", "coordinates": [74.652336, 42.849049]}, "properties": {"id": 533, "price": 957000.0, "city": "Бишкек"}}, {"type": "Feature", "geometry": {"type": "Point", "coordinates": [74.655828, 42.988823]}, "properties": {"id": 534, "price": 11208000.0, "city": "Бишкек"}}, {"type": "Feature", "geometry": {"type": "Point", "coordinates": [74.535145, 42.932913]}, "properties": {"id": 535, "price": 5825000.0, "city": "Бишкек"}}, {"type": "Feature", "geometry": {"type": "Point", "coordinates": [74.683619, 42.870212]}, "properties": {"id": 536, "price": 7239000.0, "city": "Бишкек"}}, {"type": "Feature", "geometry": {"type": "Point", "coordinates": [74.499804, 42.712007]}, "properties": {"id": 537, "price": 9122000.0, "city": "Бишкек"}}, {"type": "Feature", "geometry": {"type": "Point", "coordinates": [74.520134, 42.961861]}, "properties": {"id": 538, "price": 623000.0, "city": "Бишкек"}}, {"type": "Feature", "geometry": {"type": "Point", "coordinates": [74.668012, 42.978245]}, "properties": {"id": 539, "price": 6922000.0, "city": "Бишкек"}}, {"type": "Feature", "geometry": {"type": "Point", "coordinates": [74.431306, 42.795162]}, "properties": {"id": 540, "price": 1868000.0, "city": "Бишкек"}}, {"type": "Feature", "geometry": {"type": "Point", "coordinates": [74.678674, 42.892808]}, "properties": {"id": 541, "price": 18651000.0, "city": "Бишкек"}}, {"type": "Feature", "geometry": {"type": "Point", "coordinates": [74.581684, 42.879335]}, "properties": {"id": 542, "price": 2821000.0, "city": "Бишкек"}}, {"type": "Feature", "geometry": {"type": "Point", "coordinates": [74.716043, 42.798465]}, "properties": {"id": 543, "price": 2829000.0, "city": "Бишкек"}}, {"type": "Feature", "geometry": {"type": "Point", "coordinates": [74.511608, 43.109136]}, "properties": {"id": 544, "price": 6761000.0, "city": "Бишкек"}}, {"type": "Feature", "geometry": {"type": "Point", "coordinates": [74.5888, 42.776558]}, "properties": {"id": 545, "price": 990000.0, "city": "Бишкек"}}, {"type": "Feature", "geometry": {"type": "Point", "coordinates": [74.623551, 43.063981]}, "properties": {"id": 546, "price": 7483000.0, "city": "Бишкек"}}, {"type": "Feature", "geometry": {"type": "Point", "coordinates": [74.529735, 43.020816]}, "properties": {"id": 547, "price": 2972000.0, "city": "Бишкек"}}, {"type": "Feature", "geometry": {"type": "Point", "coordinates": [74.593149, 42.758274]}, "properties": {"id": 548, "price": 22148000.0, "city": "Бишкек"}}, {"type": "Feature", "geometry": {"type": "Point", "coordinates": [74.435915, 42.948154]}, "properties": {"id": 549, "price": 2446000.0, "city": "Бишкек"}}, {"type": "Feature", "geometry": {"type": "Point", "coordinates": [74.708716, 42.846466]}, "properties": {"id": 550, "price": 8356000.0, "city": "Бишкек"}}, {"type": "Feature", "geometry": {"type": "Point", "coordinates": [74.566461, 43.184431]}, "properties": {"id": 551, "price": 4779000.0, "city": "Бишкек"}}, {"type": "Feature", "geometry": {"type": "Point", "coordinates": [74.711347, 42.836166]}, "properties": {"id": 552, "price": 6303000.0, "city": "Бишкек"}}, {"type": "Feature", "geometry": {"type": "Point", "coordinates": [74.731404, 42.9458]}, "properties": {"id": 553, "price": 16557000.0, "city": "Бишкек"}}, {"type": "Feature", "geometry": {"type": "Point", "coordinates": [74.662558, 42.90313]}, "properties": {"id": 554, "price": 15607000.0, "city": "Бишкек"}}, {"type": "Feature", "geometry": {"type": "Point", "coordinates": [74.606532, 42.787516]}, "properties": {"id": 555, "price": 612000.0, "city": "Бишкек"}}, {"type": "Feature", "geometry": {"type": "Point", "coordinates": [74.578384, 42.962802]}, "properties": {"id": 556, "price": 918000.0, "city": "Бишкек"}}, {"type": "Feature", "geometry": {"type": "Point", "coordinates": [74.65404, 42.975417]}, "properties": {"id": 557, "price": 5040000.0, "city": "Бишкек"}}, {"type": "Feature", "geometry": {"type": "Point", "coordinates": [74.704399, 42.889953]}, "properties": {"id": 558, "price": 2035000.0, "city": "Бишкек"}}, {"type": "Feature", "geometry": {"type": "Point", "coordinates": [74.567732, 42.962651]}, "properties": {"id": 559, "price": 1531000.0, "city": "Бишкек"}}, {"type": "Feature", "geometry": {"type": "Point", "coordinates": [74.797576, 42.983759]}, "properties": {"id": 560, "price": 59127000.0, "city": "Бишкек"}}, {"type": "Feature", "geometry": {"type": "Point", "coordinates": [74.557363, 42.847966]}, "properties": {"id": 561, "price": 3694000.0, "city": "Бишкек"}}, {"type": "Feature", "geometry": {"type": "Point", "coordinates": [74.575389, 42.985211]}, "properties": {"id": 562, "price": 1643000.0, "city": "Бишкек"}}, {"type": "Feature", "geometry": {"type": "Point", "coordinates": [74.510979, 42.929337]}, "properties": {"id": 563, "price": 1204000.0, "city": "Бишкек"}}, {"type": "Feature", "geometry": {"type": "Point", "coordinates": [74.615201, 43.014633]}, "properties": {"id": 564, "price": 3978000.0, "city": "Бишкек"}}, {"type": "Feature", "geometry": {"type": "Point", "coordinates": [74.678906, 42.927679]}, "properties": {"id": 565, "price": 33289000.0, "city": "Бишкек"}}, {"type": "Feature", "geometry": {"type": "Point", "coordinates": [74.480729, 42.750842]}, "properties": {"id": 566, "price": 1403000.0, "city": "Бишкек"}}, {"type": "Feature", "geometry": {"type": "Point", "coordinates": [74.691426, 42.693009]}, "properties": {"id": 567, "price": 25445000.0, "city": "Бишкек"}}, {"type": "Feature", "geometry": {"type": "Point", "coordinates": [74.507989, 43.093678]}, "properties": {"id": 568, "price": 1354000.0, "city": "Бишкек"}}, {"type": "Feature", "geometry": {"type": "Point", "coordinates": [74.868953, 42.816488]}, "properties": {"id": 569, "price": 2268000.0, "city": "Бишкек"}}, {"type": "Feature", "geometry": {"type": "Point", "coordinates": [74.481433, 42.881997]}, "properties": {"id": 570, "price": 1503000.0, "city": "Бишкек"}}, {"type": "Feature", "geometry": {"type": "Point", "coordinates": [74.652739, 42.783282]}, "properties": {"id": 571, "price": 1953000.0, "city": "Бишкек"}}, {"type": "Feature", "geometry": {"type": "Point", "coordinates": [74.5071, 42.80582]}, "properties": {"id": 572, "price": 5750000.0, "city": "Бишкек"}}, {"type": "Feature", "geometry": {"type": "Point", "coordinates": [74.718667, 42.842216]}, "properties": {"id": 573, "price": 13261000.0, "city": "Бишкек"}}, {"type": "Feature", "geometry": {"type": "Point", "coordinates": [74.572746, 43.023095]}, "properties": {"id": 574, "price": 17548000.0, "city": "Бишкек"}}, {"type": "Feature", "geometry": {"type": "Point", "coordinates": [74.513229, 42.93816]}, "properties": {"id": 575, "price": 4210000.0, "city": "Бишкек"}}, {"type": "Feature", "geometry": {"type": "Point", "coordinates": [74.526151, 42.741493]}, "properties": {"id": 576, "price": 8888000.0, "city": "Бишкек"}}, {"type": "Feature", "geometry": {"type": "Point", "coordinates": [74.726238, 42.867929]}, "properties": {"id": 577, "price": 5533000.0, "city": "Бишкек"}}, {"type": "Feature", "geometry": {"type": "Point", "coordinates": [74.746815, 42.801026]}, "properties": {"id": 578, "price": 6954000.0, "city": "Бишкек"}}, {"type": "Feature", "geometry": {"type": "Point", "coordinates": [74.477209, 43.038762]}, "properties": {"id": 579, "price": 6191000.0, "city": "Бишкек"}}, {"type": "Feature", "geometry": {"type": "Point", "coordinates": [74.759552, 42.961721]}, "properties": {"id": 580, "price": 4775000.0, "city": "Бишкек"}}, {"type": "Feature", "geometry": {"type": "Point", "coordinates": [74.59405, 42.850584]}, "properties": {"id": 581, "price": 47099000.0, "city": "Бишкек"}}, {"type": "Feature", "geometry": {"type": "Point", "coordinates": [74.477203, 42.973177]}, "properties": {"id": 582, "price": 37218000.0, "city": "Бишкек"}}, {"type": "Feature", "geometry": {"type": "Point", "coordinates": [74.689413, 42.879725]}, "properties": {"id": 583, "price": 5594000.0, "city": "Бишкек"}}, {"type": "Feature", "geometry": {"type": "Point", "coordinates": [74.497732, 42.811184]}, "properties": {"id": 584, "price": 4956000.0, "city": "Бишкек"}}, {"type": "Feature", "geometry": {"type": "Point", "coordinates": [74.630848, 42.742632]}, "properties": {"id": 585, "price": 4725000.0, "city": "Бишкек"}}, {"type": "Feature", "geometry": {"type": "Point", "coordinates": [74.658637, 42.881824]}, "properties": {"id": 586, "price": 7809000.0, "city": "Бишкек"}}, {"type": "Feature", "geometry": {"type": "Point", "coordinates": [74.789431, 43.032979]}, "properties": {"id": 587, "price": 1349000.0, "city": "Бишкек"}}, {"type": "Feature", "geometry": {"type": "Point", "coordinates": [74.546781, 42.893458]}, "properties": {"id": 588, "price": 5381000.0, "city": "Бишкек"}}, {"type": "Feature", "geometry": {"type": "Point", "coordinates": [74.469231, 42.93312]}, "properties": {"id": 589, "price": 1321000.0, "city": "Бишкек"}}, {"type": "Feature", "geometry": {"type": "Point", "coordinates": [74.630457, 42.828644]}, "properties": {"id": 590, "price": 15776000.0, "city": "Бишкек"}}, {"type": "Feature", "geometry": {"type": "Point", "coordinates": [74.585715, 42.820846]}, "properties": {"id": 591, "price": 29757000.0, "city": "Бишкек"}}, {"type": "Feature", "geometry": {"type": "Point", "coordinates": [74.639202, 42.927147]}, "properties": {"id": 592, "price": 7792000.0, "city": "Бишкек"}}, {"type": "Feature", "geometry": {"type": "Point", "coordinates": [74.623793, 42.975848]}, "properties": {"id": 593, "price": 2137000.0, "city": "Бишкек"}}, {"type": "Feature", "geometry": {"type": "Point", "coordinates": [74.590038, 42.884668]}, "properties": {"id": 594, "price": 3987000.0, "city": "Бишкек"}}, {"type": "Feature", "geometry": {"type": "Point", "coordinates": [74.529156, 42.820272]}, "properties": {"id": 595, "price": 10469000.0, "city": "Бишкек"}}, {"type": "Feature", "geometry": {"type": "Point", "coordinates": [74.614857, 42.692737]}, "properties": {"id": 596, "price": 844000.0, "city": "Бишкек"}}, {"type": "Feature", "geometry": {"type": "Point", "coordinates": [74.656823, 42.82825]}, "properties": {"id": 597, "price": 1698000.0, "city": "Бишкек"}}, {"type": "Feature", "geometry": {"type": "Point", "coordinates": [74.59675, 43.073255]}, "properties": {"id": 598, "price": 6196000.0, "city": "Бишкек"}}, {"type": "Feature", "geometry": {"type": "Point", "coordinates": [74.499463, 42.795926]}, "properties": {"id": 599, "price": 4740000.0, "city": "Бишкек"}}, {"type": "Feature", "geometry": {"type": "Point", "coordinates": [74.690484, 42.760211]}, "properties": {"id": 600, "price": 16472000.0, "city": "Бишкек"}}, {"type": "Feature", "geometry": {"type": "Point", "coordinates": [74.571647, 43.006581]}, "properties": {"id": 601, "price": 921000.0, "city": "Бишкек"}}, {"type": "Feature", "geometry": {"type": "Point", "coordinates": [74.675211, 42.932198]}, "properties": {"id": 602, "price": 2264000.0, "city": "Бишкек"}}, {"type": "Feature", "geometry": {"type": "Point", "coordinates": [74.508355, 42.867526]}, "properties": {"id": 603, "price": 1521000.0, "city": "Бишкек"}}, {"type": "Feature", "geometry": {"type": "Point", "coordinates": [74.668006, 43.005254]}, "properties": {"id": 604, "price": 6226000.0, "city": "Бишкек"}}, {"type": "Feature", "geometry": {"type": "Point", "coordinates": [74.739439, 42.87452]}, "properties": {"id": 605, "price": 3701000.0, "city": "Бишкек"}}, {"type": "Feature", "geometry": {"type": "Point", "coordinates": [74.568972, 42.975221]}, "properties": {"id": 606, "price": 1462000.0, "city": "Бишкек"}}, {"type": "Feature", "geometry": {"type": "Point", "coordinates": [74.666287, 42.877861]}, "properties": {"id": 607, "price": 19566000.0, "city": "Бишкек"}}, {"type": "Feature", "geometry": {"type": "Point", "coordinates": [74.49538, 42.870607]}, "properties": {"id": 608, "price": 5078000.0, "city": "Бишкек"}}, {"type": "Feature", "geometry": {"type": "Point", "coordinates": [74.674197, 42.776762]}, "properties": {"id": 609, "price": 674000.0, "city": "Бишкек"}}, {"type": "Feature", "geometry": {"type": "Point", "coordinates": [74.61797, 42.791682]}, "properties": {"id": 610, "price": 1890000.0, "city": "Бишкек"}}, {"type": "Feature", "geometry": {"type": "Point", "coordinates": [74.666552, 42.970884]}, "properties": {"id": 611, "price": 17191000.0, "city": "Бишкек"}}, {"type": "Feature", "geometry": {"type": "Point", "coordinates": [74.565553, 42.859532]}, "properties": {"id": 612, "price": 2460000.0, "city": "Бишкек"}}, {"type": "Feature", "geometry": {"type": "Point", "coordinates": [74.654685, 42.788947]}, "properties": {"id": 613, "price": 8499000.0, "city": "Бишкек"}}, {"type": "Feature", "geometry": {"type": "Point", "coordinates": [74.587849, 42.751248]}, "properties": {"id": 614, "price": 24097000.0, "city": "Бишкек"}}, {"type": "Feature", "geometry": {"type": "Point", "coordinates": [74.692638, 42.728437]}, "properties": {"id": 615, "price": 2998000.0, "city": "Бишкек"}}, {"type": "Feature", "geometry": {"type": "Point", "coordinates": [74.524195, 42.903358]}, "properties": {"id": 616, "price": 13269000.0, "city": "Бишкек"}}, {"type": "Feature", "geometry": {"type": "Point", "coordinates": [74.784961, 42.868038]}, "properties": {"id": 617, "price": 2546000.0, "city": "Бишкек"}}, {"type": "Feature", "geometry": {"type": "Point", "coordinates": [74.533098, 42.825836]}, "properties": {"id": 618, "price": 15593000.0, "city": "Бишкек"}}, {"type": "Feature", "geometry": {"type": "Point", "coordinates": [74.639784, 42.921905]}, "properties": {"id": 619, "price": 1097000.0, "city": "Бишкек"}}, {"type": "Feature", "geometry": {"type": "Point", "coordinates": [74.698765, 42.90847]}, "properties": {"id": 620, "price": 1893000.0, "city": "Бишкек"}}, {"type": "Feature", "geometry": {"type": "Point", "coordinates": [74.542534, 43.014236]}, "properties": {"id": 621, "price": 1242000.0, "city": "Бишкек"}}, {"type": "Feature", "geometry": {"type": "Point", "coordinates": [74.794855, 42.64812]}, "properties": {"id": 622, "price": 3476000.0, "city": "Бишкек"}}, {"type": "Feature", "geometry": {"type": "Point", "coordinates": [74.782939, 42.833918]}, "properties": {"id": 623, "price": 59699000.0, "city": "Бишкек"}}, {"type": "Feature", "geometry": {"type": "Point", "coordinates": [74.647151, 42.83597]}, "properties": {"id": 624, "price": 10996000.0, "city": "Бишкек"}}, {"type": "Feature", "geometry": {"type": "Point", "coordinates": [74.567097, 42.692317]}, "properties": {"id": 625, "price": 16115000.0, "city": "Бишкек"}}, {"type": "Feature", "geometry": {"type": "Point", "coordinates": [74.481233, 42.883287]}, "properties": {"id": 626, "price": 1594000.0, "city": "Бишкек"}}, {"type": "Feature", "geometry": {"type": "Point", "coordinates": [74.476887, 42.916701]}, "properties": {"id": 627, "price": 9117000.0, "city": "Бишкек"}}, {"type": "Feature", "geometry": {"type": "Point", "coordinates": [74.531836, 42.866691]}, "properties": {"id": 628, "price": 34763000.0, "city": "Бишкек"}}, {"type": "Feature", "geometry": {"type": "Point", "coordinates": [74.69693, 42.847219]}, "properties": {"id": 629, "price": 2458000.0, "city": "Бишкек"}}, {"type": "Feature", "geometry": {"type": "Point", "coordinates": [74.594646, 42.713517]}, "properties": {"id": 630, "price": 6321000.0, "city": "Бишкек"}}, {"type": "Feature", "geometry": {"type": "Point", "coordinates": [74.589455, 42.902728]}, "properties": {"id": 631, "price": 4089000.0, "city": "Бишкек"}}, {"type": "Feature", "geometry": {"type": "Point", "coordinates": [74.549831, 42.90412]}, "properties": {"id": 632, "price": 2588000.0, "city": "Бишкек"}}, {"type": "Feature", "geometry": {"type": "Point", "coordinates": [74.543392, 42.986481]}, "properties": {"id": 633, "price": 5427000.0, "city": "Бишкек"}}, {"type": "Feature", "geometry": {"type": "Point", "coordinates": [74.528046, 43.000564]}, "properties": {"id": 634, "price": 839000.0, "city": "Бишкек"}}, {"type": "Feature", "geometry": {"type": "Point", "coordinates": [74.635645, 42.766163]}, "properties": {"id": 635, "price": 2658000.0, "city": "Бишкек"}}, {"type": "Feature", "geometry": {"type": "Point", "coordinates": [74.60877, 42.875926]}, "properties": {"id": 636, "price": 28093000.0, "city": "Бишкек"}}, {"type": "Feature", "geometry": {"type": "Point", "coordinates": [74.592182, 42.82532]}, "properties": {"id": 637, "price": 3795000.0, "city": "Бишкек"}}, {"type": "Feature", "geometry": {"type": "Point", "coordinates": [74.685185, 42.84177]}, "properties": {"id": 638, "price": 4252000.0, "city": "Бишкек"}}, {"type": "Feature", "geometry": {"type": "Point", "coordinates": [74.46225, 43.030618]}, "properties": {"id": 639, "price": 1551000.0, "city": "Бишкек"}}, {"type": "Feature", "geometry": {"type": "Point", "coordinates": [74.55921, 43.02032]}, "properties": {"id": 640, "price": 2173000.0, "city": "Бишкек"}}, {"type": "Feature", "geometry": {"type": "Point", "coordinates": [74.610863, 42.870134]}, "properties": {"id": 641, "price": 3663000.0, "city": "Бишкек"}}, {"type": "Feature", "geometry": {"type": "Point", "coordinates": [74.634698, 43.02387]}, "properties": {"id": 642, "price": 2269000.0, "city": "Бишкек"}}, {"type": "Feature", "geometry": {"type": "Point", "coordinates": [74.734104, 42.602835]}, "properties": {"id": 643, "price": 3661000.0, "city": "Бишкек"}}, {"type": "Feature", "geometry": {"type": "Point", "coordinates": [74.700912, 42.91691]}, "properties": {"id": 644, "price": 9229000.0, "city": "Бишкек"}}, {"type": "Feature", "geometry": {"type": "Point", "coordinates": [74.532223, 43.064796]}, "properties": {"id": 645, "price": 2456000.0, "city": "Бишкек"}}, {"type": "Feature", "geometry": {"type": "Point", "coordinates": [74.613261, 42.821153]}, "properties": {"id": 646, "price": 25714000.0, "city": "Бишкек"}}, {"type": "Feature", "geometry": {"type": "Point", "coordinates": [74.599392, 42.872114]}, "properties": {"id": 647, "price": 5200000.0, "city": "Бишкек"}}, {"type": "Feature", "geometry": {"type": "Point", "coordinates": [74.58796, 42.736058]}, "properties": {"id": 648, "price": 1588000.0, "city": "Бишкек"}}, {"type": "Feature", "geometry": {"type": "Point", "coordinates": [74.535246, 42.691857]}, "properties": {"id": 649, "price": 841000.0, "city": "Бишкек"}}, {"type": "Feature", "geometry": {"type": "Point", "coordinates": [74.614251, 42.741157]}, "properties": {"id": 650, "price": 7816000.0, "city": "Бишкек"}}, {"type": "Feature", "geometry": {"type": "Point", "coordinates": [74.590559, 42.92504]}, "properties": {"id": 651, "price": 802000.0, "city": "Бишкек"}}, {"type": "Feature", "geometry": {"type": "Point", "coordinates": [74.484373, 42.830029]}, "properties": {"id": 652, "price": 6895000.0, "city": "Бишкек"}}, {"type": "Feature", "geometry": {"type": "Point", "coordinates": [74.541298, 42.693945]}, "properties": {"id": 653, "price": 4508000.0, "city": "Бишкек"}}, {"type": "Feature", "geometry": {"type": "Point", "coordinates": [74.493579, 42.861316]}, "properties": {"id": 654, "price": 11547000.0, "city": "Бишкек"}}, {"type": "Feature", "geometry": {"type": "Point", "coordinates": [74.813397, 42.946421]}, "properties": {"id": 655, "price": 39796000.0, "city": "Бишкек"}}, {"type": "Feature", "geometry": {"type": "Point", "coordinates": [74.70156, 42.951158]}, "properties": {"id": 656, "price": 5641000.0, "city": "Бишкек"}}, {"type": "Feature", "geometry": {"type": "Point", "coordinates": [74.903722, 42.833478]}, "properties": {"id": 657, "price": 25279000.0, "city": "Бишкек"}}, {"type": "Feature", "geometry": {"type": "Point", "coordinates": [74.69534, 42.775141]}, "properties": {"id": 658, "price": 6415000.0, "city": "Бишкек"}}, {"type": "Feature", "geometry": {"type": "Point", "coordinates": [74.632053, 42.626838]}, "properties": {"id": 659, "price": 8200000.0, "city": "Бишкек"}}, {"type": "Feature", "geometry": {"type": "Point", "coordinates": [74.683267, 42.906705]}, "properties": {"id": 660, "price": 745000.0, "city": "Бишкек"}}, {"type": "Feature", "geometry": {"type": "Point", "coordinates": [74.641247, 42.759338]}, "properties": {"id": 661, "price": 5505000.0, "city": "Бишкек"}}, {"type": "Feature", "geometry": {"type": "Point", "coordinates": [74.478084, 42.953425]}, "properties": {"id": 662, "price": 1888000.0, "city": "Бишкек"}}, {"type": "Feature", "geometry": {"type": "Point", "coordinates": [74.552077, 42.820887]}, "properties": {"id": 663, "price": 1827000.0, "city": "Бишкек"}}, {"type": "Feature", "geometry": {"type": "Point", "coordinates": [74.664863, 43.048491]}, "properties": {"id": 664, "price": 4954000.0, "city": "Бишкек"}}, {"type": "Feature", "geometry": {"type": "Point", "coordinates": [74.486132, 42.732876]}, "properties": {"id": 665, "price": 3331000.0, "city": "Бишкек"}}, {"type": "Feature", "geometry": {"type": "Point", "coordinates": [74.560918, 42.721128]}, "properties": {"id": 666, "price": 8695000.0, "city": "Бишкек"}}, {"type": "Feature", "geometry": {"type": "Point", "coordinates": [74.703687, 42.92965]}, "properties": {"id": 667, "price": 6044000.0, "city": "Бишкек"}}, {"type": "Feature", "geometry": {"type": "Point", "coordinates": [74.552313, 43.027851]}, "properties": {"id": 668, "price": 9433000.0, "city": "Бишкек"}}, {"type": "Feature", "geometry": {"type": "Point", "coordinates": [74.571546, 42.72451]}, "properties": {"id": 669, "price": 2887000.0, "city": "Бишкек"}}, {"type": "Feature", "geometry": {"type": "Point", "coordinates": [74.43922, 42.849421]}, "properties": {"id": 670, "price": 10004000.0, "city": "Бишкек"}}, {"type": "Feature", "geometry": {"type": "Point", "coordinates": [74.733954, 42.999344]}, "properties": {"id": 671, "price": 2727000.0, "city": "Бишкек"}}, {"type": "Feature", "geometry": {"type": "Point", "coordinates": [74.615477, 42.85041]}, "properties": {"id": 672, "price": 11264000.0, "city": "Бишкек"}}, {"type": "Feature", "geometry": {"type": "Point", "coordinates": [74.757513, 42.936264]}, "properties": {"id": 673, "price": 3385000.0, "city": "Бишкек"}}, {"type": "Feature", "geometry": {"type": "Point", "coordinates": [74.521423, 42.900851]}, "properties": {"id": 674, "price": 5834000.0, "city": "Бишкек"}}, {"type": "Feature", "geometry": {"type": "Point", "coordinates": [74.560479, 42.931306]}, "properties": {"id": 675, "price": 1977000.0, "city": "Бишкек"}}, {"type": "Feature", "geometry": {"type": "Point", "coordinates": [74.599943, 42.803638]}, "properties": {"id": 676, "price": 3220000.0, "city": "Бишкек"}}, {"type": "Feature", "geometry": {"type": "Point", "coordinates": [74.660992, 42.817783]}, "properties": {"id": 677, "price": 4915000.0, "city": "Бишкек"}}, {"type": "Feature", "geometry": {"type": "Point", "coordinates": [74.74808, 43.061832]}, "properties": {"id": 678, "price": 14634000.0, "city": "Бишкек"}}, {"type": "Feature", "geometry": {"type": "Point", "coordinates": [74.753059, 42.790034]}, "properties": {"id": 679, "price": 4609000.0, "city": "Бишкек"}}, {"type": "Feature", "geometry": {"type": "Point", "coordinates": [74.474167, 42.954768]}, "properties": {"id": 680, "price": 787000.0, "city": "Бишкек"}}, {"type": "Feature", "geometry": {"type": "Point", "coordinates": [74.529857, 42.959243]}, "properties": {"id": 681, "price": 27174000.0, "city": "Бишкек"}}, {"type": "Feature", "geometry": {"type": "Point", "coordinates": [74.706728, 42.608571]}, "properties": {"id": 682, "price": 22757000.0, "city": "Бишкек"}}, {"type": "Feature", "geometry": {"type": "Point", "coordinates": [74.5327, 42.892321]}, "properties": {"id": 683, "price": 11928000.0, "city": "Бишкек"}}, {"type": "Feature", "geometry": {"type": "Point", "coordinates": [74.600247, 42.870458]}, "properties": {"id": 684, "price": 1953000.0, "city": "Бишкек"}}, {"type": "Feature", "geometry": {"type": "Point", "coordinates": [74.565805, 43.006292]}, "properties": {"id": 685, "price": 5958000.0, "city": "Бишкек"}}, {"type": "Feature", "geometry": {"type": "Point", "coordinates": [74.440239, 42.881778]}, "properties": {"id": 686, "price": 2761000.0, "city": "Бишкек"}}, {"type": "Feature", "geometry": {"type": "Point", "coordinates": [74.617136, 42.799769]}, "properties": {"id": 687, "price": 1584000.0, "city": "Бишкек"}}, {"type": "Feature", "geometry": {"type": "Point", "coordinates": [74.622034, 42.966302]}, "properties": {"id": 688, "price": 18526000.0, "city": "Бишкек"}}, {"type": "Feature", "geometry": {"type": "Point", "coordinates": [74.617355, 42.87296]}, "properties": {"id": 689, "price": 7245000.0, "city": "Бишкек"}}, {"type": "Feature", "geometry": {"type": "Point", "coordinates": [74.605515, 42.828227]}, "properties": {"id": 690, "price": 4191000.0, "city": "Бишкек"}}, {"type": "Feature", "geometry": {"type": "Point", "coordinates": [74.577098, 42.87636]}, "properties": {"id": 691, "price": 48466000.0, "city": "Бишкек"}}, {"type": "Feature", "geometry": {"type": "Point", "coordinates": [74.800237, 42.99901]}, "properties": {"id": 692, "price": 14237000.0, "city": "Бишкек"}}, {"type": "Feature", "geometry": {"type": "Point", "coordinates": [74.582856, 42.782628]}, "properties": {"id": 693, "price": 23396000.0, "city": "Бишкек"}}, {"type": "Feature", "geometry": {"type": "Point", "coordinates": [74.65637, 42.904852]}, "properties": {"id": 694, "price": 8898000.0, "city": "Бишкек"}}, {"type": "Feature", "geometry": {"type": "Point", "coordinates": [74.514901, 42.830431]}, "properties": {"id": 695, "price": 29471000.0, "city": "Бишкек"}}, {"type": "Feature", "geometry": {"type": "Point", "coordinates": [74.606198, 42.961381]}, "properties": {"id": 696, "price": 16409000.0, "city": "Бишкек"}}, {"type": "Feature", "geometry": {"type": "Point", "coordinates": [74.604159, 42.787471]}, "properties": {"id": 697, "price": 779000.0, "city": "Бишкек"}}, {"type": "Feature", "geometry": {"type": "Point", "coordinates": [74.663141, 43.040978]}, "properties": {"id": 698, "price": 3777000.0, "city": "Бишкек"}}, {"type": "Feature", "geometry": {"type": "Point", "coordinates": [74.669603, 42.970799]}, "properties": {"id": 699, "price": 5680000.0, "city": "Бишкек"}}, {"type": "Feature", "geometry": {"type": "Point", "coordinates": [74.678748, 42.859564]}, "properties": {"id": 700, "price": 1236000.0, "city": "Бишкек"}}, {"type": "Feature", "geometry": {"type": "Point", "coordinates": [74.654917, 42.91467]}, "properties": {"id": 701, "price": 7132000.0, "city": "Бишкек"}}, {"type": "Feature", "geometry": {"type": "Point", "coordinates": [74.6028, 42.84749]}, "properties": {"id": 702, "price": 11934000.0, "city": "Бишкек"}}, {"type": "Feature", "geometry": {"type": "Point", "coordinates": [74.67567, 42.915561]}, "properties": {"id": 703, "price": 5567000.0, "city": "Бишкек"}}, {"type": "Feature", "geometry": {"type": "Point", "coordinates": [74.577908, 42.804953]}, "properties": {"id": 704, "price": 21243000.0, "city": "Бишкек"}}, {"type": "Feature", "geometry": {"type": "Point", "coordinates": [74.521695, 42.936614]}, "properties": {"id": 705, "price": 10998000.0, "city": "Бишкек"}}, {"type": "Feature", "geometry": {"type": "Point", "coordinates": [74.436803, 42.917242]}, "properties": {"id": 706, "price": 629000.0, "city": "Бишкек"}}, {"type": "Feature", "geometry": {"type": "Point", "coordinates": [74.749882, 42.625539]}, "properties": {"id": 707, "price": 2577000.0, "city": "Бишкек"}}, {"type": "Feature", "geometry": {"type": "Point", "coordinates": [74.514192, 42.976067]}, "properties": {"id": 708, "price": 5912000.0, "city": "Бишкек"}}, {"type": "Feature", "geometry": {"type": "Point", "coordinates": [74.60206, 43.057365]}, "properties": {"id": 709, "price": 755000.0, "city": "Бишкек"}}, {"type": "Feature", "geometry": {"type": "Point", "coordinates": [74.700768, 42.81235]}, "properties": {"id": 710, "price": 2772000.0, "city": "Бишкек"}}, {"type": "Feature", "geometry": {"type": "Point", "coordinates": [74.655121, 42.795773]}, "properties": {"id": 711, "price": 1706000.0, "city": "Бишкек"}}, {"type": "Feature", "geometry": {"type": "Point", "coordinates": [74.676566, 42.988257]}, "properties": {"id": 712, "price": 12740000.0, "city": "Бишкек"}}, {"type": "Feature", "geometry": {"type": "Point", "coordinates": [74.761232, 42.902527]}, "properties": {"id": 713, "price": 1115000.0, "city": "Бишкек"}}, {"type": "Feature", "geometry": {"type": "Point", "coordinates": [74.643373, 42.949395]}, "properties": {"id": 714, "price": 8416000.0, "city": "Бишкек"}}, {"type": "Feature", "geometry": {"type": "Point", "coordinates": [74.557182, 42.823467]}, "properties": {"id": 715, "price": 1589000.0, "city": "Бишкек"}}, {"type": "Feature", "geometry": {"type": "Point", "coordinates": [74.578511, 42.863492]}, "properties": {"id": 716, "price": 929000.0, "city": "Бишкек"}}, {"type": "Feature", "geometry": {"type": "Point", "coordinates": [74.677098, 43.072045]}, "properties": {"id": 717, "price": 6154000.0, "city": "Бишкек"}}, {"type": "Feature", "geometry": {"type": "Point", "coordinates": [74.669502, 42.706088]}, "properties": {"id": 718, "price": 51277000.0, "city": "Бишкек"}}, {"type": "Feature", "geometry": {"type": "Point", "coordinates": [74.5328, 42.971675]}, "properties": {"id": 719, "price": 7563000.0, "city": "Бишкек"}}, {"type": "Feature", "geometry": {"type": "Point", "coordinates": [74.51305, 42.873109]}, "properties": {"id": 720, "price": 1365000.0, "city": "Бишкек"}}, {"type": "Feature", "geometry": {"type": "Point", "coordinates": [74.653333, 43.083239]}, "properties": {"id": 721, "price": 8703000.0, "city": "Бишкек"}}, {"type": "Feature", "geometry": {"type": "Point", "coordinates": [74.734812, 42.86807]}, "properties": {"id": 722, "price": 19995000.0, "city": "Бишкек"}}, {"type": "Feature", "geometry": {"type": "Point", "coordinates": [74.657524, 42.867123]}, "properties": {"id": 723, "price": 4333000.0, "city": "Бишкек"}}, {"type": "Feature", "geometry": {"type": "Point", "coordinates": [74.702515, 42.670433]}, "properties": {"id": 724, "price": 2991000.0, "city": "Бишкек"}}, {"type": "Feature", "geometry": {"type": "Point", "coordinates": [74.64918, 43.064637]}, "properties": {"id": 725, "price": 12258000.0, "city": "Бишкек"}}, {"type": "Feature", "geometry": {"type": "Point", "coordinates": [74.714908, 42.710996]}, "properties": {"id": 726, "price": 2022000.0, "city": "Бишкек"}}, {"type": "Feature", "geometry": {"type": "Point", "coordinates": [74.665697, 42.729479]}, "properties": {"id": 727, "price": 21128000.0, "city": "Бишкек"}}, {"type": "Feature", "geometry": {"type": "Point", "coordinates": [74.537979, 42.643402]}, "properties": {"id": 728, "price": 5816000.0, "city": "Бишкек"}}, {"type": "Feature", "geometry": {"type": "Point", "coordinates": [74.697879, 42.795774]}, "properties": {"id": 729, "price": 1777000.0, "city": "Бишкек"}}, {"type": "Feature", "geometry": {"type": "Point", "coordinates": [74.673579, 42.913692]}, "properties": {"id": 730, "price": 1863000.0, "city": "Бишкек"}}, {"type": "Feature", "geometry": {"type": "Point", "coordinates": [74.835794, 42.87556]}, "properties": {"id": 731, "price": 913000.0, "city": "Бишкек"}}, {"type": "Feature", "geometry": {"type": "Point", "coordinates": [74.565984, 42.655337]}, "properties": {"id": 732, "price": 11883000.0, "city": "Бишкек"}}, {"type": "Feature", "geometry": {"type": "Point", "coordinates": [74.74386, 42.892843]}, "properties": {"id": 733, "price": 50975000.0, "city": "Бишкек"}}, {"type": "Feature", "geometry": {"type": "Point", "coordinates": [74.725319, 42.711437]}, "properties": {"id": 734, "price": 34944000.0, "city": "Бишкек"}}, {"type": "Feature", "geometry": {"type": "Point", "coordinates": [74.705943, 42.838789]}, "properties": {"id": 735, "price": 1324000.0, "city": "Бишкек"}}, {"type": "Feature", "geometry": {"type": "Point", "coordinates": [74.650516, 42.918868]}, "properties": {"id": 736, "price": 51674000.0, "city": "Бишкек"}}, {"type": "Feature", "geometry": {"type": "Point", "coordinates": [74.752541, 42.839188]}, "properties": {"id": 737, "price": 2925000.0, "city": "Бишкек"}}, {"type": "Feature", "geometry": {"type": "Point", "coordinates": [74.532368, 42.658997]}, "properties": {"id": 738, "price": 10679000.0, "city": "Бишкек"}}, {"type": "Feature", "geometry": {"type": "Point", "coordinates": [74.559552, 42.841674]}, "properties": {"id": 739, "price": 2252000.0, "city": "Бишкек"}}, {"type": "Feature", "geometry": {"type": "Point", "coordinates": [74.724739, 42.99051]}, "properties": {"id": 740, "price": 57948000.0, "city": "Бишкек"}}, {"type": "Feature", "geometry": {"type": "Point", "coordinates": [74.362522, 43.076955]}, "properties": {"id": 741, "price": 21295000.0, "city": "Бишкек"}}, {"type": "Feature", "geometry": {"type": "Point", "coordinates": [74.431909, 42.73943]}, "properties": {"id": 742, "price": 28836000.0, "city": "Бишкек"}}, {"type": "Feature", "geometry": {"type": "Point", "coordinates": [74.396913, 42.780552]}, "properties": {"id": 743, "price": 2389000.0, "city": "Бишкек"}}, {"type": "Feature", "geometry": {"type": "Point", "coordinates": [74.633616, 43.158]}, "properties": {"id": 744, "price": 2725000.0, "city": "Бишкек"}}, {"type": "Feature", "geometry": {"type": "Point", "coordinates": [74.745529, 42.957724]}, "properties": {"id": 745, "price": 7433000.0, "city": "Бишкек"}}, {"type": "Feature", "geometry": {"type": "Point", "coordinates": [74.538065, 42.900436]}, "properties": {"id": 746, "price": 763000.0, "city": "Бишкек"}}, {"type": "Feature", "geometry": {"type": "Point", "coordinates": [74.6102, 42.922376]}, "properties": {"id": 747, "price": 1526000.0, "city": "Бишкек"}}, {"type": "Feature", "geometry": {"type": "Point", "coordinates": [74.583401, 42.612471]}, "properties": {"id": 748, "price": 13917000.0, "city": "Бишкек"}}, {"type": "Feature", "geometry": {"type": "Point", "coordinates": [74.521286, 42.961369]}, "properties": {"id": 749, "price": 1751000.0, "city": "Бишкек"}}, {"type": "Feature", "geometry": {"type": "Point", "coordinates": [74.707501, 42.765194]}, "properties": {"id": 750, "price": 3813000.0, "city": "Бишкек"}}, {"type": "Feature", "geometry": {"type": "Point", "coordinates": [74.785185, 42.96098]}, "properties": {"id": 751, "price": 1365000.0, "city": "Бишкек"}}, {"type": "Feature", "geometry": {"type": "Point", "coordinates": [74.64967, 42.862856]}, "properties": {"id": 752, "price": 1501000.0, "city": "Бишкек"}}, {"type": "Feature", "geometry": {"type": "Point", "coordinates": [74.597985, 42.749551]}, "properties": {"id": 753, "price": 9117000.0, "city": "Бишкек"}}, {"type": "Feature", "geometry": {"type": "Point", "coordinates": [74.497665, 42.797778]}, "properties": {"id": 754, "price": 3155000.0, "city": "Бишкек"}}, {"type": "Feature", "geometry": {"type": "Point", "coordinates": [74.668369, 42.853352]}, "properties": {"id": 755, "price": 9885000.0, "city": "Бишкек"}}, {"type": "Feature", "geometry": {"type": "Point", "coordinates": [74.666766, 42.914907]}, "properties": {"id": 756, "price": 2273000.0, "city": "Бишкек"}}, {"type": "Feature", "geometry": {"type": "Point", "coordinates": [74.583916, 42.715274]}, "properties": {"id": 757, "price": 1276000.0, "city": "Бишкек"}}, {"type": "Feature", "geometry": {"type": "Point", "coordinates": [74.614694, 42.906412]}, "properties": {"id": 758, "price": 7199000.0, "city": "Бишкек"}}, {"type": "Feature", "geometry": {"type": "Point", "coordinates": [74.666072, 42.952379]}, "properties": {"id": 759, "price": 4473000.0, "city": "Бишкек"}}, {"type": "Feature", "geometry": {"type": "Point", "coordinates": [74.541099, 42.759356]}, "properties": {"id": 760, "price": 662000.0, "city": "Бишкек"}}, {"type": "Feature", "geometry": {"type": "Point", "coordinates": [74.651839, 42.947605]}, "properties": {"id": 761, "price": 2625000.0, "city": "Бишкек"}}, {"type": "Feature", "geometry": {"type": "Point", "coordinates": [74.576115, 42.968569]}, "properties": {"id": 762, "price": 6305000.0, "city": "Бишкек"}}, {"type": "Feature", "geometry": {"type": "Point", "coordinates": [74.717548, 42.942516]}, "properties": {"id": 763, "price": 2725000.0, "city": "Бишкек"}}, {"type": "Feature", "geometry": {"type": "Point", "coordinates": [74.538126, 42.954078]}, "properties": {"id": 764, "price": 1716000.0, "city": "Бишкек"}}, {"type": "Feature", "geometry": {"type": "Point", "coordinates": [74.623962, 42.952808]}, "properties": {"id": 765, "price": 2405000.0, "city": "Бишкек"}}, {"type": "Feature", "geometry": {"type": "Point", "coordinates": [74.591218, 42.837832]}, "properties": {"id": 766, "price": 1899000.0, "city": "Бишкек"}}, {"type": "Feature", "geometry": {"type": "Point", "coordinates": [74.743432, 42.850169]}, "properties": {"id": 767, "price": 7204000.0, "city": "Бишкек"}}, {"type": "Feature", "geometry": {"type": "Point", "coordinates": [74.655599, 42.779922]}, "properties": {"id": 768, "price": 7334000.0, "city": "Бишкек"}}, {"type": "Feature", "geometry": {"type": "Point", "coordinates": [74.408181, 42.907144]}, "properties": {"id": 769, "price": 3395000.0, "city": "Бишкек"}}, {"type": "Feature", "geometry": {"type": "Point", "coordinates": [74.741866, 42.783806]}, "properties": {"id": 770, "price": 7502000.0, "city": "Бишкек"}}, {"type": "Feature", "geometry": {"type": "Point", "coordinates": [74.659096, 42.731646]}, "properties": {"id": 771, "price": 3601000.0, "city": "Бишкек"}}, {"type": "Feature", "geometry": {"type": "Point", "coordinates": [74.614982, 42.81305]}, "properties": {"id": 772, "price": 58887000.0, "city": "Бишкек"}}, {"type": "Feature", "geometry": {"type": "Point", "coordinates": [74.630852, 42.826125]}, "properties": {"id": 773, "price": 7941000.0, "city": "Бишкек"}}, {"type": "Feature", "geometry": {"type": "Point", "coordinates": [74.29652, 43.010282]}, "properties": {"id": 774, "price": 7171000.0, "city": "Бишкек"}}, {"type": "Feature", "geometry": {"type": "Point", "coordinates": [74.60131, 43.09419]}, "properties": {"id": 775, "price": 22680000.0, "city": "Бишкек"}}, {"type": "Feature", "geometry": {"type": "Point", "coordinates": [74.535427, 42.939672]}, "properties": {"id": 776, "price": 1263000.0, "city": "Бишкек"}}, {"type": "Feature", "geometry": {"type": "Point", "coordinates": [74.415852, 42.927444]}, "properties": {"id": 777, "price": 15477000.0, "city": "Бишкек"}}, {"type": "Feature", "geometry": {"type": "Point", "coordinates": [74.508937, 42.859862]}, "properties": {"id": 778, "price": 3741000.0, "city": "Бишкек"}}, {"type": "Feature", "geometry": {"type": "Point", "coordinates": [74.468732, 42.786144]}, "properties": {"id": 779, "price": 56997000.0, "city": "Бишкек"}}, {"type": "Feature", "geometry": {"type": "Point", "coordinates": [74.569589, 42.856892]}, "properties": {"id": 780, "price": 1886000.0, "city": "Бишкек"}}, {"type": "Feature", "geometry": {"type": "Point", "coordinates": [74.554983, 42.960093]}, "properties": {"id": 781, "price": 5428000.0, "city": "Бишкек"}}, {"type": "Feature", "geometry": {"type": "Point", "coordinates": [74.590792, 42.857124]}, "properties": {"id": 782, "price": 945000.0, "city": "Бишкек"}}, {"type": "Feature", "geometry": {"type": "Point", "coordinates": [74.492854, 42.777555]}, "properties": {"id": 783, "price": 2735000.0, "city": "Бишкек"}}, {"type": "Feature", "geometry": {"type": "Point", "coordinates": [74.576112, 42.938809]}, "properties": {"id": 784, "price": 19050000.0, "city": "Бишкек"}}, {"type": "Feature", "geometry": {"type": "Point", "coordinates": [74.628333, 42.862413]}, "properties": {"id": 785, "price": 11637000.0, "city": "Бишкек"}}, {"type": "Feature", "geometry": {"type": "Point", "coordinates": [74.590155, 42.988813]}, "properties": {"id": 786, "price": 3491000.0, "city": "Бишкек"}}, {"type": "Feature", "geometry": {"type": "Point", "coordinates": [74.648705, 42.835183]}, "properties": {"id": 787, "price": 37724000.0, "city": "Бишкек"}}, {"type": "Feature", "geometry": {"type": "Point", "coordinates": [74.648537, 42.804187]}, "properties": {"id": 788, "price": 6228000.0, "city": "Бишкек"}}, {"type": "Feature", "geometry": {"type": "Point", "coordinates": [74.638399, 42.938344]}, "properties": {"id": 789, "price": 16891000.0, "city": "Бишкек"}}, {"type": "Feature", "geometry": {"type": "Point", "coordinates": [74.624179, 42.674018]}, "properties": {"id": 790, "price": 14183000.0, "city": "Бишкек"}}, {"type": "Feature", "geometry": {"type": "Point", "coordinates": [74.658931, 42.947195]}, "properties": {"id": 791, "price": 3678000.0, "city": "Бишкек"}}, {"type": "Feature", "geometry": {"type": "Point", "coordinates": [74.734432, 42.70921]}, "properties": {"id": 792, "price": 1063000.0, "city": "Бишкек"}}, {"type": "Feature", "geometry": {"type": "Point", "coordinates": [74.707015, 42.709411]}, "properties": {"id": 793, "price": 1695000.0, "city": "Бишкек"}}, {"type": "Feature", "geometry": {"type": "Point", "coordinates": [74.748116, 42.797675]}, "properties": {"id": 794, "price": 2576000.0, "city": "Бишкек"}}, {"type": "Feature", "geometry": {"type": "Point", "coordinates": [74.470219, 42.870025]}, "properties": {"id": 795, "price": 673000.0, "city": "Бишкек"}}, {"type": "Feature", "geometry": {"type": "Point", "coordinates": [74.518775, 42.971047]}, "properties": {"id": 796, "price": 2689000.0, "city": "Бишкек"}}, {"type": "Feature", "geometry": {"type": "Point", "coordinates": [74.532903, 42.826431]}, "properties": {"id": 797, "price": 2747000.0, "city": "Бишкек"}}, {"type": "Feature", "geometry": {"type": "Point", "coordinates": [74.611203, 42.721797]}, "properties": {"id": 798, "price": 1528000.0, "city": "Бишкек"}}, {"type": "Feature", "geometry": {"type": "Point", "coordinates": [74.68001, 42.985895]}, "properties": {"id": 799, "price": 54284000.0, "city": "Бишкек"}}, {"type": "Feature", "geometry": {"type": "Point", "coordinates": [74.521756, 42.754329]}, "properties": {"id": 800, "price": 1583000.0, "city": "Бишкек"}}, {"type": "Feature", "geometry": {"type": "Point", "coordinates": [74.784918, 42.896477]}, "properties": {"id": 801, "price": 8107000.0, "city": "Бишкек"}}, {"type": "Feature", "geometry": {"type": "Point", "coordinates": [74.734839, 42.798399]}, "properties": {"id": 802, "price": 3042000.0, "city": "Бишкек"}}, {"type": "Feature", "geometry": {"type": "Point", "coordinates": [74.609484, 43.055422]}, "properties": {"id": 803, "price": 2921000.0, "city": "Бишкек"}}, {"type": "Feature", "geometry": {"type": "Point", "coordinates": [74.54667, 42.792551]}, "properties": {"id": 804, "price": 4744000.0, "city": "Бишкек"}}, {"type": "Feature", "geometry": {"type": "Point", "coordinates": [74.610792, 42.986722]}, "properties": {"id": 805, "price": 7122000.0, "city": "Бишкек"}}, {"type": "Feature", "geometry": {"type": "Point", "coordinates": [74.575107, 42.902577]}, "properties": {"id": 806, "price": 6312000.0, "city": "Бишкек"}}, {"type": "Feature", "geometry": {"type": "Point", "coordinates": [74.665758, 42.793934]}, "properties": {"id": 807, "price": 6045000.0, "city": "Бишкек"}}, {"type": "Feature", "geometry": {"type": "Point", "coordinates": [74.597855, 42.920233]}, "properties": {"id": 808, "price": 2972000.0, "city": "Бишкек"}}, {"type": "Feature", "geometry": {"type": "Point", "coordinates": [74.486029, 42.72092]}, "properties": {"id": 809, "price": 2307000.0, "city": "Бишкек"}}, {"type": "Feature", "geometry": {"type": "Point", "coordinates": [74.677914, 42.821868]}, "properties": {"id": 810, "price": 2437000.0, "city": "Бишкек"}}, {"type": "Feature", "geometry": {"type": "Point", "coordinates": [74.758374, 42.767959]}, "properties": {"id": 811, "price": 15200000.0, "city": "Бишкек"}}, {"type": "Feature", "geometry": {"type": "Point", "coordinates": [74.531654, 42.74674]}, "properties": {"id": 812, "price": 15865000.0, "city": "Бишкек"}}, {"type": "Feature", "geometry": {"type": "Point", "coordinates": [74.689692, 42.873368]}, "properties": {"id": 813, "price": 4941000.0, "city": "Бишкек"}}, {"type": "Feature", "geometry": {"type": "Point", "coordinates": [74.765275, 42.909139]}, "properties": {"id": 814, "price": 3950000.0, "city": "Бишкек"}}, {"type": "Feature", "geometry": {"type": "Point", "coordinates": [74.601788, 42.804447]}, "properties": {"id": 815, "price": 6924000.0, "city": "Бишкек"}}, {"type": "Feature", "geometry": {"type": "Point", "coordinates": [74.736472, 42.791876]}, "properties": {"id": 816, "price": 7227000.0, "city": "Бишкек"}}, {"type": "Feature", "geometry": {"type": "Point", "coordinates": [74.722481, 42.702357]}, "properties": {"id": 817, "price": 834000.0, "city": "Бишкек"}}, {"type": "Feature", "geometry": {"type": "Point", "coordinates": [74.665886, 42.93031]}, "properties": {"id": 818, "price": 17155000.0, "city": "Бишкек"}}, {"type": "Feature", "geometry": {"type": "Point", "coordinates": [74.673806, 43.012351]}, "properties": {"id": 819, "price": 814000.0, "city": "Бишкек"}}, {"type": "Feature", "geometry": {"type": "Point", "coordinates": [74.510758, 43.004898]}, "properties": {"id": 820, "price": 2491000.0, "city": "Бишкек"}}, {"type": "Feature", "geometry": {"type": "Point", "coordinates": [74.574206, 42.942377]}, "properties": {"id": 821, "price": 2643000.0, "city": "Бишкек"}}, {"type": "Feature", "geometry": {"type": "Point", "coordinates": [74.414987, 42.911532]}, "properties": {"id": 822, "price": 7722000.0, "city": "Бишкек"}}, {"type": "Feature", "geometry": {"type": "Point", "coordinates": [74.801399, 42.965402]}, "properties": {"id": 823, "price": 7337000.0, "city": "Бишкек"}}, {"type": "Feature", "geometry": {"type": "Point", "coordinates": [74.550233, 42.93158]}, "properties": {"id": 824, "price": 2650000.0, "city": "Бишкек"}}, {"type": "Feature", "geometry": {"type": "Point", "coordinates": [74.655665, 42.925404]}, "properties": {"id": 825, "price": 5847000.0, "city": "Бишкек"}}, {"type": "Feature", "geometry": {"type": "Point", "coordinates": [74.70431, 42.813364]}, "properties": {"id": 826, "price": 2318000.0, "city": "Бишкек"}}, {"type": "Feature", "geometry": {"type": "Point", "coordinates": [74.633112, 42.760868]}, "properties": {"id": 827, "price": 3884000.0, "city": "Бишкек"}}, {"type": "Feature", "geometry": {"type": "Point", "coordinates": [74.605749, 42.867329]}, "properties": {"id": 828, "price": 2427000.0, "city": "Бишкек"}}, {"type": "Feature", "geometry": {"type": "Point", "coordinates": [74.695428, 43.022899]}, "properties": {"id": 829, "price": 6818000.0, "city": "Бишкек"}}, {"type": "Feature", "geometry": {"type": "Point", "coordinates": [74.729678, 42.947141]}, "properties": {"id": 830, "price": 5017000.0, "city": "Бишкек"}}, {"type": "Feature", "geometry": {"type": "Point", "coordinates": [74.708202, 42.853349]}, "properties": {"id": 831, "price": 1079000.0, "city": "Бишкек"}}, {"type": "Feature", "geometry": {"type": "Point", "coordinates": [74.600436, 42.886648]}, "properties": {"id": 832, "price": 2600000.0, "city": "Бишкек"}}, {"type": "Feature", "geometry": {"type": "Point", "coordinates": [74.667018, 43.014534]}, "properties": {"id": 833, "price": 4244000.0, "city": "Бишкек"}}, {"type": "Feature", "geometry": {"type": "Point", "coordinates": [74.580276, 42.788441]}, "properties": {"id": 834, "price": 1521000.0, "city": "Бишкек"}}, {"type": "Feature", "geometry": {"type": "Point", "coordinates": [74.560887, 42.842634]}, "properties": {"id": 835, "price": 11578000.0, "city": "Бишкек"}}, {"type": "Feature", "geometry": {"type": "Point", "coordinates": [74.571267, 43.030649]}, "properties": {"id": 836, "price": 4689000.0, "city": "Бишкек"}}, {"type": "Feature", "geometry": {"type": "Point", "coordinates": [74.862673, 42.661963]}, "properties": {"id": 837, "price": 2763000.0, "city": "Бишкек"}}, {"type": "Feature", "geometry": {"type": "Point", "coordinates": [74.571245, 42.924583]}, "properties": {"id": 838, "price": 56728000.0, "city": "Бишкек"}}, {"type": "Feature", "geometry": {"type": "Point", "coordinates": [74.553049, 42.915679]}, "properties": {"id": 839, "price": 9574000.0, "city": "Бишкек"}}, {"type": "Feature", "geometry": {"type": "Point", "coordinates": [74.598868, 42.741787]}, "properties": {"id": 840, "price": 1480000.0, "city": "Бишкек"}}, {"type": "Feature", "geometry": {"type": "Point", "coordinates": [74.596055, 42.852219]}, "properties": {"id": 841, "price": 11069000.0, "city": "Бишкек"}}, {"type": "Feature", "geometry": {"type": "Point", "coordinates": [74.581387, 42.867767]}, "properties": {"id": 842, "price": 46479000.0, "city": "Бишкек"}}, {"type": "Feature", "geometry": {"type": "Point", "coordinates": [74.600827, 42.858185]}, "properties": {"id": 843, "price": 5084000.0, "city": "Бишкек"}}, {"type": "Feature", "geometry": {"type": "Point", "coordinates": [74.520289, 42.960635]}, "properties": {"id": 844, "price": 3766000.0, "city": "Бишкек"}}, {"type": "Feature", "geometry": {"type": "Point", "coordinates": [74.564573, 42.741809]}, "properties": {"id": 845, "price": 2188000.0, "city": "Бишкек"}}, {"type": "Feature", "geometry": {"type": "Point", "coordinates": [74.570742, 42.806963]}, "properties": {"id": 846, "price": 3686000.0, "city": "Бишкек"}}, {"type": "Feature", "geometry": {"type": "Point", "coordinates": [74.635051, 42.833435]}, "properties": {"id": 847, "price": 9413000.0, "city": "Бишкек"}}, {"type": "Feature", "geometry": {"type": "Point", "coordinates": [74.64795, 42.905726]}, "properties": {"id": 848, "price": 1079000.0, "city": "Бишкек"}}, {"type": "Feature", "geometry": {"type": "Point", "coordinates": [74.602275, 42.995895]}, "properties": {"id": 849, "price": 2288000.0, "city": "Бишкек"}}, {"type": "Feature", "geometry": {"type": "Point", "coordinates": [74.604229, 42.901813]}, "properties": {"id": 850, "price": 4038000.0, "city": "Бишкек"}}, {"type": "Feature", "geometry": {"type": "Point", "coordinates": [74.694003, 42.83805]}, "properties": {"id": 851, "price": 2212000.0, "city": "Бишкек"}}, {"type": "Feature", "geometry": {"type": "Point", "coordinates": [74.770518, 42.76972]}, "properties": {"id": 852, "price": 3746000.0, "city": "Бишкек"}}, {"type": "Feature", "geometry": {"type": "Point", "coordinates": [74.713263, 42.93881]}, "properties": {"id": 853, "price": 9215000.0, "city": "Бишкек"}}, {"type": "Feature", "geometry": {"type": "Point", "coordinates": [74.609516, 42.947059]}, "properties": {"id": 854, "price": 31841000.0, "city": "Бишкек"}}, {"type": "Feature", "geometry": {"type": "Point", "coordinates": [74.567492, 42.884807]}, "properties": {"id": 855, "price": 695000.0, "city": "Бишкек"}}, {"type": "Feature", "geometry": {"type": "Point", "coordinates": [74.566851, 43.048647]}, "properties": {"id": 856, "price": 2372000.0, "city": "Бишкек"}}, {"type": "Feature", "geometry": {"type": "Point", "coordinates": [74.751566, 42.969311]}, "properties": {"id": 857, "price": 2645000.0, "city": "Бишкек"}}, {"type": "Feature", "geometry": {"type": "Point", "coordinates": [74.580531, 42.822293]}, "properties": {"id": 858, "price": 5189000.0, "city": "Бишкек"}}, {"type": "Feature", "geometry": {"type": "Point", "coordinates": [74.46414, 42.732364]}, "properties": {"id": 859, "price": 2556000.0, "city": "Бишкек"}}, {"type": "Feature", "geometry": {"type": "Point", "coordinates": [74.653633, 42.966935]}, "properties": {"id": 860, "price": 30873000.0, "city": "Бишкек"}}, {"type": "Feature", "geometry": {"type": "Point", "coordinates": [74.465336, 43.002909]}, "properties": {"id": 861, "price": 15786000.0, "city": "Бишкек"}}, {"type": "Feature", "geometry": {"type": "Point", "coordinates": [74.62643, 42.827728]}, "properties": {"id": 862, "price": 3293000.0, "city": "Бишкек"}}, {"type": "Feature", "geometry": {"type": "Point", "coordinates": [74.667321, 42.853758]}, "properties": {"id": 863, "price": 5954000.0, "city": "Бишкек"}}, {"type": "Feature", "geometry": {"type": "Point", "coordinates": [74.66078, 42.732022]}, "properties": {"id": 864, "price": 1511000.0, "city": "Бишкек"}}, {"type": "Feature", "geometry": {"type": "Point", "coordinates": [74.59695, 42.893368]}, "properties": {"id": 865, "price": 7193000.0, "city": "Бишкек"}}, {"type": "Feature", "geometry": {"type": "Point", "coordinates": [74.664383, 42.865811]}, "properties": {"id": 866, "price": 24517000.0, "city": "Бишкек"}}, {"type": "Feature", "geometry": {"type": "Point", "coordinates": [74.586164, 42.89083]}, "properties": {"id": 867, "price": 1354000.0, "city": "Бишкек"}}, {"type": "Feature", "geometry": {"type": "Point", "coordinates": [74.569811, 42.73016]}, "properties": {"id": 868, "price": 14920000.0, "city": "Бишкек"}}, {"type": "Feature", "geometry": {"type": "Point", "coordinates": [74.358803, 42.764922]}, "properties": {"id": 869, "price": 4692000.0, "city": "Бишкек"}}, {"type": "Feature", "geometry": {"type": "Point", "coordinates": [74.458533, 42.852135]}, "properties": {"id": 870, "price": 2188000.0, "city": "Бишкек"}}, {"type": "Feature", "geometry": {"type": "Point", "coordinates": [74.613024, 42.966712]}, "properties": {"id": 871, "price": 4924000.0, "city": "Бишкек"}}, {"type": "Feature", "geometry": {"type": "Point", "coordinates": [74.680046, 42.766242]}, "properties": {"id": 872, "price": 22183000.0, "city": "Бишкек"}}, {"type": "Feature", "geometry": {"type": "Point", "coordinates": [74.575925, 42.828794]}, "properties": {"id": 873, "price": 18222000.0, "city": "Бишкек"}}, {"type": "Feature", "geometry": {"type": "Point", "coordinates": [74.6391, 42.845743]}, "properties": {"id": 874, "price": 4204000.0, "city": "Бишкек"}}, {"type": "Feature", "geometry": {"type": "Point", "coordinates": [74.64378, 42.868606]}, "properties": {"id": 875, "price": 2144000.0, "city": "Бишкек"}}, {"type": "Feature", "geometry": {"type": "Point", "coordinates": [74.55211, 42.916395]}, "properties": {"id": 876, "price": 7006000.0, "city": "Бишкек"}}, {"type": "Feature", "geometry": {"type": "Point", "coordinates": [74.425506, 42.937736]}, "properties": {"id": 877, "price": 3594000.0, "city": "Бишкек"}}, {"type": "Feature", "geometry": {"type": "Point", "coordinates": [74.466652, 42.877002]}, "properties": {"id": 878, "price": 1590000.0, "city": "Бишкек"}}, {"type": "Feature", "geometry": {"type": "Point", "coordinates": [74.610475, 42.873953]}, "properties": {"id": 879, "price": 2050000.0, "city": "Бишкек"}}, {"type": "Feature", "geometry": {"type": "Point", "coordinates": [74.549724, 42.816617]}, "properties": {"id": 880, "price": 4034000.0, "city": "Бишкек"}}, {"type": "Feature", "geometry": {"type": "Point", "coordinates": [74.496133, 42.658763]}, "properties": {"id": 881, "price": 3271000.0, "city": "Бишкек"}}, {"type": "Feature", "geometry": {"type": "Point", "coordinates": [74.630843, 42.983099]}, "properties": {"id": 882, "price": 6099000.0, "city": "Бишкек"}}, {"type": "Feature", "geometry": {"type": "Point", "coordinates": [74.467957, 42.899183]}, "properties": {"id": 883, "price": 9368000.0, "city": "Бишкек"}}, {"type": "Feature", "geometry": {"type": "Point", "coordinates": [74.616344, 42.803911]}, "properties": {"id": 884, "price": 2592000.0, "city": "Бишкек"}}, {"type": "Feature", "geometry": {"type": "Point", "coordinates": [74.693235, 42.856184]}, "properties": {"id": 885, "price": 6510000.0, "city": "Бишкек"}}, {"type": "Feature", "geometry": {"type": "Point", "coordinates": [74.669625, 42.891588]}, "properties": {"id": 886, "price": 2320000.0, "city": "Бишкек"}}, {"type": "Feature", "geometry": {"type": "Point", "coordinates": [74.603745, 42.827792]}, "properties": {"id": 887, "price": 3938000.0, "city": "Бишкек"}}, {"type": "Feature", "geometry": {"type": "Point", "coordinates": [74.702655, 42.832185]}, "properties": {"id": 888, "price": 6907000.0, "city": "Бишкек"}}, {"type": "Feature", "geometry": {"type": "Point", "coordinates": [74.602307, 42.827881]}, "properties": {"id": 889, "price": 7633000.0, "city": "Бишкек"}}, {"type": "Feature", "geometry": {"type": "Point", "coordinates": [74.681835, 42.760912]}, "properties": {"id": 890, "price": 13406000.0, "city": "Бишкек"}}, {"type": "Feature", "geometry": {"type": "Point", "coordinates": [74.47614, 42.66473]}, "properties": {"id": 891, "price": 1797000.0, "city": "Бишкек"}}, {"type": "Feature", "geometry": {"type": "Point", "coordinates": [74.581216, 42.868616]}, "properties": {"id": 892, "price": 53553000.0, "city": "Бишкек"}}, {"type": "Feature", "geometry": {"type": "Point", "coordinates": [74.493725, 42.887354]}, "properties": {"id": 893, "price": 27088000.0, "city": "Бишкек"}}, {"type": "Feature", "geometry": {"type": "Point", "coordinates": [74.469591, 42.797879]}, "properties": {"id": 894, "price": 1530000.0, "city": "Бишкек"}}, {"type": "Feature", "geometry": {"type": "Point", "coordinates": [74.445131, 42.752339]}, "properties": {"id": 895, "price": 4923000.0, "city": "Бишкек"}}, {"type": "Feature", "geometry": {"type": "Point", "coordinates": [74.832882, 42.846018]}, "properties": {"id": 896, "price": 11283000.0, "city": "Бишкек"}}, {"type": "Feature", "geometry": {"type": "Point", "coordinates": [74.870731, 42.814408]}, "properties": {"id": 897, "price": 3667000.0, "city": "Бишкек"}}, {"type": "Feature", "geometry": {"type": "Point", "coordinates": [74.479764, 42.955476]}, "properties": {"id": 898, "price": 11587000.0, "city": "Бишкек"}}, {"type": "Feature", "geometry": {"type": "Point", "coordinates": [74.552619, 42.685196]}, "properties": {"id": 899, "price": 19226000.0, "city": "Бишкек"}}, {"type": "Feature", "geometry": {"type": "Point", "coordinates": [74.567154, 42.825043]}, "properties": {"id": 900, "price": 4453000.0, "city": "Бишкек"}}, {"type": "Feature", "geometry": {"type": "Point", "coordinates": [74.528002, 42.998003]}, "properties": {"id": 901, "price": 46003000.0, "city": "Бишкек"}}, {"type": "Feature", "geometry": {"type": "Point", "coordinates": [74.726567, 42.84395]}, "properties": {"id": 902, "price": 4612000.0, "city": "Бишкек"}}, {"type": "Feature", "geometry": {"type": "Point", "coordinates": [74.681947, 42.936406]}, "properties": {"id": 903, "price": 5853000.0, "city": "Бишкек"}}, {"type": "Feature", "geometry": {"type": "Point", "coordinates": [74.560498, 42.784408]}, "properties": {"id": 904, "price": 18097000.0, "city": "Бишкек"}}, {"type": "Feature", "geometry": {"type": "Point", "coordinates": [74.568806, 43.063552]}, "properties": {"id": 905, "price": 14273000.0, "city": "Бишкек"}}, {"type": "Feature", "geometry": {"type": "Point", "coordinates": [74.667537, 42.883462]}, "properties": {"id": 906, "price": 4000000.0, "city": "Бишкек"}}, {"type": "Feature", "geometry": {"type": "Point", "coordinates": [74.612269, 42.81536]}, "properties": {"id": 907, "price": 1201000.0, "city": "Бишкек"}}, {"type": "Feature", "geometry": {"type": "Point", "coordinates": [74.693771, 42.744954]}, "properties": {"id": 908, "price": 2409000.0, "city": "Бишкек"}}, {"type": "Feature", "geometry": {"type": "Point", "coordinates": [74.791854, 42.911577]}, "properties": {"id": 909, "price": 2683000.0, "city": "Бишкек"}}, {"type": "Feature", "geometry": {"type": "Point", "coordinates": [74.599001, 42.674971]}, "properties": {"id": 910, "price": 14735000.0, "city": "Бишкек"}}, {"type": "Feature", "geometry": {"type": "Point", "coordinates": [74.625837, 43.04922]}, "properties": {"id": 911, "price": 11452000.0, "city": "Бишкек"}}, {"type": "Feature", "geometry": {"type": "Point", "coordinates": [74.495267, 42.678305]}, "properties": {"id": 912, "price": 7784000.0, "city": "Бишкек"}}, {"type": "Feature", "geometry": {"type": "Point", "coordinates": [74.697796, 42.861496]}, "properties": {"id": 913, "price": 3065000.0, "city": "Бишкек"}}, {"type": "Feature", "geometry": {"type": "Point", "coordinates": [74.611027, 43.013812]}, "properties": {"id": 914, "price": 18441000.0, "city": "Бишкек"}}, {"type": "Feature", "geometry": {"type": "Point", "coordinates": [74.718266, 42.681618]}, "properties": {"id": 915, "price": 15772000.0, "city": "Бишкек"}}, {"type": "Feature", "geometry": {"type": "Point", "coordinates": [74.616236, 42.748886]}, "properties": {"id": 916, "price": 6881000.0, "city": "Бишкек"}}, {"type": "Feature", "geometry": {"type": "Point", "coordinates": [74.693581, 42.856027]}, "properties": {"id": 917, "price": 2238000.0, "city": "Бишкек"}}, {"type": "Feature", "geometry": {"type": "Point", "coordinates": [74.636034, 42.93161]}, "properties": {"id": 918, "price": 4886000.0, "city": "Бишкек"}}, {"type": "Feature", "geometry": {"type": "Point", "coordinates": [74.497316, 42.929982]}, "properties": {"id": 919, "price": 2002000.0, "city": "Бишкек"}}, {"type": "Feature", "geometry": {"type": "Point", "coordinates": [74.609377, 42.964145]}, "properties": {"id": 920, "price": 9858000.0, "city": "Бишкек"}}, {"type": "Feature", "geometry": {"type": "Point", "coordinates": [74.662406, 42.947196]}, "properties": {"id": 921, "price": 2838000.0, "city": "Бишкек"}}, {"type": "Feature", "geometry": {"type": "Point", "coordinates": [74.502106, 42.776789]}, "properties": {"id": 922, "price": 5863000.0, "city": "Бишкек"}}, {"type": "Feature", "geometry": {"type": "Point", "coordinates": [74.502232, 43.010833]}, "properties": {"id": 923, "price": 1128000.0, "city": "Бишкек"}}, {"type": "Feature", "geometry": {"type": "Point", "coordinates": [74.627369, 42.908982]}, "properties": {"id": 924, "price": 5080000.0, "city": "Бишкек"}}, {"type": "Feature", "geometry": {"type": "Point", "coordinates": [74.569463, 42.864472]}, "properties": {"id": 925, "price": 1112000.0, "city": "Бишкек"}}, {"type": "Feature", "geometry": {"type": "Point", "coordinates": [74.565644, 42.956961]}, "properties": {"id": 926, "price": 2406000.0, "city": "Бишкек"}}, {"type": "Feature", "geometry": {"type": "Point", "coordinates": [74.28094, 42.810332]}, "properties": {"id": 927, "price": 19774000.0, "city": "Бишкек"}}, {"type": "Feature", "geometry": {"type": "Point", "coordinates": [74.760664, 42.882821]}, "properties": {"id": 928, "price": 7522000.0, "city": "Бишкек"}}, {"type": "Feature", "geometry": {"type": "Point", "coordinates": [74.506943, 42.783319]}, "properties": {"id": 929, "price": 47302000.0, "city": "Бишкек"}}, {"type": "Feature", "geometry": {"type": "Point", "coordinates": [74.516265, 43.075396]}, "properties": {"id": 930, "price": 35435000.0, "city": "Бишкек"}}, {"type": "Feature", "geometry": {"type": "Point", "coordinates": [74.533252, 42.854204]}, "properties": {"id": 931, "price": 52884000.0, "city": "Бишкек"}}, {"type": "Feature", "geometry": {"type": "Point", "coordinates": [74.484812, 43.002055]}, "properties": {"id": 932, "price": 3219000.0, "city": "Бишкек"}}, {"type": "Feature", "geometry": {"type": "Point", "coordinates": [74.664688, 42.835593]}, "properties": {"id": 933, "price": 7741000.0, "city": "Бишкек"}}, {"type": "Feature", "geometry": {"type": "Point", "coordinates": [74.736305, 43.091845]}, "properties": {"id": 934, "price": 3037000.0, "city": "Бишкек"}}, {"type": "Feature", "geometry": {"type": "Point", "coordinates": [74.748747, 42.93417]}, "properties": {"id": 935, "price": 18379000.0, "city": "Бишкек"}}, {"type": "Feature", "geometry": {"type": "Point", "coordinates": [74.570565, 42.896075]}, "properties": {"id": 936, "price": 6514000.0, "city": "Бишкек"}}, {"type": "Feature", "geometry": {"type": "Point", "coordinates": [74.783051, 42.848885]}, "properties": {"id": 937, "price": 7699000.0, "city": "Бишкек"}}, {"type": "Feature", "geometry": {"type": "Point", "coordinates": [74.611071, 42.816828]}, "properties": {"id": 938, "price": 4659000.0, "city": "Бишкек"}}, {"type": "Feature", "geometry": {"type": "Point", "coordinates": [74.640681, 42.892058]}, "properties": {"id": 939, "price": 14697000.0, "city": "Бишкек"}}, {"type": "Feature", "geometry": {"type": "Point", "coordinates": [74.54815, 42.841984]}, "properties": {"id": 940, "price": 1531000.0, "city": "Бишкек"}}, {"type": "Feature", "geometry": {"type": "Point", "coordinates": [74.539381, 42.796843]}, "properties": {"id": 941, "price": 2216000.0, "city": "Бишкек"}}, {"type": "Feature", "geometry": {"type": "Point", "coordinates": [74.472396, 42.843503]}, "properties": {"id": 942, "price": 6780000.0, "city": "Бишкек"}}, {"type": "Feature", "geometry": {"type": "Point", "coordinates": [74.478774, 42.795002]}, "properties": {"id": 943, "price": 2827000.0, "city": "Бишкек"}}, {"type": "Feature", "geometry": {"type": "Point", "coordinates": [74.750367, 42.983361]}, "properties": {"id": 944, "price": 808000.0, "city": "Бишкек"}}, {"type": "Feature", "geometry": {"type": "Point", "coordinates": [74.622482, 42.767793]}, "properties": {"id": 945, "price": 6304000.0, "city": "Бишкек"}}, {"type": "Feature", "geometry": {"type": "Point", "coordinates": [74.490361, 42.894693]}, "properties": {"id": 946, "price": 1538000.0, "city": "Бишкек"}}, {"type": "Feature", "geometry": {"type": "Point", "coordinates": [74.649126, 42.754527]}, "properties": {"id": 947, "price": 25763000.0, "city": "Бишкек"}}, {"type": "Feature", "geometry": {"type": "Point", "coordinates": [74.514445, 42.675725]}, "properties": {"id": 948, "price": 16752000.0, "city": "Бишкек"}}, {"type": "Feature", "geometry": {"type": "Point", "coordinates": [74.441467, 43.049392]}, "properties": {"id": 949, "price": 5775000.0, "city": "Бишкек"}}, {"type": "Feature", "geometry": {"type": "Point", "coordinates": [74.619379, 42.881622]}, "properties": {"id": 950, "price": 5686000.0, "city": "Бишкек"}}, {"type": "Feature", "geometry": {"type": "Point", "coordinates": [74.692765, 42.846722]}, "properties": {"id": 951, "price": 18843000.0, "city": "Бишкек"}}, {"type": "Feature", "geometry": {"type": "Point", "coordinates": [74.55483, 42.960341]}, "properties": {"id": 952, "price": 5563000.0, "city": "Бишкек"}}, {"type": "Feature", "geometry": {"type": "Point", "coordinates": [74.64969, 42.934466]}, "properties": {"id": 953, "price": 10332000.0, "city": "Бишкек"}}, {"type": "Feature", "geometry": {"type": "Point", "coordinates": [74.687163, 43.037497]}, "properties": {"id": 954, "price": 18217000.0, "city": "Бишкек"}}, {"type": "Feature", "geometry": {"type": "Point", "coordinates": [74.905149, 42.74204]}, "properties": {"id": 955, "price": 5748000.0, "city": "Бишкек"}}, {"type": "Feature", "geometry": {"type": "Point", "coordinates": [74.602764, 42.910735]}, "properties": {"id": 956, "price": 2341000.0, "city": "Бишкек"}}, {"type": "Feature", "geometry": {"type": "Point", "coordinates": [74.522852, 42.881807]}, "properties": {"id": 957, "price": 2173000.0, "city": "Бишкек"}}, {"type": "Feature", "geometry": {"type": "Point", "coordinates": [74.724645, 42.956345]}, "properties": {"id": 958, "price": 32711000.0, "city": "Бишкек"}}, {"type": "Feature", "geometry": {"type": "Point", "coordinates": [74.480382, 42.916839]}, "properties": {"id": 959, "price": 2002000.0, "city": "Бишкек"}}, {"type": "Feature", "geometry": {"type": "Point", "coordinates": [74.524944, 42.836481]}, "properties": {"id": 960, "price": 1628000.0, "city": "Бишкек"}}, {"type": "Feature", "geometry": {"type": "Point", "coordinates": [74.687345, 42.876882]}, "properties": {"id": 961, "price": 2376000.0, "city": "Бишкек"}}, {"type": "Feature", "geometry": {"type": "Point", "coordinates": [74.435934, 42.949404]}, "properties": {"id": 962, "price": 2359000.0, "city": "Бишкек"}}, {"type": "Feature", "geometry": {"type": "Point", "coordinates": [74.69245, 42.797209]}, "properties": {"id": 963, "price": 4527000.0, "city": "Бишкек"}}, {"type": "Feature", "geometry": {"type": "Point", "coordinates": [74.55327, 42.854766]}, "properties": {"id": 964, "price": 7209000.0, "city": "Бишкек"}}, {"type": "Feature", "geometry": {"type": "Point", "coordinates": [74.646866, 42.832]}, "properties": {"id": 965, "price": 4316000.0, "city": "Бишкек"}}, {"type": "Feature", "geometry": {"type": "Point", "coordinates": [74.642339, 42.848475]}, "properties": {"id": 966, "price": 645000.0, "city": "Бишкек"}}, {"type": "Feature", "geometry": {"type": "Point", "coordinates": [74.58705, 42.873465]}, "properties": {"id": 967, "price": 5026000.0, "city": "Бишкек"}}, {"type": "Feature", "geometry": {"type": "Point", "coordinates": [74.428493, 42.757957]}, "properties": {"id": 968, "price": 5717000.0, "city": "Бишкек"}}, {"type": "Feature", "geometry": {"type": "Point", "coordinates": [74.725232, 42.873697]}, "properties": {"id": 969, "price": 12390000.0, "city": "Бишкек"}}, {"type": "Feature", "geometry": {"type": "Point", "coordinates": [74.640911, 43.044178]}, "properties": {"id": 970, "price": 11492000.0, "city": "Бишкек"}}, {"type": "Feature", "geometry": {"type": "Point", "coordinates": [74.495613, 42.90089]}, "properties": {"id": 971, "price": 5511000.0, "city": "Бишкек"}}, {"type": "Feature", "geometry": {"type": "Point", "coordinates": [74.510968, 42.708988]}, "properties": {"id": 972, "price": 15368000.0, "city": "Бишкек"}}, {"type": "Feature", "geometry": {"type": "Point", "coordinates": [74.672813, 42.978343]}, "properties": {"id": 973, "price": 3896000.0, "city": "Бишкек"}}, {"type": "Feature", "geometry": {"type": "Point", "coordinates": [74.751416, 42.828117]}, "properties": {"id": 974, "price": 49437000.0, "city": "Бишкек"}}, {"type": "Feature", "geometry": {"type": "Point", "coordinates": [74.518429, 42.884354]}, "properties": {"id": 975, "price": 1770000.0, "city": "Бишкек"}}, {"type": "Feature", "geometry": {"type": "Point", "coordinates": [74.700841, 42.911552]}, "properties": {"id": 976, "price": 1096000.0, "city": "Бишкек"}}, {"type": "Feature", "geometry": {"type": "Point", "coordinates": [74.691411, 42.822729]}, "properties": {"id": 977, "price": 5273000.0, "city": "Бишкек"}}, {"type": "Feature", "geometry": {"type": "Point", "coordinates": [74.881116, 42.955368]}, "properties": {"id": 978, "price": 2289000.0, "city": "Бишкек"}}, {"type": "Feature", "geometry": {"type": "Point", "coordinates": [74.425751, 42.84941]}, "properties": {"id": 979, "price": 11160000.0, "city": "Бишкек"}}, {"type": "Feature", "geometry": {"type": "Point", "coordinates": [74.552781, 42.8576]}, "properties": {"id": 980, "price": 4826000.0, "city": "Бишкек"}}, {"type": "Feature", "geometry": {"type": "Point", "coordinates": [74.503778, 42.718594]}, "properties": {"id": 981, "price": 4882000.0, "city": "Бишкек"}}, {"type": "Feature", "geometry": {"type": "Point", "coordinates": [74.712837, 42.80826]}, "properties": {"id": 982, "price": 7339000.0, "city": "Бишкек"}}, {"type": "Feature", "geometry": {"type": "Point", "coordinates": [74.497874, 42.884059]}, "properties": {"id": 983, "price": 5509000.0, "city": "Бишкек"}}, {"type": "Feature", "geometry": {"type": "Point", "coordinates": [74.650857, 42.920716]}, "properties": {"id": 984, "price": 2144000.0, "city": "Бишкек"}}, {"type": "Feature", "geometry": {"type": "Point", "coordinates": [74.627603, 42.937057]}, "properties": {"id": 985, "price": 6587000.0, "city": "Бишкек"}}, {"type": "Feature", "geometry": {"type": "Point", "coordinates": [74.665467, 42.923579]}, "properties": {"id": 986, "price": 16643000.0, "city": "Бишкек"}}, {"type": "Feature", "geometry": {"type": "Point", "coordinates": [74.498807, 42.887828]}, "properties": {"id": 987, "price": 987000.0, "city": "Бишкек"}}, {"type": "Feature", "geometry": {"type": "Point", "coordinates": [74.622858, 42.856149]}, "properties": {"id": 988, "price": 1976000.0, "city": "Бишкек"}}, {"type": "Feature", "geometry": {"type": "Point", "coordinates": [74.686866, 42.994121]}, "properties": {"id": 989, "price": 1973000.0, "city": "Бишкек"}}, {"type": "Feature", "geometry": {"type": "Point", "coordinates": [74.684778, 42.9012]}, "properties": {"id": 990, "price": 2900000.0, "city": "Бишкек"}}, {"type": "Feature", "geometry": {"type": "Point", "coordinates": [74.507711, 42.799327]}, "properties": {"id": 991, "price": 2327000.0, "city": "Бишкек"}}, {"type": "Feature", "geometry": {"type": "Point", "coordinates": [74.56921, 42.805187]}, "properties": {"id": 992, "price": 1678000.0, "city": "Бишкек"}}, {"type": "Feature", "geometry": {"type": "Point", "coordinates": [74.812975, 42.86548]}, "properties": {"id": 993, "price": 2593000.0, "city": "Бишкек"}}, {"type": "Feature", "geometry": {"type": "Point", "coordinates": [74.468808, 42.769261]}, "properties": {"id": 994, "price": 10183000.0, "city": "Бишкек"}}, {"type": "Feature", "geometry": {"type": "Point", "coordinates": [74.570052, 42.808508]}, "properties": {"id": 995, "price": 12112000.0, "city": "Бишкек"}}, {"type": "Feature", "geometry": {"type": "Point", "coordinates": [74.484226, 42.913118]}, "properties": {"id": 996, "price": 1525000.0, "city": "Бишкек"}}, {"type": "Feature", "geometry": {"type": "Point", "coordinates": [74.664395, 42.916995]}, "properties": {"id": 997, "price": 14052000.0, "city": "Бишкек"}}, {"type": "Feature", "geometry": {"type": "Point", "coordinates": [74.562355, 42.902086]}, "properties": {"id": 998, "price": 1742000.0, "city": "Бишкек"}}, {"type": "Feature", "geometry": {"type": "Point", "coordinates": [74.591002, 42.855971]}, "properties": {"id": 999, "price": 14040000.0, "city": "Бишкек"}}, {"type": "Feature", "geometry": {"type": "Point", "coordinates": [74.697056, 42.951829]}, "properties": {"id": 1000, "price": 2048000.0, "city": "Бишкек"}}, {"type": "Feature", "geometry": {"type": "Point", "coordinates": [74.711989, 42.686194]}, "properties": {"id": 1001, "price": 15791000.0, "city": "Бишкек"}}, {"type": "Feature", "geometry": {"type": "Point", "coordinates": [74.51693, 42.861319]}, "properties": {"id": 1002, "price": 1872000.0, "city": "Бишкек"}}, {"type": "Feature", "geometry": {"type": "Point", "coordinates": [74.635343, 43.053162]}, "properties": {"id": 1003, "price": 12575000.0, "city": "Бишкек"}}, {"type": "Feature", "geometry": {"type": "Point", "coordinates": [74.472812, 42.787307]}, "properties": {"id": 1004, "price": 16360000.0, "city": "Бишкек"}}, {"type": "Feature", "geometry": {"type": "Point", "coordinates": [74.656024, 42.905489]}, "properties": {"id": 1005, "price": 4163000.0, "city": "Бишкек"}}, {"type": "Feature", "geometry": {"type": "Point", "coordinates": [74.663848, 42.811406]}, "properties": {"id": 1006, "price": 12904000.0, "city": "Бишкек"}}, {"type": "Feature", "geometry": {"type": "Point", "coordinates": [74.670952, 43.020364]}, "properties": {"id": 1007, "price": 14936000.0, "city": "Бишкек"}}, {"type": "Feature", "geometry": {"type": "Point", "coordinates": [74.621071, 42.882706]}, "properties": {"id": 1008, "price": 6439000.0, "city": "Бишкек"}}, {"type": "Feature", "geometry": {"type": "Point", "coordinates": [74.574037, 42.961436]}, "properties": {"id": 1009, "price": 2164000.0, "city": "Бишкек"}}, {"type": "Feature", "geometry": {"type": "Point", "coordinates": [74.607715, 43.071062]}, "properties": {"id": 1010, "price": 4828000.0, "city": "Бишкек"}}, {"type": "Feature", "geometry": {"type": "Point", "coordinates": [74.58804, 43.02374]}, "properties": {"id": 1011, "price": 12959000.0, "city": "Бишкек"}}, {"type": "Feature", "geometry": {"type": "Point", "coordinates": [74.636384, 42.7624]}, "properties": {"id": 1012, "price": 5775000.0, "city": "Бишкек"}}, {"type": "Feature", "geometry": {"type": "Point", "coordinates": [74.610169, 42.960159]}, "properties": {"id": 1013, "price": 2293000.0, "city": "Бишкек"}}, {"type": "Feature", "geometry": {"type": "Point", "coordinates": [74.594668, 42.678863]}, "properties": {"id": 1014, "price": 6739000.0, "city": "Бишкек"}}, {"type": "Feature", "geometry": {"type": "Point", "coordinates": [74.465818, 42.925649]}, "properties": {"id": 1015, "price": 1115000.0, "city": "Бишкек"}}, {"type": "Feature", "geometry": {"type": "Point", "coordinates": [74.538472, 42.927771]}, "properties": {"id": 1016, "price": 6485000.0, "city": "Бишкек"}}, {"type": "Feature", "geometry": {"type": "Point", "coordinates": [74.596324, 42.817568]}, "properties": {"id": 1017, "price": 20212000.0, "city": "Бишкек"}}, {"type": "Feature", "geometry": {"type": "Point", "coordinates": [74.659312, 42.904952]}, "properties": {"id": 1018, "price": 37415000.0, "city": "Бишкек"}}, {"type": "Feature", "geometry": {"type": "Point", "coordinates": [74.677352, 42.902348]}, "properties": {"id": 1019, "price": 691000.0, "city": "Бишкек"}}, {"type": "Feature", "geometry": {"type": "Point", "coordinates": [74.396552, 43.066348]}, "properties": {"id": 1020, "price": 5605000.0, "city": "Бишкек"}}, {"type": "Feature", "geometry": {"type": "Point", "coordinates": [74.57997, 42.7436]}, "properties": {"id": 1021, "price": 52809000.0, "city": "Бишкек"}}, {"type": "Feature", "geometry": {"type": "Point", "coordinates": [74.543818, 42.791632]}, "properties": {"id": 1022, "price": 2177000.0, "city": "Бишкек"}}, {"type": "Feature", "geometry": {"type": "Point", "coordinates": [74.639475, 42.797181]}, "properties": {"id": 1023, "price": 2039000.0, "city": "Бишкек"}}, {"type": "Feature", "geometry": {"type": "Point", "coordinates": [74.539958, 42.867398]}, "properties": {"id": 1024, "price": 687000.0, "city": "Бишкек"}}, {"type": "Feature", "geometry": {"type": "Point", "coordinates": [74.612362, 42.876992]}, "properties": {"id": 1025, "price": 2992000.0, "city": "Бишкек"}}, {"type": "Feature", "geometry": {"type": "Point", "coordinates": [74.629501, 42.782879]}, "properties": {"id": 1026, "price": 5930000.0, "city": "Бишкек"}}, {"type": "Feature", "geometry": {"type": "Point", "coordinates": [74.449794, 42.856419]}, "properties": {"id": 1027, "price": 816000.0, "city": "Бишкек"}}, {"type": "Feature", "geometry": {"type": "Point", "coordinates": [74.571734, 43.058377]}, "properties": {"id": 1028, "price": 33924000.0, "city": "Бишкек"}}, {"type": "Feature", "geometry": {"type": "Point", "coordinates": [74.690526, 42.856205]}, "properties": {"id": 1029, "price": 3973000.0, "city": "Бишкек"}}, {"type": "Feature", "geometry": {"type": "Point", "coordinates": [74.730452, 42.818695]}, "properties": {"id": 1030, "price": 1577000.0, "city": "Бишкек"}}, {"type": "Feature", "geometry": {"type": "Point", "coordinates": [74.642611, 42.898641]}, "properties": {"id": 1031, "price": 2873000.0, "city": "Бишкек"}}, {"type": "Feature", "geometry": {"type": "Point", "coordinates": [74.69403, 42.637745]}, "properties": {"id": 1032, "price": 17758000.0, "city": "Бишкек"}}, {"type": "Feature", "geometry": {"type": "Point", "coordinates": [74.474996, 42.804806]}, "properties": {"id": 1033, "price": 42527000.0, "city": "Бишкек"}}, {"type": "Feature", "geometry": {"type": "Point", "coordinates": [74.633262, 42.707599]}, "properties": {"id": 1034, "price": 38354000.0, "city": "Бишкек"}}, {"type": "Feature", "geometry": {"type": "Point", "coordinates": [74.483271, 42.907082]}, "properties": {"id": 1035, "price": 879000.0, "city": "Бишкек"}}, {"type": "Feature", "geometry": {"type": "Point", "coordinates": [74.741342, 42.932963]}, "properties": {"id": 1036, "price": 47077000.0, "city": "Бишкек"}}, {"type": "Feature", "geometry": {"type": "Point", "coordinates": [74.623156, 42.961018]}, "properties": {"id": 1037, "price": 40660000.0, "city": "Бишкек"}}, {"type": "Feature", "geometry": {"type": "Point", "coordinates": [74.800784, 42.886135]}, "properties": {"id": 1038, "price": 823000.0, "city": "Бишкек"}}, {"type": "Feature", "geometry": {"type": "Point", "coordinates": [74.526629, 42.71]}, "properties": {"id": 1039, "price": 2835000.0, "city": "Бишкек"}}, {"type": "Feature", "geometry": {"type": "Point", "coordinates": [74.519805, 42.88831]}, "properties": {"id": 1040, "price": 11229000.0, "city": "Бишкек"}}, {"type": "Feature", "geometry": {"type": "Point", "coordinates": [74.755512, 42.825149]}, "properties": {"id": 1041, "price": 39960000.0, "city": "Бишкек"}}, {"type": "Feature", "geometry": {"type": "Point", "coordinates": [74.662917, 43.029586]}, "properties": {"id": 1042, "price": 10481000.0, "city": "Бишкек"}}, {"type": "Feature", "geometry": {"type": "Point", "coordinates": [74.634367, 42.947086]}, "properties": {"id": 1043, "price": 3780000.0, "city": "Бишкек"}}, {"type": "Feature", "geometry": {"type": "Point", "coordinates": [74.788401, 43.014296]}, "properties": {"id": 1044, "price": 6317000.0, "city": "Бишкек"}}, {"type": "Feature", "geometry": {"type": "Point", "coordinates": [74.483858, 42.763121]}, "properties": {"id": 1045, "price": 3211000.0, "city": "Бишкек"}}, {"type": "Feature", "geometry": {"type": "Point", "coordinates": [74.473824, 42.89006]}, "properties": {"id": 1046, "price": 7927000.0, "city": "Бишкек"}}, {"type": "Feature", "geometry": {"type": "Point", "coordinates": [74.772982, 42.753089]}, "properties": {"id": 1047, "price": 7922000.0, "city": "Бишкек"}}, {"type": "Feature", "geometry": {"type": "Point", "coordinates": [74.682267, 42.833758]}, "properties": {"id": 1048, "price": 1984000.0, "city": "Бишкек"}}, {"type": "Feature", "geometry": {"type": "Point", "coordinates": [74.781137, 42.934402]}, "properties": {"id": 1049, "price": 5704000.0, "city": "Бишкек"}}, {"type": "Feature", "geometry": {"type": "Point", "coordinates": [74.512171, 42.873044]}, "properties": {"id": 1050, "price": 3874000.0, "city": "Бишкек"}}, {"type": "Feature", "geometry": {"type": "Point", "coordinates": [74.765316, 42.851833]}, "properties": {"id": 1051, "price": 6446000.0, "city": "Бишкек"}}, {"type": "Feature", "geometry": {"type": "Point", "coordinates": [74.680811, 42.879705]}, "properties": {"id": 1052, "price": 4627000.0, "city": "Бишкек"}}, {"type": "Feature", "geometry": {"type": "Point", "coordinates": [74.553319, 42.824132]}, "properties": {"id": 1053, "price": 4186000.0, "city": "Бишкек"}}, {"type": "Feature", "geometry": {"type": "Point", "coordinates": [74.47662, 42.899277]}, "properties": {"id": 1054, "price": 5494000.0, "city": "Бишкек"}}, {"type": "Feature", "geometry": {"type": "Point", "coordinates": [74.650325, 43.025177]}, "properties": {"id": 1055, "price": 7272000.0, "city": "Бишкек"}}, {"type": "Feature", "geometry": {"type": "Point", "coordinates": [74.600543, 42.93649]}, "properties": {"id": 1056, "price": 1982000.0, "city": "Бишкек"}}, {"type": "Feature", "geometry": {"type": "Point", "coordinates": [74.618359, 42.920057]}, "properties": {"id": 1057, "price": 1166000.0, "city": "Бишкек"}}, {"type": "Feature", "geometry": {"type": "Point", "coordinates": [74.523023, 42.915055]}, "properties": {"id": 1058, "price": 2902000.0, "city": "Бишкек"}}, {"type": "Feature", "geometry": {"type": "Point", "coordinates": [74.719009, 43.020736]}, "properties": {"id": 1059, "price": 1799000.0, "city": "Бишкек"}}, {"type": "Feature", "geometry": {"type": "Point", "coordinates": [74.806704, 42.869175]}, "properties": {"id": 1060, "price": 6603000.0, "city": "Бишкек"}}, {"type": "Feature", "geometry": {"type": "Point", "coordinates": [74.630798, 42.792207]}, "properties": {"id": 1061, "price": 5839000.0, "city": "Бишкек"}}, {"type": "Feature", "geometry": {"type": "Point", "coordinates": [74.489199, 42.965866]}, "properties": {"id": 1062, "price": 2553000.0, "city": "Бишкек"}}, {"type": "Feature", "geometry": {"type": "Point", "coordinates": [74.472741, 42.895307]}, "properties": {"id": 1063, "price": 4673000.0, "city": "Бишкек"}}, {"type": "Feature", "geometry": {"type": "Point", "coordinates": [74.529886, 42.972885]}, "properties": {"id": 1064, "price": 30309000.0, "city": "Бишкек"}}, {"type": "Feature", "geometry": {"type": "Point", "coordinates": [74.662647, 42.88092]}, "properties": {"id": 1065, "price": 19557000.0, "city": "Бишкек"}}, {"type": "Feature", "geometry": {"type": "Point", "coordinates": [74.653489, 42.998901]}, "properties": {"id": 1066, "price": 3873000.0, "city": "Бишкек"}}, {"type": "Feature", "geometry": {"type": "Point", "coordinates": [74.62993, 42.782626]}, "properties": {"id": 1067, "price": 5437000.0, "city": "Бишкек"}}, {"type": "Feature", "geometry": {"type": "Point", "coordinates": [74.594447, 42.665402]}, "properties": {"id": 1068, "price": 4433000.0, "city": "Бишкек"}}, {"type": "Feature", "geometry": {"type": "Point", "coordinates": [74.574346, 42.83341]}, "properties": {"id": 1069, "price": 2539000.0, "city": "Бишкек"}}, {"type": "Feature", "geometry": {"type": "Point", "coordinates": [74.538477, 42.995095]}, "properties": {"id": 1070, "price": 7245000.0, "city": "Бишкек"}}, {"type": "Feature", "geometry": {"type": "Point", "coordinates": [74.66578, 42.900368]}, "properties": {"id": 1071, "price": 1361000.0, "city": "Бишкек"}}, {"type": "Feature", "geometry": {"type": "Point", "coordinates": [74.591928, 42.95085]}, "properties": {"id": 1072, "price": 4356000.0, "city": "Бишкек"}}, {"type": "Feature", "geometry": {"type": "Point", "coordinates": [74.42471, 42.942236]}, "properties": {"id": 1073, "price": 5935000.0, "city": "Бишкек"}}, {"type": "Feature", "geometry": {"type": "Point", "coordinates": [74.713169, 42.852381]}, "properties": {"id": 1074, "price": 655000.0, "city": "Бишкек"}}, {"type": "Feature", "geometry": {"type": "Point", "coordinates": [74.591696, 42.72874]}, "properties": {"id": 1075, "price": 48028000.0, "city": "Бишкек"}}, {"type": "Feature", "geometry": {"type": "Point", "coordinates": [74.665147, 42.903736]}, "properties": {"id": 1076, "price": 753000.0, "city": "Бишкек"}}, {"type": "Feature", "geometry": {"type": "Point", "coordinates": [74.703408, 42.787527]}, "properties": {"id": 1077, "price": 1553000.0, "city": "Бишкек"}}, {"type": "Feature", "geometry": {"type": "Point", "coordinates": [74.616123, 42.83309]}, "properties": {"id": 1078, "price": 973000.0, "city": "Бишкек"}}, {"type": "Feature", "geometry": {"type": "Point", "coordinates": [74.495005, 42.702542]}, "properties": {"id": 1079, "price": 1194000.0, "city": "Бишкек"}}, {"type": "Feature", "geometry": {"type": "Point", "coordinates": [74.582296, 43.011718]}, "properties": {"id": 1080, "price": 2612000.0, "city": "Бишкек"}}, {"type": "Feature", "geometry": {"type": "Point", "coordinates": [74.757429, 42.900955]}, "properties": {"id": 1081, "price": 11902000.0, "city": "Бишкек"}}, {"type": "Feature", "geometry": {"type": "Point", "coordinates": [74.343649, 42.915139]}, "properties": {"id": 1082, "price": 4362000.0, "city": "Бишкек"}}, {"type": "Feature", "geometry": {"type": "Point", "coordinates": [74.363659, 42.964354]}, "properties": {"id": 1083, "price": 3885000.0, "city": "Бишкек"}}, {"type": "Feature", "geometry": {"type": "Point", "coordinates": [74.496708, 42.793339]}, "properties": {"id": 1084, "price": 5820000.0, "city": "Бишкек"}}, {"type": "Feature", "geometry": {"type": "Point", "coordinates": [74.470897, 42.853619]}, "properties": {"id": 1085, "price": 1433000.0, "city": "Бишкек"}}, {"type": "Feature", "geometry": {"type": "Point", "coordinates": [74.43705, 42.830018]}, "properties": {"id": 1086, "price": 4829000.0, "city": "Бишкек"}}, {"type": "Feature", "geometry": {"type": "Point", "coordinates": [74.606962, 42.959502]}, "properties": {"id": 1087, "price": 2557000.0, "city": "Бишкек"}}, {"type": "Feature", "geometry": {"type": "Point", "coordinates": [74.6652, 42.799637]}, "properties": {"id": 1088, "price": 3042000.0, "city": "Бишкек"}}, {"type": "Feature", "geometry": {"type": "Point", "coordinates": [74.826086, 42.760644]}, "properties": {"id": 1089, "price": 3046000.0, "city": "Бишкек"}}, {"type": "Feature", "geometry": {"type": "Point", "coordinates": [74.536767, 42.909844]}, "properties": {"id": 1090, "price": 617000.0, "city": "Бишкек"}}, {"type": "Feature", "geometry": {"type": "Point", "coordinates": [74.539982, 42.948059]}, "properties": {"id": 1091, "price": 4974000.0, "city": "Бишкек"}}, {"type": "Feature", "geometry": {"type": "Point", "coordinates": [74.696936, 43.014389]}, "properties": {"id": 1092, "price": 4892000.0, "city": "Бишкек"}}, {"type": "Feature", "geometry": {"type": "Point", "coordinates": [74.603667, 42.978999]}, "properties": {"id": 1093, "price": 2435000.0, "city": "Бишкек"}}, {"type": "Feature", "geometry": {"type": "Point", "coordinates": [74.765461, 42.777276]}, "properties": {"id": 1094, "price": 4423000.0, "city": "Бишкек"}}, {"type": "Feature", "geometry": {"type": "Point", "coordinates": [74.604118, 42.692874]}, "properties": {"id": 1095, "price": 7267000.0, "city": "Бишкек"}}, {"type": "Feature", "geometry": {"type": "Point", "coordinates": [74.646274, 42.949948]}, "properties": {"id": 1096, "price": 6089000.0, "city": "Бишкек"}}, {"type": "Feature", "geometry": {"type": "Point", "coordinates": [74.592843, 43.012884]}, "properties": {"id": 1097, "price": 647000.0, "city": "Бишкек"}}, {"type": "Feature", "geometry": {"type": "Point", "coordinates": [74.729978, 42.912567]}, "properties": {"id": 1098, "price": 845000.0, "city": "Бишкек"}}, {"type": "Feature", "geometry": {"type": "Point", "coordinates": [74.593131, 43.031939]}, "properties": {"id": 1099, "price": 10794000.0, "city": "Бишкек"}}, {"type": "Feature", "geometry": {"type": "Point", "coordinates": [74.68036, 42.969267]}, "properties": {"id": 1100, "price": 1348000.0, "city": "Бишкек"}}, {"type": "Feature", "geometry": {"type": "Point", "coordinates": [74.719854, 42.539428]}, "properties": {"id": 1101, "price": 6957000.0, "city": "Бишкек"}}, {"type": "Feature", "geometry": {"type": "Point", "coordinates": [74.519144, 43.043243]}, "properties": {"id": 1102, "price": 22242000.0, "city": "Бишкек"}}, {"type": "Feature", "geometry": {"type": "Point", "coordinates": [74.618377, 42.836612]}, "properties": {"id": 1103, "price": 3961000.0, "city": "Бишкек"}}, {"type": "Feature", "geometry": {"type": "Point", "coordinates": [74.712492, 42.719893]}, "properties": {"id": 1104, "price": 9464000.0, "city": "Бишкек"}}, {"type": "Feature", "geometry": {"type": "Point", "coordinates": [74.620809, 42.799421]}, "properties": {"id": 1105, "price": 13316000.0, "city": "Бишкек"}}, {"type": "Feature", "geometry": {"type": "Point", "coordinates": [74.610171, 42.84857]}, "properties": {"id": 1106, "price": 6855000.0, "city": "Бишкек"}}, {"type": "Feature", "geometry": {"type": "Point", "coordinates": [74.331014, 42.837031]}, "properties": {"id": 1107, "price": 6407000.0, "city": "Бишкек"}}, {"type": "Feature", "geometry": {"type": "Point", "coordinates": [74.578595, 42.956296]}, "properties": {"id": 1108, "price": 3211000.0, "city": "Бишкек"}}, {"type": "Feature", "geometry": {"type": "Point", "coordinates": [74.72426, 42.828118]}, "properties": {"id": 1109, "price": 2132000.0, "city": "Бишкек"}}, {"type": "Feature", "geometry": {"type": "Point", "coordinates": [74.678391, 43.072889]}, "properties": {"id": 1110, "price": 10613000.0, "city": "Бишкек"}}, {"type": "Feature", "geometry": {"type": "Point", "coordinates": [74.719605, 42.966834]}, "properties": {"id": 1111, "price": 1002000.0, "city": "Бишкек"}}, {"type": "Feature", "geometry": {"type": "Point", "coordinates": [74.603958, 42.924407]}, "properties": {"id": 1112, "price": 8107000.0, "city": "Бишкек"}}, {"type": "Feature", "geometry": {"type": "Point", "coordinates": [74.781077, 42.920222]}, "properties": {"id": 1113, "price": 5981000.0, "city": "Бишкек"}}, {"type": "Feature", "geometry": {"type": "Point", "coordinates": [74.582284, 42.905902]}, "properties": {"id": 1114, "price": 819000.0, "city": "Бишкек"}}, {"type": "Feature", "geometry": {"type": "Point", "coordinates": [74.44236, 42.717809]}, "properties": {"id": 1115, "price": 45005000.0, "city": "Бишкек"}}, {"type": "Feature", "geometry": {"type": "Point", "coordinates": [74.74601, 42.927361]}, "properties": {"id": 1116, "price": 17498000.0, "city": "Бишкек"}}, {"type": "Feature", "geometry": {"type": "Point", "coordinates": [74.663395, 42.92633]}, "properties": {"id": 1117, "price": 51542000.0, "city": "Бишкек"}}, {"type": "Feature", "geometry": {"type": "Point", "coordinates": [74.619813, 42.693793]}, "properties": {"id": 1118, "price": 3965000.0, "city": "Бишкек"}}, {"type": "Feature", "geometry": {"type": "Point", "coordinates": [74.57712, 42.787204]}, "properties": {"id": 1119, "price": 2757000.0, "city": "Бишкек"}}, {"type": "Feature", "geometry": {"type": "Point", "coordinates": [74.505385, 42.884492]}, "properties": {"id": 1120, "price": 2273000.0, "city": "Бишкек"}}, {"type": "Feature", "geometry": {"type": "Point", "coordinates": [74.635945, 42.934328]}, "properties": {"id": 1121, "price": 2358000.0, "city": "Бишкек"}}, {"type": "Feature", "geometry": {"type": "Point", "coordinates": [74.582305, 43.060892]}, "properties": {"id": 1122, "price": 42181000.0, "city": "Бишкек"}}, {"type": "Feature", "geometry": {"type": "Point", "coordinates": [74.664892, 42.898942]}, "properties": {"id": 1123, "price": 1232000.0, "city": "Бишкек"}}, {"type": "Feature", "geometry": {"type": "Point", "coordinates": [74.609653, 42.877413]}, "properties": {"id": 1124, "price": 4895000.0, "city": "Бишкек"}}, {"type": "Feature", "geometry": {"type": "Point", "coordinates": [74.619861, 42.892468]}, "properties": {"id": 1125, "price": 17312000.0, "city": "Бишкек"}}, {"type": "Feature", "geometry": {"type": "Point", "coordinates": [74.623448, 43.033988]}, "properties": {"id": 1126, "price": 5695000.0, "city": "Бишкек"}}, {"type": "Feature", "geometry": {"type": "Point", "coordinates": [74.519542, 42.953747]}, "properties": {"id": 1127, "price": 5757000.0, "city": "Бишкек"}}, {"type": "Feature", "geometry": {"type": "Point", "coordinates": [74.545281, 42.817053]}, "properties": {"id": 1128, "price": 3552000.0, "city": "Бишкек"}}, {"type": "Feature", "geometry": {"type": "Point", "coordinates": [74.575444, 42.869204]}, "properties": {"id": 1129, "price": 9557000.0, "city": "Бишкек"}}, {"type": "Feature", "geometry": {"type": "Point", "coordinates": [74.659261, 42.826639]}, "properties": {"id": 1130, "price": 3494000.0, "city": "Бишкек"}}, {"type": "Feature", "geometry": {"type": "Point", "coordinates": [74.440577, 42.792503]}, "properties": {"id": 1131, "price": 5629000.0, "city": "Бишкек"}}, {"type": "Feature", "geometry": {"type": "Point", "coordinates": [74.589043, 42.801276]}, "properties": {"id": 1132, "price": 6030000.0, "city": "Бишкек"}}, {"type": "Feature", "geometry": {"type": "Point", "coordinates": [74.820446, 42.973994]}, "properties": {"id": 1133, "price": 1779000.0, "city": "Бишкек"}}, {"type": "Feature", "geometry": {"type": "Point", "coordinates": [74.643618, 42.848531]}, "properties": {"id": 1134, "price": 8728000.0, "city": "Бишкек"}}, {"type": "Feature", "geometry": {"type": "Point", "coordinates": [74.391718, 42.790463]}, "properties": {"id": 1135, "price": 4845000.0, "city": "Бишкек"}}, {"type": "Feature", "geometry": {"type": "Point", "coordinates": [74.564098, 42.694625]}, "properties": {"id": 1136, "price": 698000.0, "city": "Бишкек"}}, {"type": "Feature", "geometry": {"type": "Point", "coordinates": [74.68913, 42.91103]}, "properties": {"id": 1137, "price": 58423000.0, "city": "Бишкек"}}, {"type": "Feature", "geometry": {"type": "Point", "coordinates": [74.743917, 42.966702]}, "properties": {"id": 1138, "price": 3947000.0, "city": "Бишкек"}}, {"type": "Feature", "geometry": {"type": "Point", "coordinates": [74.537587, 42.862209]}, "properties": {"id": 1139, "price": 3894000.0, "city": "Бишкек"}}, {"type": "Feature", "geometry": {"type": "Point", "coordinates": [74.611676, 42.77102]}, "properties": {"id": 1140, "price": 2133000.0, "city": "Бишкек"}}, {"type": "Feature", "geometry": {"type": "Point", "coordinates": [74.542672, 42.960869]}, "properties": {"id": 1141, "price": 7414000.0, "city": "Бишкек"}}, {"type": "Feature", "geometry": {"type": "Point", "coordinates": [74.643689, 42.929254]}, "properties": {"id": 1142, "price": 4688000.0, "city": "Бишкек"}}, {"type": "Feature", "geometry": {"type": "Point", "coordinates": [74.524906, 42.907265]}, "properties": {"id": 1143, "price": 2980000.0, "city": "Бишкек"}}, {"type": "Feature", "geometry": {"type": "Point", "coordinates": [74.568616, 42.960599]}, "properties": {"id": 1144, "price": 13167000.0, "city": "Бишкек"}}, {"type": "Feature", "geometry": {"type": "Point", "coordinates": [74.591516, 42.739237]}, "properties": {"id": 1145, "price": 4070000.0, "city": "Бишкек"}}, {"type": "Feature", "geometry": {"type": "Point", "coordinates": [74.634695, 42.647427]}, "properties": {"id": 1146, "price": 2908000.0, "city": "Бишкек"}}, {"type": "Feature", "geometry": {"type": "Point", "coordinates": [74.517027, 42.907185]}, "properties": {"id": 1147, "price": 19795000.0, "city": "Бишкек"}}, {"type": "Feature", "geometry": {"type": "Point", "coordinates": [74.512658, 42.806252]}, "properties": {"id": 1148, "price": 32074000.0, "city": "Бишкек"}}, {"type": "Feature", "geometry": {"type": "Point", "coordinates": [74.590169, 42.941922]}, "properties": {"id": 1149, "price": 8260000.0, "city": "Бишкек"}}, {"type": "Feature", "geometry": {"type": "Point", "coordinates": [74.679022, 42.736976]}, "properties": {"id": 1150, "price": 1929000.0, "city": "Бишкек"}}, {"type": "Feature", "geometry": {"type": "Point", "coordinates": [74.398187, 42.795535]}, "properties": {"id": 1151, "price": 691000.0, "city": "Бишкек"}}, {"type": "Feature", "geometry": {"type": "Point", "coordinates": [74.578567, 42.917592]}, "properties": {"id": 1152, "price": 5911000.0, "city": "Бишкек"}}, {"type": "Feature", "geometry": {"type": "Point", "coordinates": [74.63167, 43.056118]}, "properties": {"id": 1153, "price": 1560000.0, "city": "Бишкек"}}, {"type": "Feature", "geometry": {"type": "Point", "coordinates": [74.75381, 42.794277]}, "properties": {"id": 1154, "price": 17515000.0, "city": "Бишкек"}}, {"type": "Feature", "geometry": {"type": "Point", "coordinates": [74.699249, 43.040017]}, "properties": {"id": 1155, "price": 5881000.0, "city": "Бишкек"}}, {"type": "Feature", "geometry": {"type": "Point", "coordinates": [74.724684, 42.800869]}, "properties": {"id": 1156, "price": 2354000.0, "city": "Бишкек"}}, {"type": "Feature", "geometry": {"type": "Point", "coordinates": [74.576326, 42.855955]}, "properties": {"id": 1157, "price": 2450000.0, "city": "Бишкек"}}, {"type": "Feature", "geometry": {"type": "Point", "coordinates": [74.505797, 43.02513]}, "properties": {"id": 1158, "price": 7339000.0, "city": "Бишкек"}}, {"type": "Feature", "geometry": {"type": "Point", "coordinates": [74.661218, 42.82226]}, "properties": {"id": 1159, "price": 6012000.0, "city": "Бишкек"}}, {"type": "Feature", "geometry": {"type": "Point", "coordinates": [74.7851, 42.887043]}, "properties": {"id": 1160, "price": 4524000.0, "city": "Бишкек"}}, {"type": "Feature", "geometry": {"type": "Point", "coordinates": [74.732661, 42.906485]}, "properties": {"id": 1161, "price": 1806000.0, "city": "Бишкек"}}, {"type": "Feature", "geometry": {"type": "Point", "coordinates": [74.618075, 42.906259]}, "properties": {"id": 1162, "price": 12715000.0, "city": "Бишкек"}}, {"type": "Feature", "geometry": {"type": "Point", "coordinates": [74.485498, 42.919662]}, "properties": {"id": 1163, "price": 4110000.0, "city": "Бишкек"}}, {"type": "Feature", "geometry": {"type": "Point", "coordinates": [74.587428, 42.971628]}, "properties": {"id": 1164, "price": 798000.0, "city": "Бишкек"}}, {"type": "Feature", "geometry": {"type": "Point", "coordinates": [74.583548, 42.860799]}, "properties": {"id": 1165, "price": 3425000.0, "city": "Бишкек"}}, {"type": "Feature", "geometry": {"type": "Point", "coordinates": [74.43979, 42.872625]}, "properties": {"id": 1166, "price": 924000.0, "city": "Бишкек"}}, {"type": "Feature", "geometry": {"type": "Point", "coordinates": [74.504451, 42.832489]}, "properties": {"id": 1167, "price": 3980000.0, "city": "Бишкек"}}, {"type": "Feature", "geometry": {"type": "Point", "coordinates": [74.490513, 42.765957]}, "properties": {"id": 1168, "price": 772000.0, "city": "Бишкек"}}, {"type": "Feature", "geometry": {"type": "Point", "coordinates": [74.626999, 42.787452]}, "properties": {"id": 1169, "price": 23584000.0, "city": "Бишкек"}}, {"type": "Feature", "geometry": {"type": "Point", "coordinates": [74.562647, 42.782071]}, "properties": {"id": 1170, "price": 1370000.0, "city": "Бишкек"}}, {"type": "Feature", "geometry": {"type": "Point", "coordinates": [74.593803, 42.862286]}, "properties": {"id": 1171, "price": 2970000.0, "city": "Бишкек"}}, {"type": "Feature", "geometry": {"type": "Point", "coordinates": [74.385705, 42.671809]}, "properties": {"id": 1172, "price": 3729000.0, "city": "Бишкек"}}, {"type": "Feature", "geometry": {"type": "Point", "coordinates": [74.789553, 42.925978]}, "properties": {"id": 1173, "price": 1497000.0, "city": "Бишкек"}}, {"type": "Feature", "geometry": {"type": "Point", "coordinates": [74.621708, 42.67909]}, "properties": {"id": 1174, "price": 731000.0, "city": "Бишкек"}}, {"type": "Feature", "geometry": {"type": "Point", "coordinates": [74.829166, 42.802504]}, "properties": {"id": 1175, "price": 17842000.0, "city": "Бишкек"}}, {"type": "Feature", "geometry": {"type": "Point", "coordinates": [74.765478, 42.887859]}, "properties": {"id": 1176, "price": 1680000.0, "city": "Бишкек"}}, {"type": "Feature", "geometry": {"type": "Point", "coordinates": [74.679981, 42.884354]}, "properties": {"id": 1177, "price": 4019000.0, "city": "Бишкек"}}, {"type": "Feature", "geometry": {"type": "Point", "coordinates": [74.535657, 42.86333]}, "properties": {"id": 1178, "price": 6650000.0, "city": "Бишкек"}}, {"type": "Feature", "geometry": {"type": "Point", "coordinates": [74.709928, 42.994791]}, "properties": {"id": 1179, "price": 1999000.0, "city": "Бишкек"}}, {"type": "Feature", "geometry": {"type": "Point", "coordinates": [74.596785, 42.849076]}, "properties": {"id": 1180, "price": 1282000.0, "city": "Бишкек"}}, {"type": "Feature", "geometry": {"type": "Point", "coordinates": [74.646014, 42.740058]}, "properties": {"id": 1181, "price": 2171000.0, "city": "Бишкек"}}, {"type": "Feature", "geometry": {"type": "Point", "coordinates": [74.711269, 42.879792]}, "properties": {"id": 1182, "price": 2645000.0, "city": "Бишкек"}}, {"type": "Feature", "geometry": {"type": "Point", "coordinates": [74.505217, 42.705786]}, "properties": {"id": 1183, "price": 2682000.0, "city": "Бишкек"}}, {"type": "Feature", "geometry": {"type": "Point", "coordinates": [74.569363, 42.816096]}, "properties": {"id": 1184, "price": 7883000.0, "city": "Бишкек"}}, {"type": "Feature", "geometry": {"type": "Point", "coordinates": [74.682763, 42.925599]}, "properties": {"id": 1185, "price": 14379000.0, "city": "Бишкек"}}, {"type": "Feature", "geometry": {"type": "Point", "coordinates": [74.658039, 42.983171]}, "properties": {"id": 1186, "price": 7632000.0, "city": "Бишкек"}}, {"type": "Feature", "geometry": {"type": "Point", "coordinates": [74.686908, 42.884748]}, "properties": {"id": 1187, "price": 4668000.0, "city": "Бишкек"}}, {"type": "Feature", "geometry": {"type": "Point", "coordinates": [74.566381, 42.910884]}, "properties": {"id": 1188, "price": 1445000.0, "city": "Бишкек"}}, {"type": "Feature", "geometry": {"type": "Point", "coordinates": [74.560366, 42.822616]}, "properties": {"id": 1189, "price": 40050000.0, "city": "Бишкек"}}, {"type": "Feature", "geometry": {"type": "Point", "coordinates": [74.665362, 42.744859]}, "properties": {"id": 1190, "price": 18685000.0, "city": "Бишкек"}}, {"type": "Feature", "geometry": {"type": "Point", "coordinates": [74.621893, 42.852145]}, "properties": {"id": 1191, "price": 4401000.0, "city": "Бишкек"}}, {"type": "Feature", "geometry": {"type": "Point", "coordinates": [74.735712, 43.048495]}, "properties": {"id": 1192, "price": 3439000.0, "city": "Бишкек"}}, {"type": "Feature", "geometry": {"type": "Point", "coordinates": [74.424406, 43.046112]}, "properties": {"id": 1193, "price": 6128000.0, "city": "Бишкек"}}, {"type": "Feature", "geometry": {"type": "Point", "coordinates": [74.622681, 42.948006]}, "properties": {"id": 1194, "price": 2929000.0, "city": "Бишкек"}}, {"type": "Feature", "geometry": {"type": "Point", "coordinates": [74.687584, 42.826584]}, "properties": {"id": 1195, "price": 4034000.0, "city": "Бишкек"}}, {"type": "Feature", "geometry": {"type": "Point", "coordinates": [74.692645, 42.970089]}, "properties": {"id": 1196, "price": 18351000.0, "city": "Бишкек"}}, {"type": "Feature", "geometry": {"type": "Point", "coordinates": [74.555583, 43.020269]}, "properties": {"id": 1197, "price": 3676000.0, "city": "Бишкек"}}, {"type": "Feature", "geometry": {"type": "Point", "coordinates": [74.88488, 42.867207]}, "properties": {"id": 1198, "price": 2839000.0, "city": "Бишкек"}}, {"type": "Feature", "geometry": {"type": "Point", "coordinates": [74.688018, 42.831109]}, "properties": {"id": 1199, "price": 7743000.0, "city": "Бишкек"}}, {"type": "Feature", "geometry": {"type": "Point", "coordinates": [74.676531, 42.933796]}, "properties": {"id": 1200, "price": 16725000.0, "city": "Бишкек"}}, {"type": "Feature", "geometry": {"type": "Point", "coordinates": [74.632145, 42.669589]}, "properties": {"id": 1201, "price": 5056000.0, "city": "Бишкек"}}, {"type": "Feature", "geometry": {"type": "Point", "coordinates": [74.393976, 42.956271]}, "properties": {"id": 1202, "price": 19199000.0, "city": "Бишкек"}}, {"type": "Feature", "geometry": {"type": "Point", "coordinates": [74.586313, 43.046447]}, "properties": {"id": 1203, "price": 1043000.0, "city": "Бишкек"}}, {"type": "Feature", "geometry": {"type": "Point", "coordinates": [74.622951, 42.73742]}, "properties": {"id": 1204, "price": 1961000.0, "city": "Бишкек"}}, {"type": "Feature", "geometry": {"type": "Point", "coordinates": [74.620898, 42.946769]}, "properties": {"id": 1205, "price": 4796000.0, "city": "Бишкек"}}, {"type": "Feature", "geometry": {"type": "Point", "coordinates": [74.569078, 42.769297]}, "properties": {"id": 1206, "price": 6024000.0, "city": "Бишкек"}}, {"type": "Feature", "geometry": {"type": "Point", "coordinates": [74.589322, 42.780561]}, "properties": {"id": 1207, "price": 13897000.0, "city": "Бишкек"}}, {"type": "Feature", "geometry": {"type": "Point", "coordinates": [74.654759, 42.924438]}, "properties": {"id": 1208, "price": 2435000.0, "city": "Бишкек"}}, {"type": "Feature", "geometry": {"type": "Point", "coordinates": [74.691159, 42.882071]}, "properties": {"id": 1209, "price": 6712000.0, "city": "Бишкек"}}, {"type": "Feature", "geometry": {"type": "Point", "coordinates": [74.780139, 42.862172]}, "properties": {"id": 1210, "price": 2825000.0, "city": "Бишкек"}}, {"type": "Feature", "geometry": {"type": "Point", "coordinates": [74.812298, 42.856481]}, "properties": {"id": 1211, "price": 4624000.0, "city": "Бишкек"}}, {"type": "Feature", "geometry": {"type": "Point", "coordinates": [74.539576, 42.894446]}, "properties": {"id": 1212, "price": 3209000.0, "city": "Бишкек"}}, {"type": "Feature", "geometry": {"type": "Point", "coordinates": [74.603195, 42.777175]}, "properties": {"id": 1213, "price": 2068000.0, "city": "Бишкек"}}, {"type": "Feature", "geometry": {"type": "Point", "coordinates": [74.60585, 42.740517]}, "properties": {"id": 1214, "price": 7379000.0, "city": "Бишкек"}}, {"type": "Feature", "geometry": {"type": "Point", "coordinates": [74.64008, 42.756578]}, "properties": {"id": 1215, "price": 7135000.0, "city": "Бишкек"}}, {"type": "Feature", "geometry": {"type": "Point", "coordinates": [74.931611, 42.9618]}, "properties": {"id": 1216, "price": 4978000.0, "city": "Бишкек"}}, {"type": "Feature", "geometry": {"type": "Point", "coordinates": [74.600315, 42.747422]}, "properties": {"id": 1217, "price": 6153000.0, "city": "Бишкек"}}, {"type": "Feature", "geometry": {"type": "Point", "coordinates": [74.691216, 42.899888]}, "properties": {"id": 1218, "price": 4523000.0, "city": "Бишкек"}}, {"type": "Feature", "geometry": {"type": "Point", "coordinates": [74.664326, 42.776332]}, "properties": {"id": 1219, "price": 6066000.0, "city": "Бишкек"}}, {"type": "Feature", "geometry": {"type": "Point", "coordinates": [74.725822, 42.915141]}, "properties": {"id": 1220, "price": 2592000.0, "city": "Бишкек"}}, {"type": "Feature", "geometry": {"type": "Point", "coordinates": [74.459365, 42.922462]}, "properties": {"id": 1221, "price": 2469000.0, "city": "Бишкек"}}, {"type": "Feature", "geometry": {"type": "Point", "coordinates": [74.754922, 42.815842]}, "properties": {"id": 1222, "price": 1593000.0, "city": "Бишкек"}}, {"type": "Feature", "geometry": {"type": "Point", "coordinates": [74.552383, 42.893668]}, "properties": {"id": 1223, "price": 6563000.0, "city": "Бишкек"}}, {"type": "Feature", "geometry": {"type": "Point", "coordinates": [74.644957, 42.979742]}, "properties": {"id": 1224, "price": 2260000.0, "city": "Бишкек"}}, {"type": "Feature", "geometry": {"type": "Point", "coordinates": [74.761132, 42.776317]}, "properties": {"id": 1225, "price": 9483000.0, "city": "Бишкек"}}, {"type": "Feature", "geometry": {"type": "Point", "coordinates": [74.694525, 42.946415]}, "properties": {"id": 1226, "price": 5619000.0, "city": "Бишкек"}}, {"type": "Feature", "geometry": {"type": "Point", "coordinates": [74.480134, 42.992385]}, "properties": {"id": 1227, "price": 7749000.0, "city": "Бишкек"}}, {"type": "Feature", "geometry": {"type": "Point", "coordinates": [74.541408, 42.942193]}, "properties": {"id": 1228, "price": 18947000.0, "city": "Бишкек"}}, {"type": "Feature", "geometry": {"type": "Point", "coordinates": [74.47766, 42.815885]}, "properties": {"id": 1229, "price": 2685000.0, "city": "Бишкек"}}, {"type": "Feature", "geometry": {"type": "Point", "coordinates": [74.680401, 43.016895]}, "properties": {"id": 1230, "price": 4548000.0, "city": "Бишкек"}}, {"type": "Feature", "geometry": {"type": "Point", "coordinates": [74.624898, 42.766619]}, "properties": {"id": 1231, "price": 3588000.0, "city": "Бишкек"}}, {"type": "Feature", "geometry": {"type": "Point", "coordinates": [74.657809, 42.924139]}, "properties": {"id": 1232, "price": 4266000.0, "city": "Бишкек"}}, {"type": "Feature", "geometry": {"type": "Point", "coordinates": [74.422137, 42.925131]}, "properties": {"id": 1233, "price": 3029000.0, "city": "Бишкек"}}, {"type": "Feature", "geometry": {"type": "Point", "coordinates": [74.66678, 42.825063]}, "properties": {"id": 1234, "price": 5379000.0, "city": "Бишкек"}}, {"type": "Feature", "geometry": {"type": "Point", "coordinates": [74.577834, 42.896364]}, "properties": {"id": 1235, "price": 4224000.0, "city": "Бишкек"}}, {"type": "Feature", "geometry": {"type": "Point", "coordinates": [74.479241, 42.833841]}, "properties": {"id": 1236, "price": 7126000.0, "city": "Бишкек"}}, {"type": "Feature", "geometry": {"type": "Point", "coordinates": [74.666196, 42.89174]}, "properties": {"id": 1237, "price": 3184000.0, "city": "Бишкек"}}, {"type": "Feature", "geometry": {"type": "Point", "coordinates": [74.702228, 42.756757]}, "properties": {"id": 1238, "price": 11581000.0, "city": "Бишкек"}}, {"type": "Feature", "geometry": {"type": "Point", "coordinates": [74.640024, 42.859391]}, "properties": {"id": 1239, "price": 3891000.0, "city": "Бишкек"}}, {"type": "Feature", "geometry": {"type": "Point", "coordinates": [74.547578, 42.753306]}, "properties": {"id": 1240, "price": 5975000.0, "city": "Бишкек"}}, {"type": "Feature", "geometry": {"type": "Point", "coordinates": [74.626717, 42.81381]}, "properties": {"id": 1241, "price": 5895000.0, "city": "Бишкек"}}, {"type": "Feature", "geometry": {"type": "Point", "coordinates": [74.652381, 42.856147]}, "properties": {"id": 1242, "price": 1485000.0, "city": "Бишкек"}}, {"type": "Feature", "geometry": {"type": "Point", "coordinates": [74.585083, 42.900407]}, "properties": {"id": 1243, "price": 5752000.0, "city": "Бишкек"}}, {"type": "Feature", "geometry": {"type": "Point", "coordinates": [74.597906, 42.926424]}, "properties": {"id": 1244, "price": 4372000.0, "city": "Бишкек"}}, {"type": "Feature", "geometry": {"type": "Point", "coordinates": [74.491999, 42.853969]}, "properties": {"id": 1245, "price": 6060000.0, "city": "Бишкек"}}, {"type": "Feature", "geometry": {"type": "Point", "coordinates": [74.73729, 42.977163]}, "properties": {"id": 1246, "price": 7936000.0, "city": "Бишкек"}}, {"type": "Feature", "geometry": {"type": "Point", "coordinates": [74.460239, 42.890254]}, "properties": {"id": 1247, "price": 59451000.0, "city": "Бишкек"}}, {"type": "Feature", "geometry": {"type": "Point", "coordinates": [74.580476, 43.007891]}, "properties": {"id": 1248, "price": 1861000.0, "city": "Бишкек"}}, {"type": "Feature", "geometry": {"type": "Point", "coordinates": [74.705613, 42.871679]}, "properties": {"id": 1249, "price": 1950000.0, "city": "Бишкек"}}, {"type": "Feature", "geometry": {"type": "Point", "coordinates": [74.471911, 42.857141]}, "properties": {"id": 1250, "price": 3900000.0, "city": "Бишкек"}}, {"type": "Feature", "geometry": {"type": "Point", "coordinates": [74.490829, 42.774954]}, "properties": {"id": 1251, "price": 20063000.0, "city": "Бишкек"}}, {"type": "Feature", "geometry": {"type": "Point", "coordinates": [74.750758, 42.895642]}, "properties": {"id": 1252, "price": 2635000.0, "city": "Бишкек"}}, {"type": "Feature", "geometry": {"type": "Point", "coordinates": [74.725985, 42.521117]}, "properties": {"id": 1253, "price": 4669000.0, "city": "Бишкек"}}, {"type": "Feature", "geometry": {"type": "Point", "coordinates": [74.479882, 42.821811]}, "properties": {"id": 1254, "price": 1083000.0, "city": "Бишкек"}}, {"type": "Feature", "geometry": {"type": "Point", "coordinates": [74.577313, 43.047847]}, "properties": {"id": 1255, "price": 1816000.0, "city": "Бишкек"}}, {"type": "Feature", "geometry": {"type": "Point", "coordinates": [74.607232, 42.884516]}, "properties": {"id": 1256, "price": 4707000.0, "city": "Бишкек"}}, {"type": "Feature", "geometry": {"type": "Point", "coordinates": [74.590039, 42.738032]}, "properties": {"id": 1257, "price": 1022000.0, "city": "Бишкек"}}, {"type": "Feature", "geometry": {"type": "Point", "coordinates": [74.568191, 42.954042]}, "properties": {"id": 1258, "price": 7581000.0, "city": "Бишкек"}}, {"type": "Feature", "geometry": {"type": "Point", "coordinates": [74.654343, 42.736856]}, "properties": {"id": 1259, "price": 6136000.0, "city": "Бишкек"}}, {"type": "Feature", "geometry": {"type": "Point", "coordinates": [74.708831, 42.796743]}, "properties": {"id": 1260, "price": 2482000.0, "city": "Бишкек"}}, {"type": "Feature", "geometry": {"type": "Point", "coordinates": [74.470951, 42.959394]}, "properties": {"id": 1261, "price": 11592000.0, "city": "Бишкек"}}, {"type": "Feature", "geometry": {"type": "Point", "coordinates": [74.59856, 42.788604]}, "properties": {"id": 1262, "price": 4041000.0, "city": "Бишкек"}}, {"type": "Feature", "geometry": {"type": "Point", "coordinates": [74.541509, 42.709842]}, "properties": {"id": 1263, "price": 12243000.0, "city": "Бишкек"}}, {"type": "Feature", "geometry": {"type": "Point", "coordinates": [74.691861, 42.859203]}, "properties": {"id": 1264, "price": 2961000.0, "city": "Бишкек"}}, {"type": "Feature", "geometry": {"type": "Point", "coordinates": [74.477565, 42.737384]}, "properties": {"id": 1265, "price": 4948000.0, "city": "Бишкек"}}, {"type": "Feature", "geometry": {"type": "Point", "coordinates": [74.446941, 42.761999]}, "properties": {"id": 1266, "price": 16463000.0, "city": "Бишкек"}}, {"type": "Feature", "geometry": {"type": "Point", "coordinates": [74.602204, 42.8979]}, "properties": {"id": 1267, "price": 5485000.0, "city": "Бишкек"}}, {"type": "Feature", "geometry": {"type": "Point", "coordinates": [74.620706, 42.983934]}, "properties": {"id": 1268, "price": 28646000.0, "city": "Бишкек"}}, {"type": "Feature", "geometry": {"type": "Point", "coordinates": [74.596447, 42.920782]}, "properties": {"id": 1269, "price": 17333000.0, "city": "Бишкек"}}, {"type": "Feature", "geometry": {"type": "Point", "coordinates": [74.704854, 42.818503]}, "properties": {"id": 1270, "price": 1758000.0, "city": "Бишкек"}}, {"type": "Feature", "geometry": {"type": "Point", "coordinates": [74.547241, 42.874578]}, "properties": {"id": 1271, "price": 49298000.0, "city": "Бишкек"}}, {"type": "Feature", "geometry": {"type": "Point", "coordinates": [74.441242, 42.849032]}, "properties": {"id": 1272, "price": 2692000.0, "city": "Бишкек"}}, {"type": "Feature", "geometry": {"type": "Point", "coordinates": [74.715474, 42.662575]}, "properties": {"id": 1273, "price": 3664000.0, "city": "Бишкек"}}, {"type": "Feature", "geometry": {"type": "Point", "coordinates": [74.594555, 42.765106]}, "properties": {"id": 1274, "price": 14268000.0, "city": "Бишкек"}}, {"type": "Feature", "geometry": {"type": "Point", "coordinates": [74.84421, 42.880593]}, "properties": {"id": 1275, "price": 5971000.0, "city": "Бишкек"}}, {"type": "Feature", "geometry": {"type": "Point", "coordinates": [74.707989, 42.932949]}, "properties": {"id": 1276, "price": 1849000.0, "city": "Бишкек"}}, {"type": "Feature", "geometry": {"type": "Point", "coordinates": [74.565351, 42.801809]}, "properties": {"id": 1277, "price": 4561000.0, "city": "Бишкек"}}, {"type": "Feature", "geometry": {"type": "Point", "coordinates": [74.68073, 42.819439]}, "properties": {"id": 1278, "price": 1264000.0, "city": "Бишкек"}}, {"type": "Feature", "geometry": {"type": "Point", "coordinates": [74.566793, 42.972449]}, "properties": {"id": 1279, "price": 958000.0, "city": "Бишкек"}}, {"type": "Feature", "geometry": {"type": "Point", "coordinates": [74.609605, 42.891942]}, "properties": {"id": 1280, "price": 5570000.0, "city": "Бишкек"}}, {"type": "Feature", "geometry": {"type": "Point", "coordinates": [74.637226, 42.964038]}, "properties": {"id": 1281, "price": 940000.0, "city": "Бишкек"}}, {"type": "Feature", "geometry": {"type": "Point", "coordinates": [74.589112, 42.796318]}, "properties": {"id": 1282, "price": 771000.0, "city": "Бишкек"}}, {"type": "Feature", "geometry": {"type": "Point", "coordinates": [74.543324, 42.815201]}, "properties": {"id": 1283, "price": 3650000.0, "city": "Бишкек"}}, {"type": "Feature", "geometry": {"type": "Point", "coordinates": [74.464699, 42.902031]}, "properties": {"id": 1284, "price": 729000.0, "city": "Бишкек"}}, {"type": "Feature", "geometry": {"type": "Point", "coordinates": [74.555982, 42.902595]}, "properties": {"id": 1285, "price": 5964000.0, "city": "Бишкек"}}, {"type": "Feature", "geometry": {"type": "Point", "coordinates": [74.692104, 42.741737]}, "properties": {"id": 1286, "price": 4562000.0, "city": "Бишкек"}}, {"type": "Feature", "geometry": {"type": "Point", "coordinates": [74.677159, 42.730591]}, "properties": {"id": 1287, "price": 5667000.0, "city": "Бишкек"}}, {"type": "Feature", "geometry": {"type": "Point", "coordinates": [74.77781, 42.846962]}, "properties": {"id": 1288, "price": 3659000.0, "city": "Бишкек"}}, {"type": "Feature", "geometry": {"type": "Point", "coordinates": [74.698601, 42.667304]}, "properties": {"id": 1289, "price": 5278000.0, "city": "Бишкек"}}, {"type": "Feature", "geometry": {"type": "Point", "coordinates": [74.549218, 42.730358]}, "properties": {"id": 1290, "price": 4158000.0, "city": "Бишкек"}}, {"type": "Feature", "geometry": {"type": "Point", "coordinates": [74.644768, 43.070607]}, "properties": {"id": 1291, "price": 7564000.0, "city": "Бишкек"}}, {"type": "Feature", "geometry": {"type": "Point", "coordinates": [74.491419, 42.971892]}, "properties": {"id": 1292, "price": 6944000.0, "city": "Бишкек"}}, {"type": "Feature", "geometry": {"type": "Point", "coordinates": [74.693436, 42.800592]}, "properties": {"id": 1293, "price": 1741000.0, "city": "Бишкек"}}, {"type": "Feature", "geometry": {"type": "Point", "coordinates": [74.546015, 42.963983]}, "properties": {"id": 1294, "price": 2443000.0, "city": "Бишкек"}}, {"type": "Feature", "geometry": {"type": "Point", "coordinates": [74.570837, 42.842748]}, "properties": {"id": 1295, "price": 2562000.0, "city": "Бишкек"}}, {"type": "Feature", "geometry": {"type": "Point", "coordinates": [74.637917, 42.789598]}, "properties": {"id": 1296, "price": 6962000.0, "city": "Бишкек"}}, {"type": "Feature", "geometry": {"type": "Point", "coordinates": [74.513123, 42.853923]}, "properties": {"id": 1297, "price": 6104000.0, "city": "Бишкек"}}, {"type": "Feature", "geometry": {"type": "Point", "coordinates": [74.354343, 42.794476]}, "properties": {"id": 1298, "price": 4704000.0, "city": "Бишкек"}}, {"type": "Feature", "geometry": {"type": "Point", "coordinates": [74.664467, 42.751525]}, "properties": {"id": 1299, "price": 13224000.0, "city": "Бишкек"}}, {"type": "Feature", "geometry": {"type": "Point", "coordinates": [74.641344, 42.752621]}, "properties": {"id": 1300, "price": 2190000.0, "city": "Бишкек"}}, {"type": "Feature", "geometry": {"type": "Point", "coordinates": [74.81622, 42.983271]}, "properties": {"id": 1301, "price": 5433000.0, "city": "Бишкек"}}, {"type": "Feature", "geometry": {"type": "Point", "coordinates": [74.51888, 42.813583]}, "properties": {"id": 1302, "price": 7110000.0, "city": "Бишкек"}}, {"type": "Feature", "geometry": {"type": "Point", "coordinates": [74.723978, 43.098037]}, "properties": {"id": 1303, "price": 861000.0, "city": "Бишкек"}}, {"type": "Feature", "geometry": {"type": "Point", "coordinates": [74.679499, 42.716545]}, "properties": {"id": 1304, "price": 5471000.0, "city": "Бишкек"}}, {"type": "Feature", "geometry": {"type": "Point", "coordinates": [74.588895, 42.837792]}, "properties": {"id": 1305, "price": 18647000.0, "city": "Бишкек"}}, {"type": "Feature", "geometry": {"type": "Point", "coordinates": [74.728924, 42.793391]}, "properties": {"id": 1306, "price": 952000.0, "city": "Бишкек"}}, {"type": "Feature", "geometry": {"type": "Point", "coordinates": [74.685047, 42.973834]}, "properties": {"id": 1307, "price": 5890000.0, "city": "Бишкек"}}, {"type": "Feature", "geometry": {"type": "Point", "coordinates": [74.662846, 43.017144]}, "properties": {"id": 1308, "price": 1969000.0, "city": "Бишкек"}}, {"type": "Feature", "geometry": {"type": "Point", "coordinates": [74.685066, 42.83039]}, "properties": {"id": 1309, "price": 37389000.0, "city": "Бишкек"}}, {"type": "Feature", "geometry": {"type": "Point", "coordinates": [74.70352, 42.864565]}, "properties": {"id": 1310, "price": 619000.0, "city": "Бишкек"}}, {"type": "Feature", "geometry": {"type": "Point", "coordinates": [74.713599, 42.865928]}, "properties": {"id": 1311, "price": 1306000.0, "city": "Бишкек"}}, {"type": "Feature", "geometry": {"type": "Point", "coordinates": [74.526276, 42.967]}, "properties": {"id": 1312, "price": 2288000.0, "city": "Бишкек"}}, {"type": "Feature", "geometry": {"type": "Point", "coordinates": [74.652776, 42.78942]}, "properties": {"id": 1313, "price": 18388000.0, "city": "Бишкек"}}, {"type": "Feature", "geometry": {"type": "Point", "coordinates": [74.626613, 43.029585]}, "properties": {"id": 1314, "price": 4591000.0, "city": "Бишкек"}}, {"type": "Feature", "geometry": {"type": "Point", "coordinates": [74.539569, 42.940448]}, "properties": {"id": 1315, "price": 6312000.0, "city": "Бишкек"}}, {"type": "Feature", "geometry": {"type": "Point", "coordinates": [74.548422, 42.884754]}, "properties": {"id": 1316, "price": 7622000.0, "city": "Бишкек"}}, {"type": "Feature", "geometry": {"type": "Point", "coordinates": [74.643207, 42.825716]}, "properties": {"id": 1317, "price": 46803000.0, "city": "Бишкек"}}, {"type": "Feature", "geometry": {"type": "Point", "coordinates": [74.63785, 42.903429]}, "properties": {"id": 1318, "price": 2331000.0, "city": "Бишкек"}}, {"type": "Feature", "geometry": {"type": "Point", "coordinates": [74.505429, 42.883542]}, "properties": {"id": 1319, "price": 23387000.0, "city": "Бишкек"}}, {"type": "Feature", "geometry": {"type": "Point", "coordinates": [74.547236, 42.79378]}, "properties": {"id": 1320, "price": 6945000.0, "city": "Бишкек"}}, {"type": "Feature", "geometry": {"type": "Point", "coordinates": [74.52875, 42.810348]}, "properties": {"id": 1321, "price": 1823000.0, "city": "Бишкек"}}, {"type": "Feature", "geometry": {"type": "Point", "coordinates": [74.508642, 42.839471]}, "properties": {"id": 1322, "price": 3929000.0, "city": "Бишкек"}}, {"type": "Feature", "geometry": {"type": "Point", "coordinates": [74.5082, 42.794375]}, "properties": {"id": 1323, "price": 10841000.0, "city": "Бишкек"}}, {"type": "Feature", "geometry": {"type": "Point", "coordinates": [74.509342, 42.873483]}, "properties": {"id": 1324, "price": 4835000.0, "city": "Бишкек"}}, {"type": "Feature", "geometry": {"type": "Point", "coordinates": [74.74058, 42.856932]}, "properties": {"id": 1325, "price": 9358000.0, "city": "Бишкек"}}, {"type": "Feature", "geometry": {"type": "Point", "coordinates": [74.460077, 42.892331]}, "properties": {"id": 1326, "price": 2355000.0, "city": "Бишкек"}}, {"type": "Feature", "geometry": {"type": "Point", "coordinates": [74.897542, 42.845055]}, "properties": {"id": 1327, "price": 13579000.0, "city": "Бишкек"}}, {"type": "Feature", "geometry": {"type": "Point", "coordinates": [74.797398, 42.973755]}, "properties": {"id": 1328, "price": 1734000.0, "city": "Бишкек"}}, {"type": "Feature", "geometry": {"type": "Point", "coordinates": [74.598931, 42.620813]}, "properties": {"id": 1329, "price": 2121000.0, "city": "Бишкек"}}, {"type": "Feature", "geometry": {"type": "Point", "coordinates": [74.637965, 42.791956]}, "properties": {"id": 1330, "price": 1425000.0, "city": "Бишкек"}}, {"type": "Feature", "geometry": {"type": "Point", "coordinates": [74.632256, 42.763908]}, "properties": {"id": 1331, "price": 5346000.0, "city": "Бишкек"}}, {"type": "Feature", "geometry": {"type": "Point", "coordinates": [74.601587, 42.770595]}, "properties": {"id": 1332, "price": 51929000.0, "city": "Бишкек"}}, {"type": "Feature", "geometry": {"type": "Point", "coordinates": [74.605659, 42.90061]}, "properties": {"id": 1333, "price": 49977000.0, "city": "Бишкек"}}, {"type": "Feature", "geometry": {"type": "Point", "coordinates": [74.593629, 42.747148]}, "properties": {"id": 1334, "price": 1736000.0, "city": "Бишкек"}}, {"type": "Feature", "geometry": {"type": "Point", "coordinates": [74.62805, 42.903039]}, "properties": {"id": 1335, "price": 52356000.0, "city": "Бишкек"}}, {"type": "Feature", "geometry": {"type": "Point", "coordinates": [74.553812, 42.816711]}, "properties": {"id": 1336, "price": 1813000.0, "city": "Бишкек"}}, {"type": "Feature", "geometry": {"type": "Point", "coordinates": [74.660218, 42.809756]}, "properties": {"id": 1337, "price": 1274000.0, "city": "Бишкек"}}, {"type": "Feature", "geometry": {"type": "Point", "coordinates": [74.622805, 42.861423]}, "properties": {"id": 1338, "price": 1019000.0, "city": "Бишкек"}}, {"type": "Feature", "geometry": {"type": "Point", "coordinates": [74.56421, 42.84339]}, "properties": {"id": 1339, "price": 7039000.0, "city": "Бишкек"}}, {"type": "Feature", "geometry": {"type": "Point", "coordinates": [74.601226, 43.029554]}, "properties": {"id": 1340, "price": 6997000.0, "city": "Бишкек"}}, {"type": "Feature", "geometry": {"type": "Point", "coordinates": [74.671499, 42.80474]}, "properties": {"id": 1341, "price": 948000.0, "city": "Бишкек"}}, {"type": "Feature", "geometry": {"type": "Point", "coordinates": [74.665151, 42.851267]}, "properties": {"id": 1342, "price": 7968000.0, "city": "Бишкек"}}, {"type": "Feature", "geometry": {"type": "Point", "coordinates": [74.621609, 42.801482]}, "properties": {"id": 1343, "price": 6188000.0, "city": "Бишкек"}}, {"type": "Feature", "geometry": {"type": "Point", "coordinates": [74.651844, 43.032526]}, "properties": {"id": 1344, "price": 2141000.0, "city": "Бишкек"}}, {"type": "Feature", "geometry": {"type": "Point", "coordinates": [74.613911, 42.824972]}, "properties": {"id": 1345, "price": 1557000.0, "city": "Бишкек"}}, {"type": "Feature", "geometry": {"type": "Point", "coordinates": [74.559679, 43.031641]}, "properties": {"id": 1346, "price": 14390000.0, "city": "Бишкек"}}, {"type": "Feature", "geometry": {"type": "Point", "coordinates": [74.498333, 42.981797]}, "properties": {"id": 1347, "price": 3726000.0, "city": "Бишкек"}}, {"type": "Feature", "geometry": {"type": "Point", "coordinates": [74.622795, 42.863356]}, "properties": {"id": 1348, "price": 37953000.0, "city": "Бишкек"}}, {"type": "Feature", "geometry": {"type": "Point", "coordinates": [74.501231, 42.644459]}, "properties": {"id": 1349, "price": 3205000.0, "city": "Бишкек"}}, {"type": "Feature", "geometry": {"type": "Point", "coordinates": [74.736026, 42.80419]}, "properties": {"id": 1350, "price": 37271000.0, "city": "Бишкек"}}, {"type": "Feature", "geometry": {"type": "Point", "coordinates": [74.784269, 42.777229]}, "properties": {"id": 1351, "price": 1241000.0, "city": "Бишкек"}}, {"type": "Feature", "geometry": {"type": "Point", "coordinates": [74.731044, 42.958994]}, "properties": {"id": 1352, "price": 6866000.0, "city": "Бишкек"}}, {"type": "Feature", "geometry": {"type": "Point", "coordinates": [74.61127, 42.711788]}, "properties": {"id": 1353, "price": 3975000.0, "city": "Бишкек"}}, {"type": "Feature", "geometry": {"type": "Point", "coordinates": [74.532279, 43.005192]}, "properties": {"id": 1354, "price": 1914000.0, "city": "Бишкек"}}, {"type": "Feature", "geometry": {"type": "Point", "coordinates": [74.52418, 42.707593]}, "properties": {"id": 1355, "price": 834000.0, "city": "Бишкек"}}, {"type": "Feature", "geometry": {"type": "Point", "coordinates": [74.698523, 42.940615]}, "properties": {"id": 1356, "price": 1280000.0, "city": "Бишкек"}}, {"type": "Feature", "geometry": {"type": "Point", "coordinates": [74.619867, 42.895117]}, "properties": {"id": 1357, "price": 2852000.0, "city": "Бишкек"}}, {"type": "Feature", "geometry": {"type": "Point", "coordinates": [74.507007, 42.716403]}, "properties": {"id": 1358, "price": 45523000.0, "city": "Бишкек"}}, {"type": "Feature", "geometry": {"type": "Point", "coordinates": [74.599035, 42.825786]}, "properties": {"id": 1359, "price": 9559000.0, "city": "Бишкек"}}, {"type": "Feature", "geometry": {"type": "Point", "coordinates": [74.493165, 42.696101]}, "properties": {"id": 1360, "price": 7836000.0, "city": "Бишкек"}}, {"type": "Feature", "geometry": {"type": "Point", "coordinates": [74.734671, 42.780831]}, "properties": {"id": 1361, "price": 1721000.0, "city": "Бишкек"}}, {"type": "Feature", "geometry": {"type": "Point", "coordinates": [74.743588, 42.818898]}, "properties": {"id": 1362, "price": 31055000.0, "city": "Бишкек"}}, {"type": "Feature", "geometry": {"type": "Point", "coordinates": [74.418358, 42.970344]}, "properties": {"id": 1363, "price": 11881000.0, "city": "Бишкек"}}, {"type": "Feature", "geometry": {"type": "Point", "coordinates": [74.6328, 42.907965]}, "properties": {"id": 1364, "price": 12594000.0, "city": "Бишкек"}}, {"type": "Feature", "geometry": {"type": "Point", "coordinates": [74.594732, 42.905155]}, "properties": {"id": 1365, "price": 30587000.0, "city": "Бишкек"}}, {"type": "Feature", "geometry": {"type": "Point", "coordinates": [74.503878, 42.917036]}, "properties": {"id": 1366, "price": 44412000.0, "city": "Бишкек"}}, {"type": "Feature", "geometry": {"type": "Point", "coordinates": [74.662787, 42.979427]}, "properties": {"id": 1367, "price": 2445000.0, "city": "Бишкек"}}, {"type": "Feature", "geometry": {"type": "Point", "coordinates": [74.640535, 43.015371]}, "properties": {"id": 1368, "price": 48616000.0, "city": "Бишкек"}}, {"type": "Feature", "geometry": {"type": "Point", "coordinates": [74.643203, 42.898118]}, "properties": {"id": 1369, "price": 4253000.0, "city": "Бишкек"}}, {"type": "Feature", "geometry": {"type": "Point", "coordinates": [74.411402, 42.945637]}, "properties": {"id": 1370, "price": 2137000.0, "city": "Бишкек"}}, {"type": "Feature", "geometry": {"type": "Point", "coordinates": [74.747068, 42.814106]}, "properties": {"id": 1371, "price": 2280000.0, "city": "Бишкек"}}, {"type": "Feature", "geometry": {"type": "Point", "coordinates": [74.720167, 42.800846]}, "properties": {"id": 1372, "price": 7700000.0, "city": "Бишкек"}}, {"type": "Feature", "geometry": {"type": "Point", "coordinates": [74.50535, 42.880865]}, "properties": {"id": 1373, "price": 17371000.0, "city": "Бишкек"}}, {"type": "Feature", "geometry": {"type": "Point", "coordinates": [74.639682, 42.753023]}, "properties": {"id": 1374, "price": 2890000.0, "city": "Бишкек"}}, {"type": "Feature", "geometry": {"type": "Point", "coordinates": [74.659717, 42.770196]}, "properties": {"id": 1375, "price": 7675000.0, "city": "Бишкек"}}, {"type": "Feature", "geometry": {"type": "Point", "coordinates": [74.516527, 42.991862]}, "properties": {"id": 1376, "price": 6161000.0, "city": "Бишкек"}}, {"type": "Feature", "geometry": {"type": "Point", "coordinates": [74.654348, 42.863446]}, "properties": {"id": 1377, "price": 7805000.0, "city": "Бишкек"}}, {"type": "Feature", "geometry": {"type": "Point", "coordinates": [74.709274, 42.92833]}, "properties": {"id": 1378, "price": 15774000.0, "city": "Бишкек"}}, {"type": "Feature", "geometry": {"type": "Point", "coordinates": [74.624804, 42.89997]}, "properties": {"id": 1379, "price": 3955000.0, "city": "Бишкек"}}, {"type": "Feature", "geometry": {"type": "Point", "coordinates": [74.541171, 42.673824]}, "properties": {"id": 1380, "price": 4796000.0, "city": "Бишкек"}}, {"type": "Feature", "geometry": {"type": "Point", "coordinates": [74.734101, 42.94655]}, "properties": {"id": 1381, "price": 9679000.0, "city": "Бишкек"}}, {"type": "Feature", "geometry": {"type": "Point", "coordinates": [74.668024, 43.024014]}, "properties": {"id": 1382, "price": 5446000.0, "city": "Бишкек"}}, {"type": "Feature", "geometry": {"type": "Point", "coordinates": [74.727276, 42.922684]}, "properties": {"id": 1383, "price": 1881000.0, "city": "Бишкек"}}, {"type": "Feature", "geometry": {"type": "Point", "coordinates": [74.66736, 42.780319]}, "properties": {"id": 1384, "price": 21482000.0, "city": "Бишкек"}}, {"type": "Feature", "geometry": {"type": "Point", "coordinates": [74.777467, 42.93534]}, "properties": {"id": 1385, "price": 884000.0, "city": "Бишкек"}}, {"type": "Feature", "geometry": {"type": "Point", "coordinates": [74.664296, 42.735686]}, "properties": {"id": 1386, "price": 6390000.0, "city": "Бишкек"}}, {"type": "Feature", "geometry": {"type": "Point", "coordinates": [74.652172, 42.834252]}, "properties": {"id": 1387, "price": 7624000.0, "city": "Бишкек"}}, {"type": "Feature", "geometry": {"type": "Point", "coordinates": [74.665982, 42.88729]}, "properties": {"id": 1388, "price": 5356000.0, "city": "Бишкек"}}, {"type": "Feature", "geometry": {"type": "Point", "coordinates": [74.638848, 42.859515]}, "properties": {"id": 1389, "price": 9566000.0, "city": "Бишкек"}}, {"type": "Feature", "geometry": {"type": "Point", "coordinates": [74.627226, 42.90287]}, "properties": {"id": 1390, "price": 2505000.0, "city": "Бишкек"}}, {"type": "Feature", "geometry": {"type": "Point", "coordinates": [74.553322, 42.891231]}, "properties": {"id": 1391, "price": 7089000.0, "city": "Бишкек"}}, {"type": "Feature", "geometry": {"type": "Point", "coordinates": [74.704246, 42.94724]}, "properties": {"id": 1392, "price": 10647000.0, "city": "Бишкек"}}, {"type": "Feature", "geometry": {"type": "Point", "coordinates": [74.647563, 42.775306]}, "properties": {"id": 1393, "price": 19786000.0, "city": "Бишкек"}}, {"type": "Feature", "geometry": {"type": "Point", "coordinates": [74.5737, 42.794876]}, "properties": {"id": 1394, "price": 43039000.0, "city": "Бишкек"}}, {"type": "Feature", "geometry": {"type": "Point", "coordinates": [74.735938, 43.019164]}, "properties": {"id": 1395, "price": 17171000.0, "city": "Бишкек"}}, {"type": "Feature", "geometry": {"type": "Point", "coordinates": [74.536815, 42.824684]}, "properties": {"id": 1396, "price": 939000.0, "city": "Бишкек"}}, {"type": "Feature", "geometry": {"type": "Point", "coordinates": [74.47924, 42.953058]}, "properties": {"id": 1397, "price": 5193000.0, "city": "Бишкек"}}, {"type": "Feature", "geometry": {"type": "Point", "coordinates": [74.637941, 42.861622]}, "properties": {"id": 1398, "price": 2634000.0, "city": "Бишкек"}}, {"type": "Feature", "geometry": {"type": "Point", "coordinates": [74.480296, 42.762028]}, "properties": {"id": 1399, "price": 1769000.0, "city": "Бишкек"}}, {"type": "Feature", "geometry": {"type": "Point", "coordinates": [74.675036, 42.877108]}, "properties": {"id": 1400, "price": 2164000.0, "city": "Бишкек"}}, {"type": "Feature", "geometry": {"type": "Point", "coordinates": [74.690846, 42.806928]}, "properties": {"id": 1401, "price": 17271000.0, "city": "Бишкек"}}, {"type": "Feature", "geometry": {"type": "Point", "coordinates": [74.588124, 42.811056]}, "properties": {"id": 1402, "price": 5615000.0, "city": "Бишкек"}}, {"type": "Feature", "geometry": {"type": "Point", "coordinates": [74.411439, 42.998441]}, "properties": {"id": 1403, "price": 3188000.0, "city": "Бишкек"}}, {"type": "Feature", "geometry": {"type": "Point", "coordinates": [74.662323, 42.981118]}, "properties": {"id": 1404, "price": 45088000.0, "city": "Бишкек"}}, {"type": "Feature", "geometry": {"type": "Point", "coordinates": [74.630998, 42.784066]}, "properties": {"id": 1405, "price": 1166000.0, "city": "Бишкек"}}, {"type": "Feature", "geometry": {"type": "Point", "coordinates": [74.70311, 42.95733]}, "properties": {"id": 1406, "price": 1469000.0, "city": "Бишкек"}}, {"type": "Feature", "geometry": {"type": "Point", "coordinates": [74.620903, 42.750331]}, "properties": {"id": 1407, "price": 2449000.0, "city": "Бишкек"}}, {"type": "Feature", "geometry": {"type": "Point", "coordinates": [74.56881, 42.806863]}, "properties": {"id": 1408, "price": 2512000.0, "city": "Бишкек"}}, {"type": "Feature", "geometry": {"type": "Point", "coordinates": [74.508095, 42.633013]}, "properties": {"id": 1409, "price": 3882000.0, "city": "Бишкек"}}, {"type": "Feature", "geometry": {"type": "Point", "coordinates": [74.59792, 42.84857]}, "properties": {"id": 1410, "price": 4425000.0, "city": "Бишкек"}}, {"type": "Feature", "geometry": {"type": "Point", "coordinates": [74.529482, 42.910598]}, "properties": {"id": 1411, "price": 17101000.0, "city": "Бишкек"}}, {"type": "Feature", "geometry": {"type": "Point", "coordinates": [74.770391, 42.918751]}, "properties": {"id": 1412, "price": 27036000.0, "city": "Бишкек"}}, {"type": "Feature", "geometry": {"type": "Point", "coordinates": [74.637681, 42.762239]}, "properties": {"id": 1413, "price": 2748000.0, "city": "Бишкек"}}, {"type": "Feature", "geometry": {"type": "Point", "coordinates": [74.588247, 42.742726]}, "properties": {"id": 1414, "price": 1077000.0, "city": "Бишкек"}}, {"type": "Feature", "geometry": {"type": "Point", "coordinates": [74.57282, 42.795036]}, "properties": {"id": 1415, "price": 11914000.0, "city": "Бишкек"}}, {"type": "Feature", "geometry": {"type": "Point", "coordinates": [74.745725, 42.969152]}, "properties": {"id": 1416, "price": 12506000.0, "city": "Бишкек"}}, {"type": "Feature", "geometry": {"type": "Point", "coordinates": [74.632884, 42.985538]}, "properties": {"id": 1417, "price": 7452000.0, "city": "Бишкек"}}, {"type": "Feature", "geometry": {"type": "Point", "coordinates": [74.752822, 43.055751]}, "properties": {"id": 1418, "price": 4937000.0, "city": "Бишкек"}}, {"type": "Feature", "geometry": {"type": "Point", "coordinates": [74.716632, 42.995184]}, "properties": {"id": 1419, "price": 7878000.0, "city": "Бишкек"}}, {"type": "Feature", "geometry": {"type": "Point", "coordinates": [74.627629, 42.924432]}, "properties": {"id": 1420, "price": 3298000.0, "city": "Бишкек"}}, {"type": "Feature", "geometry": {"type": "Point", "coordinates": [74.740003, 43.022351]}, "properties": {"id": 1421, "price": 3856000.0, "city": "Бишкек"}}, {"type": "Feature", "geometry": {"type": "Point", "coordinates": [74.496512, 43.048149]}, "properties": {"id": 1422, "price": 6948000.0, "city": "Бишкек"}}, {"type": "Feature", "geometry": {"type": "Point", "coordinates": [74.523219, 42.769752]}, "properties": {"id": 1423, "price": 2928000.0, "city": "Бишкек"}}, {"type": "Feature", "geometry": {"type": "Point", "coordinates": [74.638268, 42.840995]}, "properties": {"id": 1424, "price": 13871000.0, "city": "Бишкек"}}, {"type": "Feature", "geometry": {"type": "Point", "coordinates": [74.745976, 42.870955]}, "properties": {"id": 1425, "price": 11350000.0, "city": "Бишкек"}}, {"type": "Feature", "geometry": {"type": "Point", "coordinates": [74.591758, 42.712638]}, "properties": {"id": 1426, "price": 1386000.0, "city": "Бишкек"}}, {"type": "Feature", "geometry": {"type": "Point", "coordinates": [74.427046, 42.773617]}, "properties": {"id": 1427, "price": 3745000.0, "city": "Бишкек"}}, {"type": "Feature", "geometry": {"type": "Point", "coordinates": [74.603173, 42.870093]}, "properties": {"id": 1428, "price": 21602000.0, "city": "Бишкек"}}, {"type": "Feature", "geometry": {"type": "Point", "coordinates": [74.444008, 42.90597]}, "properties": {"id": 1429, "price": 1875000.0, "city": "Бишкек"}}, {"type": "Feature", "geometry": {"type": "Point", "coordinates": [74.434854, 42.897832]}, "properties": {"id": 1430, "price": 13429000.0, "city": "Бишкек"}}, {"type": "Feature", "geometry": {"type": "Point", "coordinates": [74.619819, 43.002244]}, "properties": {"id": 1431, "price": 2356000.0, "city": "Бишкек"}}, {"type": "Feature", "geometry": {"type": "Point", "coordinates": [74.662945, 42.858089]}, "properties": {"id": 1432, "price": 2154000.0, "city": "Бишкек"}}, {"type": "Feature", "geometry": {"type": "Point", "coordinates": [74.708446, 42.9363]}, "properties": {"id": 1433, "price": 2288000.0, "city": "Бишкек"}}, {"type": "Feature", "geometry": {"type": "Point", "coordinates": [74.716247, 42.745432]}, "properties": {"id": 1434, "price": 1692000.0, "city": "Бишкек"}}, {"type": "Feature", "geometry": {"type": "Point", "coordinates": [74.640048, 42.672893]}, "properties": {"id": 1435, "price": 6949000.0, "city": "Бишкек"}}, {"type": "Feature", "geometry": {"type": "Point", "coordinates": [74.535501, 42.955845]}, "properties": {"id": 1436, "price": 7302000.0, "city": "Бишкек"}}, {"type": "Feature", "geometry": {"type": "Point", "coordinates": [74.803275, 42.96554]}, "properties": {"id": 1437, "price": 679000.0, "city": "Бишкек"}}, {"type": "Feature", "geometry": {"type": "Point", "coordinates": [74.54134, 42.9102]}, "properties": {"id": 1438, "price": 41697000.0, "city": "Бишкек"}}, {"type": "Feature", "geometry": {"type": "Point", "coordinates": [74.660763, 42.705378]}, "properties": {"id": 1439, "price": 2714000.0, "city": "Бишкек"}}, {"type": "Feature", "geometry": {"type": "Point", "coordinates": [74.6092, 42.841157]}, "properties": {"id": 1440, "price": 46986000.0, "city": "Бишкек"}}, {"type": "Feature", "geometry": {"type": "Point", "coordinates": [74.649175, 42.843212]}, "properties": {"id": 1441, "price": 6096000.0, "city": "Бишкек"}}, {"type": "Feature", "geometry": {"type": "Point", "coordinates": [74.570979, 42.921019]}, "properties": {"id": 1442, "price": 3335000.0, "city": "Бишкек"}}, {"type": "Feature", "geometry": {"type": "Point", "coordinates": [74.595095, 42.809114]}, "properties": {"id": 1443, "price": 29545000.0, "city": "Бишкек"}}, {"type": "Feature", "geometry": {"type": "Point", "coordinates": [74.698474, 42.949282]}, "properties": {"id": 1444, "price": 43205000.0, "city": "Бишкек"}}, {"type": "Feature", "geometry": {"type": "Point", "coordinates": [74.678571, 42.85716]}, "properties": {"id": 1445, "price": 10705000.0, "city": "Бишкек"}}, {"type": "Feature", "geometry": {"type": "Point", "coordinates": [74.564755, 42.937616]}, "properties": {"id": 1446, "price": 4386000.0, "city": "Бишкек"}}, {"type": "Feature", "geometry": {"type": "Point", "coordinates": [74.69703, 42.910282]}, "properties": {"id": 1447, "price": 5633000.0, "city": "Бишкек"}}, {"type": "Feature", "geometry": {"type": "Point", "coordinates": [74.725022, 42.98422]}, "properties": {"id": 1448, "price": 5664000.0, "city": "Бишкек"}}, {"type": "Feature", "geometry": {"type": "Point", "coordinates": [74.575644, 43.009008]}, "properties": {"id": 1449, "price": 19344000.0, "city": "Бишкек"}}, {"type": "Feature", "geometry": {"type": "Point", "coordinates": [74.698075, 42.652817]}, "properties": {"id": 1450, "price": 2741000.0, "city": "Бишкек"}}, {"type": "Feature", "geometry": {"type": "Point", "coordinates": [74.572742, 42.885295]}, "properties": {"id": 1451, "price": 11460000.0, "city": "Бишкек"}}, {"type": "Feature", "geometry": {"type": "Point", "coordinates": [74.658553, 42.861646]}, "properties": {"id": 1452, "price": 2273000.0, "city": "Бишкек"}}, {"type": "Feature", "geometry": {"type": "Point", "coordinates": [74.408324, 42.879304]}, "properties": {"id": 1453, "price": 6136000.0, "city": "Бишкек"}}, {"type": "Feature", "geometry": {"type": "Point", "coordinates": [74.541389, 43.129228]}, "properties": {"id": 1454, "price": 3660000.0, "city": "Бишкек"}}, {"type": "Feature", "geometry": {"type": "Point", "coordinates": [74.550358, 42.963539]}, "properties": {"id": 1455, "price": 4458000.0, "city": "Бишкек"}}, {"type": "Feature", "geometry": {"type": "Point", "coordinates": [74.799239, 42.952694]}, "properties": {"id": 1456, "price": 2874000.0, "city": "Бишкек"}}, {"type": "Feature", "geometry": {"type": "Point", "coordinates": [74.5489, 42.79334]}, "properties": {"id": 1457, "price": 2151000.0, "city": "Бишкек"}}, {"type": "Feature", "geometry": {"type": "Point", "coordinates": [74.550318, 42.993625]}, "properties": {"id": 1458, "price": 7210000.0, "city": "Бишкек"}}, {"type": "Feature", "geometry": {"type": "Point", "coordinates": [74.532038, 42.903314]}, "properties": {"id": 1459, "price": 2494000.0, "city": "Бишкек"}}, {"type": "Feature", "geometry": {"type": "Point", "coordinates": [74.648841, 42.943008]}, "properties": {"id": 1460, "price": 7854000.0, "city": "Бишкек"}}, {"type": "Feature", "geometry": {"type": "Point", "coordinates": [74.616054, 42.843703]}, "properties": {"id": 1461, "price": 5280000.0, "city": "Бишкек"}}, {"type": "Feature", "geometry": {"type": "Point", "coordinates": [74.726126, 43.071059]}, "properties": {"id": 1462, "price": 11423000.0, "city": "Бишкек"}}, {"type": "Feature", "geometry": {"type": "Point", "coordinates": [74.800725, 42.842558]}, "properties": {"id": 1463, "price": 6332000.0, "city": "Бишкек"}}, {"type": "Feature", "geometry": {"type": "Point", "coordinates": [74.654212, 42.93517]}, "properties": {"id": 1464, "price": 1360000.0, "city": "Бишкек"}}, {"type": "Feature", "geometry": {"type": "Point", "coordinates": [74.666612, 42.930029]}, "properties": {"id": 1465, "price": 1950000.0, "city": "Бишкек"}}, {"type": "Feature", "geometry": {"type": "Point", "coordinates": [74.697447, 42.89348]}, "properties": {"id": 1466, "price": 1495000.0, "city": "Бишкек"}}, {"type": "Feature", "geometry": {"type": "Point", "coordinates": [74.554486, 42.859833]}, "properties": {"id": 1467, "price": 2809000.0, "city": "Бишкек"}}, {"type": "Feature", "geometry": {"type": "Point", "coordinates": [74.515083, 42.940992]}, "properties": {"id": 1468, "price": 1699000.0, "city": "Бишкек"}}, {"type": "Feature", "geometry": {"type": "Point", "coordinates": [74.608238, 42.882989]}, "properties": {"id": 1469, "price": 19707000.0, "city": "Бишкек"}}, {"type": "Feature", "geometry": {"type": "Point", "coordinates": [74.535776, 43.011003]}, "properties": {"id": 1470, "price": 4449000.0, "city": "Бишкек"}}, {"type": "Feature", "geometry": {"type": "Point", "coordinates": [74.875959, 42.777783]}, "properties": {"id": 1471, "price": 3735000.0, "city": "Бишкек"}}, {"type": "Feature", "geometry": {"type": "Point", "coordinates": [74.412353, 42.787773]}, "properties": {"id": 1472, "price": 6446000.0, "city": "Бишкек"}}, {"type": "Feature", "geometry": {"type": "Point", "coordinates": [74.58749, 42.661349]}, "properties": {"id": 1473, "price": 1922000.0, "city": "Бишкек"}}, {"type": "Feature", "geometry": {"type": "Point", "coordinates": [74.57603, 42.969271]}, "properties": {"id": 1474, "price": 13352000.0, "city": "Бишкек"}}, {"type": "Feature", "geometry": {"type": "Point", "coordinates": [74.640325, 42.89307]}, "properties": {"id": 1475, "price": 5917000.0, "city": "Бишкек"}}, {"type": "Feature", "geometry": {"type": "Point", "coordinates": [74.652991, 43.105271]}, "properties": {"id": 1476, "price": 654000.0, "city": "Бишкек"}}, {"type": "Feature", "geometry": {"type": "Point", "coordinates": [74.506755, 42.848645]}, "properties": {"id": 1477, "price": 3437000.0, "city": "Бишкек"}}, {"type": "Feature", "geometry": {"type": "Point", "coordinates": [74.546619, 42.869734]}, "properties": {"id": 1478, "price": 2052000.0, "city": "Бишкек"}}, {"type": "Feature", "geometry": {"type": "Point", "coordinates": [74.817189, 42.798466]}, "properties": {"id": 1479, "price": 3740000.0, "city": "Бишкек"}}, {"type": "Feature", "geometry": {"type": "Point", "coordinates": [74.670508, 42.798251]}, "properties": {"id": 1480, "price": 4423000.0, "city": "Бишкек"}}, {"type": "Feature", "geometry": {"type": "Point", "coordinates": [74.448367, 43.096106]}, "properties": {"id": 1481, "price": 9051000.0, "city": "Бишкек"}}, {"type": "Feature", "geometry": {"type": "Point", "coordinates": [74.597166, 42.767261]}, "properties": {"id": 1482, "price": 52147000.0, "city": "Бишкек"}}, {"type": "Feature", "geometry": {"type": "Point", "coordinates": [74.568691, 43.050302]}, "properties": {"id": 1483, "price": 36953000.0, "city": "Бишкек"}}, {"type": "Feature", "geometry": {"type": "Point", "coordinates": [74.655825, 42.841384]}, "properties": {"id": 1484, "price": 3430000.0, "city": "Бишкек"}}, {"type": "Feature", "geometry": {"type": "Point", "coordinates": [74.641943, 42.984089]}, "properties": {"id": 1485, "price": 19840000.0, "city": "Бишкек"}}, {"type": "Feature", "geometry": {"type": "Point", "coordinates": [74.844433, 42.977035]}, "properties": {"id": 1486, "price": 9061000.0, "city": "Бишкек"}}, {"type": "Feature", "geometry": {"type": "Point", "coordinates": [74.425392, 42.994042]}, "properties": {"id": 1487, "price": 5779000.0, "city": "Бишкек"}}, {"type": "Feature", "geometry": {"type": "Point", "coordinates": [74.570727, 42.712027]}, "properties": {"id": 1488, "price": 1046000.0, "city": "Бишкек"}}, {"type": "Feature", "geometry": {"type": "Point", "coordinates": [74.51862, 42.960539]}, "properties": {"id": 1489, "price": 2583000.0, "city": "Бишкек"}}, {"type": "Feature", "geometry": {"type": "Point", "coordinates": [74.655339, 42.80122]}, "properties": {"id": 1490, "price": 5317000.0, "city": "Бишкек"}}, {"type": "Feature", "geometry": {"type": "Point", "coordinates": [74.6191, 42.875775]}, "properties": {"id": 1491, "price": 2894000.0, "city": "Бишкек"}}, {"type": "Feature", "geometry": {"type": "Point", "coordinates": [74.669314, 42.776969]}, "properties": {"id": 1492, "price": 7463000.0, "city": "Бишкек"}}, {"type": "Feature", "geometry": {"type": "Point", "coordinates": [74.511246, 42.932472]}, "properties": {"id": 1493, "price": 4224000.0, "city": "Бишкек"}}, {"type": "Feature", "geometry": {"type": "Point", "coordinates": [74.671163, 42.929521]}, "properties": {"id": 1494, "price": 22669000.0, "city": "Бишкек"}}, {"type": "Feature", "geometry": {"type": "Point", "coordinates": [74.608525, 42.742739]}, "properties": {"id": 1495, "price": 7342000.0, "city": "Бишкек"}}, {"type": "Feature", "geometry": {"type": "Point", "coordinates": [74.533332, 42.792706]}, "properties": {"id": 1496, "price": 3598000.0, "city": "Бишкек"}}, {"type": "Feature", "geometry": {"type": "Point", "coordinates": [74.48174, 42.864311]}, "properties": {"id": 1497, "price": 9954000.0, "city": "Бишкек"}}, {"type": "Feature", "geometry": {"type": "Point", "coordinates": [74.694107, 42.906146]}, "properties": {"id": 1498, "price": 9626000.0, "city": "Бишкек"}}, {"type": "Feature", "geometry": {"type": "Point", "coordinates": [74.653547, 42.942849]}, "properties": {"id": 1499, "price": 7561000.0, "city": "Бишкек"}}, {"type": "Feature", "geometry": {"type": "Point", "coordinates": [74.561085, 42.939662]}, "properties": {"id": 1500, "price": 7682000.0, "city": "Бишкек"}}, {"type": "Feature", "geometry": {"type": "Point", "coordinates": [74.442299, 42.85976]}, "properties": {"id": 1501, "price": 827000.0, "city": "Бишкек"}}, {"type": "Feature", "geometry": {"type": "Point", "coordinates": [74.614269, 42.749347]}, "properties": {"id": 1502, "price": 17922000.0, "city": "Бишкек"}}, {"type": "Feature", "geometry": {"type": "Point", "coordinates": [74.578569, 42.796927]}, "properties": {"id": 1503, "price": 6442000.0, "city": "Бишкек"}}, {"type": "Feature", "geometry": {"type": "Point", "coordinates": [74.72076, 42.949212]}, "properties": {"id": 1504, "price": 8155000.0, "city": "Бишкек"}}, {"type": "Feature", "geometry": {"type": "Point", "coordinates": [74.516203, 42.863592]}, "properties": {"id": 1505, "price": 4702000.0, "city": "Бишкек"}}, {"type": "Feature", "geometry": {"type": "Point", "coordinates": [74.651573, 42.849886]}, "properties": {"id": 1506, "price": 1131000.0, "city": "Бишкек"}}, {"type": "Feature", "geometry": {"type": "Point", "coordinates": [74.692667, 43.072075]}, "properties": {"id": 1507, "price": 7157000.0, "city": "Бишкек"}}, {"type": "Feature", "geometry": {"type": "Point", "coordinates": [74.49055, 42.854821]}, "properties": {"id": 1508, "price": 6782000.0, "city": "Бишкек"}}, {"type": "Feature", "geometry": {"type": "Point", "coordinates": [74.696008, 42.947525]}, "properties": {"id": 1509, "price": 2565000.0, "city": "Бишкек"}}, {"type": "Feature", "geometry": {"type": "Point", "coordinates": [74.713501, 42.821703]}, "properties": {"id": 1510, "price": 1470000.0, "city": "Бишкек"}}, {"type": "Feature", "geometry": {"type": "Point", "coordinates": [74.698059, 42.682965]}, "properties": {"id": 1511, "price": 6818000.0, "city": "Бишкек"}}, {"type": "Feature", "geometry": {"type": "Point", "coordinates": [74.526203, 43.006337]}, "properties": {"id": 1512, "price": 2555000.0, "city": "Бишкек"}}, {"type": "Feature", "geometry": {"type": "Point", "coordinates": [74.646271, 43.068795]}, "properties": {"id": 1513, "price": 1144000.0, "city": "Бишкек"}}, {"type": "Feature", "geometry": {"type": "Point", "coordinates": [74.649471, 42.912032]}, "properties": {"id": 1514, "price": 2258000.0, "city": "Бишкек"}}, {"type": "Feature", "geometry": {"type": "Point", "coordinates": [74.620736, 42.835286]}, "properties": {"id": 1515, "price": 17088000.0, "city": "Бишкек"}}, {"type": "Feature", "geometry": {"type": "Point", "coordinates": [74.658273, 42.887209]}, "properties": {"id": 1516, "price": 14162000.0, "city": "Бишкек"}}, {"type": "Feature", "geometry": {"type": "Point", "coordinates": [74.659072, 42.892908]}, "properties": {"id": 1517, "price": 759000.0, "city": "Бишкек"}}, {"type": "Feature", "geometry": {"type": "Point", "coordinates": [74.529235, 42.728963]}, "properties": {"id": 1518, "price": 19041000.0, "city": "Бишкек"}}, {"type": "Feature", "geometry": {"type": "Point", "coordinates": [74.671703, 43.081355]}, "properties": {"id": 1519, "price": 1444000.0, "city": "Бишкек"}}, {"type": "Feature", "geometry": {"type": "Point", "coordinates": [74.774972, 42.97902]}, "properties": {"id": 1520, "price": 57952000.0, "city": "Бишкек"}}, {"type": "Feature", "geometry": {"type": "Point", "coordinates": [74.578078, 42.922933]}, "properties": {"id": 1521, "price": 6643000.0, "city": "Бишкек"}}, {"type": "Feature", "geometry": {"type": "Point", "coordinates": [74.618875, 43.004391]}, "properties": {"id": 1522, "price": 1988000.0, "city": "Бишкек"}}, {"type": "Feature", "geometry": {"type": "Point", "coordinates": [74.681876, 42.880738]}, "properties": {"id": 1523, "price": 1276000.0, "city": "Бишкек"}}, {"type": "Feature", "geometry": {"type": "Point", "coordinates": [74.713372, 42.802695]}, "properties": {"id": 1524, "price": 23947000.0, "city": "Бишкек"}}, {"type": "Feature", "geometry": {"type": "Point", "coordinates": [74.638755, 42.99004]}, "properties": {"id": 1525, "price": 12398000.0, "city": "Бишкек"}}, {"type": "Feature", "geometry": {"type": "Point", "coordinates": [74.5211, 42.817283]}, "properties": {"id": 1526, "price": 27234000.0, "city": "Бишкек"}}, {"type": "Feature", "geometry": {"type": "Point", "coordinates": [74.552396, 42.951877]}, "properties": {"id": 1527, "price": 1146000.0, "city": "Бишкек"}}, {"type": "Feature", "geometry": {"type": "Point", "coordinates": [74.831501, 43.062726]}, "properties": {"id": 1528, "price": 865000.0, "city": "Бишкек"}}, {"type": "Feature", "geometry": {"type": "Point", "coordinates": [74.723566, 43.00239]}, "properties": {"id": 1529, "price": 14686000.0, "city": "Бишкек"}}, {"type": "Feature", "geometry": {"type": "Point", "coordinates": [74.698494, 42.897109]}, "properties": {"id": 1530, "price": 1281000.0, "city": "Бишкек"}}, {"type": "Feature", "geometry": {"type": "Point", "coordinates": [74.542357, 42.823595]}, "properties": {"id": 1531, "price": 37758000.0, "city": "Бишкек"}}, {"type": "Feature", "geometry": {"type": "Point", "coordinates": [74.534046, 42.847063]}, "properties": {"id": 1532, "price": 10265000.0, "city": "Бишкек"}}, {"type": "Feature", "geometry": {"type": "Point", "coordinates": [74.785939, 42.955835]}, "properties": {"id": 1533, "price": 6396000.0, "city": "Бишкек"}}, {"type": "Feature", "geometry": {"type": "Point", "coordinates": [74.565122, 42.877073]}, "properties": {"id": 1534, "price": 6293000.0, "city": "Бишкек"}}, {"type": "Feature", "geometry": {"type": "Point", "coordinates": [74.660084, 42.902921]}, "properties": {"id": 1535, "price": 5953000.0, "city": "Бишкек"}}, {"type": "Feature", "geometry": {"type": "Point", "coordinates": [74.795017, 43.010471]}, "properties": {"id": 1536, "price": 22588000.0, "city": "Бишкек"}}, {"type": "Feature", "geometry": {"type": "Point", "coordinates": [74.702032, 42.860492]}, "properties": {"id": 1537, "price": 7953000.0, "city": "Бишкек"}}, {"type": "Feature", "geometry": {"type": "Point", "coordinates": [74.749022, 43.007628]}, "properties": {"id": 1538, "price": 11342000.0, "city": "Бишкек"}}, {"type": "Feature", "geometry": {"type": "Point", "coordinates": [74.582172, 42.745992]}, "properties": {"id": 1539, "price": 2495000.0, "city": "Бишкек"}}, {"type": "Feature", "geometry": {"type": "Point", "coordinates": [74.54964, 42.79516]}, "properties": {"id": 1540, "price": 6016000.0, "city": "Бишкек"}}, {"type": "Feature", "geometry": {"type": "Point", "coordinates": [74.51721, 42.939642]}, "properties": {"id": 1541, "price": 2443000.0, "city": "Бишкек"}}, {"type": "Feature", "geometry": {"type": "Point", "coordinates": [74.671332, 42.922302]}, "properties": {"id": 1542, "price": 6142000.0, "city": "Бишкек"}}, {"type": "Feature", "geometry": {"type": "Point", "coordinates": [74.642578, 42.908887]}, "properties": {"id": 1543, "price": 764000.0, "city": "Бишкек"}}, {"type": "Feature", "geometry": {"type": "Point", "coordinates": [74.495429, 42.633919]}, "properties": {"id": 1544, "price": 6396000.0, "city": "Бишкек"}}, {"type": "Feature", "geometry": {"type": "Point", "coordinates": [74.692234, 42.988837]}, "properties": {"id": 1545, "price": 784000.0, "city": "Бишкек"}}, {"type": "Feature", "geometry": {"type": "Point", "coordinates": [74.613928, 42.703777]}, "properties": {"id": 1546, "price": 10423000.0, "city": "Бишкек"}}, {"type": "Feature", "geometry": {"type": "Point", "coordinates": [74.551291, 42.775773]}, "properties": {"id": 1547, "price": 1425000.0, "city": "Бишкек"}}, {"type": "Feature", "geometry": {"type": "Point", "coordinates": [74.692175, 42.77752]}, "properties": {"id": 1548, "price": 21264000.0, "city": "Бишкек"}}, {"type": "Feature", "geometry": {"type": "Point", "coordinates": [74.41108, 42.968613]}, "properties": {"id": 1549, "price": 4573000.0, "city": "Бишкек"}}, {"type": "Feature", "geometry": {"type": "Point", "coordinates": [74.533087, 42.952395]}, "properties": {"id": 1550, "price": 1936000.0, "city": "Бишкек"}}, {"type": "Feature", "geometry": {"type": "Point", "coordinates": [74.666513, 42.809249]}, "properties": {"id": 1551, "price": 13898000.0, "city": "Бишкек"}}, {"type": "Feature", "geometry": {"type": "Point", "coordinates": [74.717471, 42.993235]}, "properties": {"id": 1552, "price": 3547000.0, "city": "Бишкек"}}, {"type": "Feature", "geometry": {"type": "Point", "coordinates": [74.545527, 42.743697]}, "properties": {"id": 1553, "price": 5861000.0, "city": "Бишкек"}}, {"type": "Feature", "geometry": {"type": "Point", "coordinates": [74.41815, 42.904197]}, "properties": {"id": 1554, "price": 4957000.0, "city": "Бишкек"}}, {"type": "Feature", "geometry": {"type": "Point", "coordinates": [74.346415, 42.883469]}, "properties": {"id": 1555, "price": 4764000.0, "city": "Бишкек"}}, {"type": "Feature", "geometry": {"type": "Point", "coordinates": [74.699251, 42.862369]}, "properties": {"id": 1556, "price": 708000.0, "city": "Бишкек"}}, {"type": "Feature", "geometry": {"type": "Point", "coordinates": [74.66032, 42.795445]}, "properties": {"id": 1557, "price": 8323000.0, "city": "Бишкек"}}, {"type": "Feature", "geometry": {"type": "Point", "coordinates": [74.68309, 42.816955]}, "properties": {"id": 1558, "price": 1428000.0, "city": "Бишкек"}}, {"type": "Feature", "geometry": {"type": "Point", "coordinates": [74.554094, 42.947253]}, "properties": {"id": 1559, "price": 4238000.0, "city": "Бишкек"}}, {"type": "Feature", "geometry": {"type": "Point", "coordinates": [74.532137, 42.767149]}, "properties": {"id": 1560, "price": 22620000.0, "city": "Бишкек"}}, {"type": "Feature", "geometry": {"type": "Point", "coordinates": [74.581503, 42.960012]}, "properties": {"id": 1561, "price": 1383000.0, "city": "Бишкек"}}, {"type": "Feature", "geometry": {"type": "Point", "coordinates": [74.418665, 42.923114]}, "properties": {"id": 1562, "price": 7507000.0, "city": "Бишкек"}}, {"type": "Feature", "geometry": {"type": "Point", "coordinates": [74.596116, 43.02807]}, "properties": {"id": 1563, "price": 7929000.0, "city": "Бишкек"}}, {"type": "Feature", "geometry": {"type": "Point", "coordinates": [74.540659, 42.943721]}, "properties": {"id": 1564, "price": 7042000.0, "city": "Бишкек"}}, {"type": "Feature", "geometry": {"type": "Point", "coordinates": [74.733482, 42.962782]}, "properties": {"id": 1565, "price": 1807000.0, "city": "Бишкек"}}, {"type": "Feature", "geometry": {"type": "Point", "coordinates": [74.620717, 42.783915]}, "properties": {"id": 1566, "price": 4817000.0, "city": "Бишкек"}}, {"type": "Feature", "geometry": {"type": "Point", "coordinates": [74.50433, 42.920484]}, "properties": {"id": 1567, "price": 17446000.0, "city": "Бишкек"}}, {"type": "Feature", "geometry": {"type": "Point", "coordinates": [74.678837, 42.77015]}, "properties": {"id": 1568, "price": 714000.0, "city": "Бишкек"}}, {"type": "Feature", "geometry": {"type": "Point", "coordinates": [74.713583, 42.872197]}, "properties": {"id": 1569, "price": 2383000.0, "city": "Бишкек"}}, {"type": "Feature", "geometry": {"type": "Point", "coordinates": [74.773725, 42.979916]}, "properties": {"id": 1570, "price": 1408000.0, "city": "Бишкек"}}, {"type": "Feature", "geometry": {"type": "Point", "coordinates": [74.776126, 42.94833]}, "properties": {"id": 1571, "price": 4049000.0, "city": "Бишкек"}}, {"type": "Feature", "geometry": {"type": "Point", "coordinates": [74.653282, 42.735328]}, "properties": {"id": 1572, "price": 2530000.0, "city": "Бишкек"}}, {"type": "Feature", "geometry": {"type": "Point", "coordinates": [74.498496, 42.925587]}, "properties": {"id": 1573, "price": 1566000.0, "city": "Бишкек"}}, {"type": "Feature", "geometry": {"type": "Point", "coordinates": [74.534483, 42.796918]}, "properties": {"id": 1574, "price": 10167000.0, "city": "Бишкек"}}, {"type": "Feature", "geometry": {"type": "Point", "coordinates": [74.76703, 42.892781]}, "properties": {"id": 1575, "price": 14922000.0, "city": "Бишкек"}}, {"type": "Feature", "geometry": {"type": "Point", "coordinates": [74.671222, 43.123561]}, "properties": {"id": 1576, "price": 13608000.0, "city": "Бишкек"}}, {"type": "Feature", "geometry": {"type": "Point", "coordinates": [74.726065, 42.827153]}, "properties": {"id": 1577, "price": 6846000.0, "city": "Бишкек"}}, {"type": "Feature", "geometry": {"type": "Point", "coordinates": [74.494017, 42.926871]}, "properties": {"id": 1578, "price": 5611000.0, "city": "Бишкек"}}, {"type": "Feature", "geometry": {"type": "Point", "coordinates": [74.575, 42.917185]}, "properties": {"id": 1579, "price": 2245000.0, "city": "Бишкек"}}, {"type": "Feature", "geometry": {"type": "Point", "coordinates": [74.578983, 42.976232]}, "properties": {"id": 1580, "price": 2593000.0, "city": "Бишкек"}}, {"type": "Feature", "geometry": {"type": "Point", "coordinates": [74.674216, 42.901172]}, "properties": {"id": 1581, "price": 7119000.0, "city": "Бишкек"}}, {"type": "Feature", "geometry": {"type": "Point", "coordinates": [74.565416, 42.813464]}, "properties": {"id": 1582, "price": 5029000.0, "city": "Бишкек"}}, {"type": "Feature", "geometry": {"type": "Point", "coordinates": [74.661558, 42.917327]}, "properties": {"id": 1583, "price": 2585000.0, "city": "Бишкек"}}, {"type": "Feature", "geometry": {"type": "Point", "coordinates": [74.487327, 42.903206]}, "properties": {"id": 1584, "price": 6235000.0, "city": "Бишкек"}}, {"type": "Feature", "geometry": {"type": "Point", "coordinates": [74.669537, 42.888176]}, "properties": {"id": 1585, "price": 1220000.0, "city": "Бишкек"}}, {"type": "Feature", "geometry": {"type": "Point", "coordinates": [74.660597, 42.736195]}, "properties": {"id": 1586, "price": 2646000.0, "city": "Бишкек"}}, {"type": "Feature", "geometry": {"type": "Point", "coordinates": [74.724572, 42.848581]}, "properties": {"id": 1587, "price": 2663000.0, "city": "Бишкек"}}, {"type": "Feature", "geometry": {"type": "Point", "coordinates": [74.729437, 42.942874]}, "properties": {"id": 1588, "price": 18807000.0, "city": "Бишкек"}}, {"type": "Feature", "geometry": {"type": "Point", "coordinates": [74.532924, 42.927027]}, "properties": {"id": 1589, "price": 3452000.0, "city": "Бишкек"}}, {"type": "Feature", "geometry": {"type": "Point", "coordinates": [74.762585, 42.818488]}, "properties": {"id": 1590, "price": 869000.0, "city": "Бишкек"}}, {"type": "Feature", "geometry": {"type": "Point", "coordinates": [74.589567, 42.643235]}, "properties": {"id": 1591, "price": 7145000.0, "city": "Бишкек"}}, {"type": "Feature", "geometry": {"type": "Point", "coordinates": [74.83231, 42.802584]}, "properties": {"id": 1592, "price": 2723000.0, "city": "Бишкек"}}, {"type": "Feature", "geometry": {"type": "Point", "coordinates": [74.616023, 42.92553]}, "properties": {"id": 1593, "price": 11951000.0, "city": "Бишкек"}}, {"type": "Feature", "geometry": {"type": "Point", "coordinates": [74.526412, 42.824354]}, "properties": {"id": 1594, "price": 10831000.0, "city": "Бишкек"}}, {"type": "Feature", "geometry": {"type": "Point", "coordinates": [74.562805, 42.900607]}, "properties": {"id": 1595, "price": 2928000.0, "city": "Бишкек"}}, {"type": "Feature", "geometry": {"type": "Point", "coordinates": [74.541065, 42.903036]}, "properties": {"id": 1596, "price": 5452000.0, "city": "Бишкек"}}, {"type": "Feature", "geometry": {"type": "Point", "coordinates": [74.440175, 43.047264]}, "properties": {"id": 1597, "price": 1617000.0, "city": "Бишкек"}}, {"type": "Feature", "geometry": {"type": "Point", "coordinates": [74.506745, 42.640107]}, "properties": {"id": 1598, "price": 19244000.0, "city": "Бишкек"}}, {"type": "Feature", "geometry": {"type": "Point", "coordinates": [74.508824, 42.994874]}, "properties": {"id": 1599, "price": 8253000.0, "city": "Бишкек"}}, {"type": "Feature", "geometry": {"type": "Point", "coordinates": [74.745693, 42.846347]}, "properties": {"id": 1600, "price": 15947000.0, "city": "Бишкек"}}, {"type": "Feature", "geometry": {"type": "Point", "coordinates": [74.754933, 42.818966]}, "properties": {"id": 1601, "price": 10876000.0, "city": "Бишкек"}}, {"type": "Feature", "geometry": {"type": "Point", "coordinates": [74.530854, 42.846619]}, "properties": {"id": 1602, "price": 34514000.0, "city": "Бишкек"}}, {"type": "Feature", "geometry": {"type": "Point", "coordinates": [74.631652, 42.82743]}, "properties": {"id": 1603, "price": 18292000.0, "city": "Бишкек"}}, {"type": "Feature", "geometry": {"type": "Point", "coordinates": [74.444543, 43.016033]}, "properties": {"id": 1604, "price": 7890000.0, "city": "Бишкек"}}, {"type": "Feature", "geometry": {"type": "Point", "coordinates": [74.610688, 42.918068]}, "properties": {"id": 1605, "price": 10826000.0, "city": "Бишкек"}}, {"type": "Feature", "geometry": {"type": "Point", "coordinates": [74.663984, 43.078337]}, "properties": {"id": 1606, "price": 45254000.0, "city": "Бишкек"}}, {"type": "Feature", "geometry": {"type": "Point", "coordinates": [74.736187, 42.757385]}, "properties": {"id": 1607, "price": 3169000.0, "city": "Бишкек"}}, {"type": "Feature", "geometry": {"type": "Point", "coordinates": [74.73657, 42.736085]}, "properties": {"id": 1608, "price": 38844000.0, "city": "Бишкек"}}, {"type": "Feature", "geometry": {"type": "Point", "coordinates": [74.448351, 42.974355]}, "properties": {"id": 1609, "price": 18521000.0, "city": "Бишкек"}}, {"type": "Feature", "geometry": {"type": "Point", "coordinates": [74.691874, 42.705949]}, "properties": {"id": 1610, "price": 5532000.0, "city": "Бишкек"}}, {"type": "Feature", "geometry": {"type": "Point", "coordinates": [74.531124, 42.983497]}, "properties": {"id": 1611, "price": 16853000.0, "city": "Бишкек"}}, {"type": "Feature", "geometry": {"type": "Point", "coordinates": [74.589657, 42.881417]}, "properties": {"id": 1612, "price": 2140000.0, "city": "Бишкек"}}, {"type": "Feature", "geometry": {"type": "Point", "coordinates": [74.491198, 42.745492]}, "properties": {"id": 1613, "price": 1562000.0, "city": "Бишкек"}}, {"type": "Feature", "geometry": {"type": "Point", "coordinates": [74.552127, 42.811985]}, "properties": {"id": 1614, "price": 979000.0, "city": "Бишкек"}}, {"type": "Feature", "geometry": {"type": "Point", "coordinates": [74.349194, 42.847459]}, "properties": {"id": 1615, "price": 17158000.0, "city": "Бишкек"}}, {"type": "Feature", "geometry": {"type": "Point", "coordinates": [74.699268, 42.749817]}, "properties": {"id": 1616, "price": 11833000.0, "city": "Бишкек"}}, {"type": "Feature", "geometry": {"type": "Point", "coordinates": [74.45069, 42.896691]}, "properties": {"id": 1617, "price": 2250000.0, "city": "Бишкек"}}, {"type": "Feature", "geometry": {"type": "Point", "coordinates": [74.695362, 42.715774]}, "properties": {"id": 1618, "price": 1595000.0, "city": "Бишкек"}}, {"type": "Feature", "geometry": {"type": "Point", "coordinates": [74.697061, 43.06064]}, "properties": {"id": 1619, "price": 55374000.0, "city": "Бишкек"}}, {"type": "Feature", "geometry": {"type": "Point", "coordinates": [74.651027, 43.114735]}, "properties": {"id": 1620, "price": 45884000.0, "city": "Бишкек"}}, {"type": "Feature", "geometry": {"type": "Point", "coordinates": [74.459722, 42.718972]}, "properties": {"id": 1621, "price": 27931000.0, "city": "Бишкек"}}, {"type": "Feature", "geometry": {"type": "Point", "coordinates": [74.593871, 42.816629]}, "properties": {"id": 1622, "price": 5145000.0, "city": "Бишкек"}}, {"type": "Feature", "geometry": {"type": "Point", "coordinates": [74.609445, 42.917705]}, "properties": {"id": 1623, "price": 7736000.0, "city": "Бишкек"}}, {"type": "Feature", "geometry": {"type": "Point", "coordinates": [74.730082, 42.981662]}, "properties": {"id": 1624, "price": 7600000.0, "city": "Бишкек"}}, {"type": "Feature", "geometry": {"type": "Point", "coordinates": [74.468842, 42.917515]}, "properties": {"id": 1625, "price": 2313000.0, "city": "Бишкек"}}, {"type": "Feature", "geometry": {"type": "Point", "coordinates": [74.684824, 43.059875]}, "properties": {"id": 1626, "price": 11456000.0, "city": "Бишкек"}}, {"type": "Feature", "geometry": {"type": "Point", "coordinates": [74.559417, 42.876535]}, "properties": {"id": 1627, "price": 15201000.0, "city": "Бишкек"}}, {"type": "Feature", "geometry": {"type": "Point", "coordinates": [74.693727, 42.872144]}, "properties": {"id": 1628, "price": 5092000.0, "city": "Бишкек"}}, {"type": "Feature", "geometry": {"type": "Point", "coordinates": [74.565055, 42.905136]}, "properties": {"id": 1629, "price": 1228000.0, "city": "Бишкек"}}, {"type": "Feature", "geometry": {"type": "Point", "coordinates": [74.451042, 42.727624]}, "properties": {"id": 1630, "price": 6421000.0, "city": "Бишкек"}}, {"type": "Feature", "geometry": {"type": "Point", "coordinates": [74.598291, 42.878343]}, "properties": {"id": 1631, "price": 1376000.0, "city": "Бишкек"}}, {"type": "Feature", "geometry": {"type": "Point", "coordinates": [74.558804, 42.731875]}, "properties": {"id": 1632, "price": 16501000.0, "city": "Бишкек"}}, {"type": "Feature", "geometry": {"type": "Point", "coordinates": [74.605491, 42.797949]}, "properties": {"id": 1633, "price": 741000.0, "city": "Бишкек"}}, {"type": "Feature", "geometry": {"type": "Point", "coordinates": [74.575804, 42.938073]}, "properties": {"id": 1634, "price": 59870000.0, "city": "Бишкек"}}, {"type": "Feature", "geometry": {"type": "Point", "coordinates": [74.854871, 42.777322]}, "properties": {"id": 1635, "price": 6741000.0, "city": "Бишкек"}}, {"type": "Feature", "geometry": {"type": "Point", "coordinates": [74.685588, 42.896177]}, "properties": {"id": 1636, "price": 4513000.0, "city": "Бишкек"}}, {"type": "Feature", "geometry": {"type": "Point", "coordinates": [74.536238, 42.933754]}, "properties": {"id": 1637, "price": 42382000.0, "city": "Бишкек"}}, {"type": "Feature", "geometry": {"type": "Point", "coordinates": [74.544267, 42.836982]}, "properties": {"id": 1638, "price": 7652000.0, "city": "Бишкек"}}, {"type": "Feature", "geometry": {"type": "Point", "coordinates": [74.650491, 42.837678]}, "properties": {"id": 1639, "price": 1873000.0, "city": "Бишкек"}}, {"type": "Feature", "geometry": {"type": "Point", "coordinates": [74.64354, 42.913366]}, "properties": {"id": 1640, "price": 907000.0, "city": "Бишкек"}}, {"type": "Feature", "geometry": {"type": "Point", "coordinates": [74.743559, 42.737643]}, "properties": {"id": 1641, "price": 19115000.0, "city": "Бишкек"}}, {"type": "Feature", "geometry": {"type": "Point", "coordinates": [74.570154, 43.074933]}, "properties": {"id": 1642, "price": 6808000.0, "city": "Бишкек"}}, {"type": "Feature", "geometry": {"type": "Point", "coordinates": [74.604719, 42.960929]}, "properties": {"id": 1643, "price": 11787000.0, "city": "Бишкек"}}, {"type": "Feature", "geometry": {"type": "Point", "coordinates": [74.781957, 42.868801]}, "properties": {"id": 1644, "price": 2647000.0, "city": "Бишкек"}}, {"type": "Feature", "geometry": {"type": "Point", "coordinates": [74.513894, 42.725109]}, "properties": {"id": 1645, "price": 957000.0, "city": "Бишкек"}}, {"type": "Feature", "geometry": {"type": "Point", "coordinates": [74.615611, 42.90141]}, "properties": {"id": 1646, "price": 2294000.0, "city": "Бишкек"}}, {"type": "Feature", "geometry": {"type": "Point", "coordinates": [74.311135, 43.001683]}, "properties": {"id": 1647, "price": 21632000.0, "city": "Бишкек"}}, {"type": "Feature", "geometry": {"type": "Point", "coordinates": [74.514711, 42.997834]}, "properties": {"id": 1648, "price": 5465000.0, "city": "Бишкек"}}, {"type": "Feature", "geometry": {"type": "Point", "coordinates": [74.725953, 42.7091]}, "properties": {"id": 1649, "price": 825000.0, "city": "Бишкек"}}, {"type": "Feature", "geometry": {"type": "Point", "coordinates": [74.654882, 42.82809]}, "properties": {"id": 1650, "price": 1821000.0, "city": "Бишкек"}}, {"type": "Feature", "geometry": {"type": "Point", "coordinates": [74.582159, 43.082942]}, "properties": {"id": 1651, "price": 5918000.0, "city": "Бишкек"}}, {"type": "Feature", "geometry": {"type": "Point", "coordinates": [74.732458, 42.852931]}, "properties": {"id": 1652, "price": 5082000.0, "city": "Бишкек"}}, {"type": "Feature", "geometry": {"type": "Point", "coordinates": [74.76366, 42.953986]}, "properties": {"id": 1653, "price": 7437000.0, "city": "Бишкек"}}, {"type": "Feature", "geometry": {"type": "Point", "coordinates": [74.761424, 42.89916]}, "properties": {"id": 1654, "price": 4971000.0, "city": "Бишкек"}}, {"type": "Feature", "geometry": {"type": "Point", "coordinates": [74.40496, 42.742463]}, "properties": {"id": 1655, "price": 9845000.0, "city": "Бишкек"}}, {"type": "Feature", "geometry": {"type": "Point", "coordinates": [74.776749, 42.966498]}, "properties": {"id": 1656, "price": 5270000.0, "city": "Бишкек"}}, {"type": "Feature", "geometry": {"type": "Point", "coordinates": [74.741221, 42.837293]}, "properties": {"id": 1657, "price": 2927000.0, "city": "Бишкек"}}, {"type": "Feature", "geometry": {"type": "Point", "coordinates": [74.475702, 42.67053]}, "properties": {"id": 1658, "price": 2356000.0, "city": "Бишкек"}}, {"type": "Feature", "geometry": {"type": "Point", "coordinates": [74.587488, 42.624583]}, "properties": {"id": 1659, "price": 4057000.0, "city": "Бишкек"}}, {"type": "Feature", "geometry": {"type": "Point", "coordinates": [74.749186, 42.917859]}, "properties": {"id": 1660, "price": 733000.0, "city": "Бишкек"}}, {"type": "Feature", "geometry": {"type": "Point", "coordinates": [74.834627, 42.980505]}, "properties": {"id": 1661, "price": 4994000.0, "city": "Бишкек"}}, {"type": "Feature", "geometry": {"type": "Point", "coordinates": [74.725393, 43.107546]}, "properties": {"id": 1662, "price": 9070000.0, "city": "Бишкек"}}, {"type": "Feature", "geometry": {"type": "Point", "coordinates": [74.647964, 42.82687]}, "properties": {"id": 1663, "price": 11419000.0, "city": "Бишкек"}}, {"type": "Feature", "geometry": {"type": "Point", "coordinates": [74.614542, 42.728913]}, "properties": {"id": 1664, "price": 1778000.0, "city": "Бишкек"}}, {"type": "Feature", "geometry": {"type": "Point", "coordinates": [74.447118, 42.949314]}, "properties": {"id": 1665, "price": 2244000.0, "city": "Бишкек"}}, {"type": "Feature", "geometry": {"type": "Point", "coordinates": [74.712637, 42.983302]}, "properties": {"id": 1666, "price": 14152000.0, "city": "Бишкек"}}, {"type": "Feature", "geometry": {"type": "Point", "coordinates": [74.404487, 42.888162]}, "properties": {"id": 1667, "price": 5815000.0, "city": "Бишкек"}}, {"type": "Feature", "geometry": {"type": "Point", "coordinates": [74.463373, 42.952718]}, "properties": {"id": 1668, "price": 15366000.0, "city": "Бишкек"}}, {"type": "Feature", "geometry": {"type": "Point", "coordinates": [74.515732, 42.916991]}, "properties": {"id": 1669, "price": 1420000.0, "city": "Бишкек"}}, {"type": "Feature", "geometry": {"type": "Point", "coordinates": [74.542803, 42.890789]}, "properties": {"id": 1670, "price": 3775000.0, "city": "Бишкек"}}, {"type": "Feature", "geometry": {"type": "Point", "coordinates": [74.471331, 42.878741]}, "properties": {"id": 1671, "price": 4454000.0, "city": "Бишкек"}}, {"type": "Feature", "geometry": {"type": "Point", "coordinates": [74.41082, 42.958229]}, "properties": {"id": 1672, "price": 3743000.0, "city": "Бишкек"}}, {"type": "Feature", "geometry": {"type": "Point", "coordinates": [74.76221, 43.029964]}, "properties": {"id": 1673, "price": 14277000.0, "city": "Бишкек"}}, {"type": "Feature", "geometry": {"type": "Point", "coordinates": [74.603384, 42.904606]}, "properties": {"id": 1674, "price": 708000.0, "city": "Бишкек"}}, {"type": "Feature", "geometry": {"type": "Point", "coordinates": [74.694238, 42.940437]}, "properties": {"id": 1675, "price": 2186000.0, "city": "Бишкек"}}, {"type": "Feature", "geometry": {"type": "Point", "coordinates": [74.542722, 42.842714]}, "properties": {"id": 1676, "price": 796000.0, "city": "Бишкек"}}, {"type": "Feature", "geometry": {"type": "Point", "coordinates": [74.563025, 42.873536]}, "properties": {"id": 1677, "price": 3898000.0, "city": "Бишкек"}}, {"type": "Feature", "geometry": {"type": "Point", "coordinates": [74.653484, 42.965588]}, "properties": {"id": 1678, "price": 2704000.0, "city": "Бишкек"}}, {"type": "Feature", "geometry": {"type": "Point", "coordinates": [74.572967, 43.00171]}, "properties": {"id": 1679, "price": 6351000.0, "city": "Бишкек"}}, {"type": "Feature", "geometry": {"type": "Point", "coordinates": [74.55629, 42.81952]}, "properties": {"id": 1680, "price": 54854000.0, "city": "Бишкек"}}, {"type": "Feature", "geometry": {"type": "Point", "coordinates": [74.636799, 42.933663]}, "properties": {"id": 1681, "price": 15249000.0, "city": "Бишкек"}}, {"type": "Feature", "geometry": {"type": "Point", "coordinates": [74.645009, 42.840366]}, "properties": {"id": 1682, "price": 3029000.0, "city": "Бишкек"}}, {"type": "Feature", "geometry": {"type": "Point", "coordinates": [74.657817, 42.91568]}, "properties": {"id": 1683, "price": 6459000.0, "city": "Бишкек"}}, {"type": "Feature", "geometry": {"type": "Point", "coordinates": [74.788611, 42.683833]}, "properties": {"id": 1684, "price": 5434000.0, "city": "Бишкек"}}, {"type": "Feature", "geometry": {"type": "Point", "coordinates": [74.413599, 42.691595]}, "properties": {"id": 1685, "price": 6369000.0, "city": "Бишкек"}}, {"type": "Feature", "geometry": {"type": "Point", "coordinates": [74.575467, 42.78132]}, "properties": {"id": 1686, "price": 900000.0, "city": "Бишкек"}}, {"type": "Feature", "geometry": {"type": "Point", "coordinates": [74.660736, 42.878842]}, "properties": {"id": 1687, "price": 2929000.0, "city": "Бишкек"}}, {"type": "Feature", "geometry": {"type": "Point", "coordinates": [74.655548, 42.821535]}, "properties": {"id": 1688, "price": 6249000.0, "city": "Бишкек"}}, {"type": "Feature", "geometry": {"type": "Point", "coordinates": [74.4832, 42.929666]}, "properties": {"id": 1689, "price": 10291000.0, "city": "Бишкек"}}, {"type": "Feature", "geometry": {"type": "Point", "coordinates": [74.577107, 42.980522]}, "properties": {"id": 1690, "price": 3109000.0, "city": "Бишкек"}}, {"type": "Feature", "geometry": {"type": "Point", "coordinates": [74.641131, 42.924304]}, "properties": {"id": 1691, "price": 19566000.0, "city": "Бишкек"}}, {"type": "Feature", "geometry": {"type": "Point", "coordinates": [74.417147, 42.90992]}, "properties": {"id": 1692, "price": 4007000.0, "city": "Бишкек"}}, {"type": "Feature", "geometry": {"type": "Point", "coordinates": [74.440482, 42.794545]}, "properties": {"id": 1693, "price": 619000.0, "city": "Бишкек"}}, {"type": "Feature", "geometry": {"type": "Point", "coordinates": [74.504321, 42.759126]}, "properties": {"id": 1694, "price": 53945000.0, "city": "Бишкек"}}, {"type": "Feature", "geometry": {"type": "Point", "coordinates": [74.601283, 42.740437]}, "properties": {"id": 1695, "price": 4454000.0, "city": "Бишкек"}}, {"type": "Feature", "geometry": {"type": "Point", "coordinates": [74.497167, 42.883656]}, "properties": {"id": 1696, "price": 6057000.0, "city": "Бишкек"}}, {"type": "Feature", "geometry": {"type": "Point", "coordinates": [74.532377, 42.708589]}, "properties": {"id": 1697, "price": 6571000.0, "city": "Бишкек"}}, {"type": "Feature", "geometry": {"type": "Point", "coordinates": [74.509144, 42.856074]}, "properties": {"id": 1698, "price": 752000.0, "city": "Бишкек"}}, {"type": "Feature", "geometry": {"type": "Point", "coordinates": [74.693444, 42.809827]}, "properties": {"id": 1699, "price": 5474000.0, "city": "Бишкек"}}, {"type": "Feature", "geometry": {"type": "Point", "coordinates": [74.697781, 42.84007]}, "properties": {"id": 1700, "price": 3104000.0, "city": "Бишкек"}}, {"type": "Feature", "geometry": {"type": "Point", "coordinates": [74.596744, 42.938082]}, "properties": {"id": 1701, "price": 1157000.0, "city": "Бишкек"}}, {"type": "Feature", "geometry": {"type": "Point", "coordinates": [74.653635, 43.089627]}, "properties": {"id": 1702, "price": 2045000.0, "city": "Бишкек"}}, {"type": "Feature", "geometry": {"type": "Point", "coordinates": [74.692486, 42.752321]}, "properties": {"id": 1703, "price": 1304000.0, "city": "Бишкек"}}, {"type": "Feature", "geometry": {"type": "Point", "coordinates": [74.551288, 42.628492]}, "properties": {"id": 1704, "price": 16077000.0, "city": "Бишкек"}}, {"type": "Feature", "geometry": {"type": "Point", "coordinates": [74.594958, 42.697138]}, "properties": {"id": 1705, "price": 18134000.0, "city": "Бишкек"}}, {"type": "Feature", "geometry": {"type": "Point", "coordinates": [74.553456, 42.818142]}, "properties": {"id": 1706, "price": 16005000.0, "city": "Бишкек"}}, {"type": "Feature", "geometry": {"type": "Point", "coordinates": [74.65814, 42.922968]}, "properties": {"id": 1707, "price": 3505000.0, "city": "Бишкек"}}, {"type": "Feature", "geometry": {"type": "Point", "coordinates": [74.336898, 43.035123]}, "properties": {"id": 1708, "price": 1103000.0, "city": "Бишкек"}}, {"type": "Feature", "geometry": {"type": "Point", "coordinates": [74.6305, 42.880173]}, "properties": {"id": 1709, "price": 12285000.0, "city": "Бишкек"}}, {"type": "Feature", "geometry": {"type": "Point", "coordinates": [74.714113, 43.032121]}, "properties": {"id": 1710, "price": 8384000.0, "city": "Бишкек"}}, {"type": "Feature", "geometry": {"type": "Point", "coordinates": [74.709954, 42.915932]}, "properties": {"id": 1711, "price": 3603000.0, "city": "Бишкек"}}, {"type": "Feature", "geometry": {"type": "Point", "coordinates": [74.624713, 42.950802]}, "properties": {"id": 1712, "price": 1453000.0, "city": "Бишкек"}}, {"type": "Feature", "geometry": {"type": "Point", "coordinates": [74.808453, 42.933865]}, "properties": {"id": 1713, "price": 963000.0, "city": "Бишкек"}}, {"type": "Feature", "geometry": {"type": "Point", "coordinates": [74.567985, 42.762648]}, "properties": {"id": 1714, "price": 6532000.0, "city": "Бишкек"}}, {"type": "Feature", "geometry": {"type": "Point", "coordinates": [74.708323, 42.826858]}, "properties": {"id": 1715, "price": 7208000.0, "city": "Бишкек"}}, {"type": "Feature", "geometry": {"type": "Point", "coordinates": [74.648479, 42.904971]}, "properties": {"id": 1716, "price": 6911000.0, "city": "Бишкек"}}, {"type": "Feature", "geometry": {"type": "Point", "coordinates": [74.788395, 42.814131]}, "properties": {"id": 1717, "price": 853000.0, "city": "Бишкек"}}, {"type": "Feature", "geometry": {"type": "Point", "coordinates": [74.473625, 42.72717]}, "properties": {"id": 1718, "price": 26281000.0, "city": "Бишкек"}}, {"type": "Feature", "geometry": {"type": "Point", "coordinates": [74.583965, 42.97878]}, "properties": {"id": 1719, "price": 6663000.0, "city": "Бишкек"}}, {"type": "Feature", "geometry": {"type": "Point", "coordinates": [74.72934, 42.958916]}, "properties": {"id": 1720, "price": 931000.0, "city": "Бишкек"}}, {"type": "Feature", "geometry": {"type": "Point", "coordinates": [74.674639, 42.787045]}, "properties": {"id": 1721, "price": 6845000.0, "city": "Бишкек"}}, {"type": "Feature", "geometry": {"type": "Point", "coordinates": [74.617556, 43.056524]}, "properties": {"id": 1722, "price": 1812000.0, "city": "Бишкек"}}, {"type": "Feature", "geometry": {"type": "Point", "coordinates": [74.695216, 42.92386]}, "properties": {"id": 1723, "price": 12328000.0, "city": "Бишкек"}}, {"type": "Feature", "geometry": {"type": "Point", "coordinates": [74.583008, 42.825243]}, "properties": {"id": 1724, "price": 13061000.0, "city": "Бишкек"}}, {"type": "Feature", "geometry": {"type": "Point", "coordinates": [74.636786, 43.052819]}, "properties": {"id": 1725, "price": 5047000.0, "city": "Бишкек"}}, {"type": "Feature", "geometry": {"type": "Point", "coordinates": [74.423121, 42.924729]}, "properties": {"id": 1726, "price": 12341000.0, "city": "Бишкек"}}, {"type": "Feature", "geometry": {"type": "Point", "coordinates": [74.667318, 42.885029]}, "properties": {"id": 1727, "price": 2535000.0, "city": "Бишкек"}}, {"type": "Feature", "geometry": {"type": "Point", "coordinates": [74.651681, 42.860004]}, "properties": {"id": 1728, "price": 2957000.0, "city": "Бишкек"}}, {"type": "Feature", "geometry": {"type": "Point", "coordinates": [74.630462, 42.905182]}, "properties": {"id": 1729, "price": 15922000.0, "city": "Бишкек"}}, {"type": "Feature", "geometry": {"type": "Point", "coordinates": [74.476195, 42.70708]}, "properties": {"id": 1730, "price": 2116000.0, "city": "Бишкек"}}, {"type": "Feature", "geometry": {"type": "Point", "coordinates": [74.578674, 42.731514]}, "properties": {"id": 1731, "price": 4479000.0, "city": "Бишкек"}}, {"type": "Feature", "geometry": {"type": "Point", "coordinates": [74.488817, 42.961892]}, "properties": {"id": 1732, "price": 4522000.0, "city": "Бишкек"}}, {"type": "Feature", "geometry": {"type": "Point", "coordinates": [74.602152, 42.655767]}, "properties": {"id": 1733, "price": 1271000.0, "city": "Бишкек"}}, {"type": "Feature", "geometry": {"type": "Point", "coordinates": [74.390616, 42.835509]}, "properties": {"id": 1734, "price": 13354000.0, "city": "Бишкек"}}, {"type": "Feature", "geometry": {"type": "Point", "coordinates": [74.647083, 42.995045]}, "properties": {"id": 1735, "price": 15824000.0, "city": "Бишкек"}}, {"type": "Feature", "geometry": {"type": "Point", "coordinates": [74.544429, 42.676776]}, "properties": {"id": 1736, "price": 12854000.0, "city": "Бишкек"}}, {"type": "Feature", "geometry": {"type": "Point", "coordinates": [74.639745, 42.954716]}, "properties": {"id": 1737, "price": 1403000.0, "city": "Бишкек"}}, {"type": "Feature", "geometry": {"type": "Point", "coordinates": [74.586622, 42.712454]}, "properties": {"id": 1738, "price": 2981000.0, "city": "Бишкек"}}, {"type": "Feature", "geometry": {"type": "Point", "coordinates": [74.602862, 42.91774]}, "properties": {"id": 1739, "price": 5607000.0, "city": "Бишкек"}}, {"type": "Feature", "geometry": {"type": "Point", "coordinates": [74.614814, 42.815601]}, "properties": {"id": 1740, "price": 2512000.0, "city": "Бишкек"}}, {"type": "Feature", "geometry": {"type": "Point", "coordinates": [74.550081, 42.833793]}, "properties": {"id": 1741, "price": 16718000.0, "city": "Бишкек"}}, {"type": "Feature", "geometry": {"type": "Point", "coordinates": [74.660417, 42.870639]}, "properties": {"id": 1742, "price": 1495000.0, "city": "Бишкек"}}, {"type": "Feature", "geometry": {"type": "Point", "coordinates": [74.546874, 42.80762]}, "properties": {"id": 1743, "price": 2162000.0, "city": "Бишкек"}}, {"type": "Feature", "geometry": {"type": "Point", "coordinates": [74.671772, 42.933985]}, "properties": {"id": 1744, "price": 13438000.0, "city": "Бишкек"}}, {"type": "Feature", "geometry": {"type": "Point", "coordinates": [74.792091, 42.855255]}, "properties": {"id": 1745, "price": 42624000.0, "city": "Бишкек"}}, {"type": "Feature", "geometry": {"type": "Point", "coordinates": [74.722923, 42.787975]}, "properties": {"id": 1746, "price": 5978000.0, "city": "Бишкек"}}, {"type": "Feature", "geometry": {"type": "Point", "coordinates": [74.56396, 42.940701]}, "properties": {"id": 1747, "price": 16578000.0, "city": "Бишкек"}}, {"type": "Feature", "geometry": {"type": "Point", "coordinates": [74.538067, 42.734728]}, "properties": {"id": 1748, "price": 4238000.0, "city": "Бишкек"}}, {"type": "Feature", "geometry": {"type": "Point", "coordinates": [74.550109, 42.991253]}, "properties": {"id": 1749, "price": 12335000.0, "city": "Бишкек"}}, {"type": "Feature", "geometry": {"type": "Point", "coordinates": [74.740948, 42.965676]}, "properties": {"id": 1750, "price": 8983000.0, "city": "Бишкек"}}, {"type": "Feature", "geometry": {"type": "Point", "coordinates": [74.805876, 42.954387]}, "properties": {"id": 1751, "price": 5231000.0, "city": "Бишкек"}}, {"type": "Feature", "geometry": {"type": "Point", "coordinates": [74.528919, 42.964077]}, "properties": {"id": 1752, "price": 5595000.0, "city": "Бишкек"}}, {"type": "Feature", "geometry": {"type": "Point", "coordinates": [74.55044, 42.922641]}, "properties": {"id": 1753, "price": 5117000.0, "city": "Бишкек"}}, {"type": "Feature", "geometry": {"type": "Point", "coordinates": [74.397133, 42.959626]}, "properties": {"id": 1754, "price": 7866000.0, "city": "Бишкек"}}, {"type": "Feature", "geometry": {"type": "Point", "coordinates": [74.637177, 42.824661]}, "properties": {"id": 1755, "price": 2307000.0, "city": "Бишкек"}}, {"type": "Feature", "geometry": {"type": "Point", "coordinates": [74.719532, 42.988016]}, "properties": {"id": 1756, "price": 9417000.0, "city": "Бишкек"}}, {"type": "Feature", "geometry": {"type": "Point", "coordinates": [74.638538, 42.98474]}, "properties": {"id": 1757, "price": 19329000.0, "city": "Бишкек"}}, {"type": "Feature", "geometry": {"type": "Point", "coordinates": [74.44436, 43.054841]}, "properties": {"id": 1758, "price": 5043000.0, "city": "Бишкек"}}, {"type": "Feature", "geometry": {"type": "Point", "coordinates": [74.706652, 42.964269]}, "properties": {"id": 1759, "price": 968000.0, "city": "Бишкек"}}, {"type": "Feature", "geometry": {"type": "Point", "coordinates": [74.399983, 43.096454]}, "properties": {"id": 1760, "price": 1766000.0, "city": "Бишкек"}}, {"type": "Feature", "geometry": {"type": "Point", "coordinates": [74.626376, 42.821071]}, "properties": {"id": 1761, "price": 3243000.0, "city": "Бишкек"}}, {"type": "Feature", "geometry": {"type": "Point", "coordinates": [74.777292, 42.745296]}, "properties": {"id": 1762, "price": 2566000.0, "city": "Бишкек"}}, {"type": "Feature", "geometry": {"type": "Point", "coordinates": [74.561242, 42.878194]}, "properties": {"id": 1763, "price": 2689000.0, "city": "Бишкек"}}, {"type": "Feature", "geometry": {"type": "Point", "coordinates": [74.49884, 42.939189]}, "properties": {"id": 1764, "price": 7501000.0, "city": "Бишкек"}}, {"type": "Feature", "geometry": {"type": "Point", "coordinates": [74.634424, 42.763236]}, "properties": {"id": 1765, "price": 15269000.0, "city": "Бишкек"}}, {"type": "Feature", "geometry": {"type": "Point", "coordinates": [74.621094, 42.756383]}, "properties": {"id": 1766, "price": 5250000.0, "city": "Бишкек"}}, {"type": "Feature", "geometry": {"type": "Point", "coordinates": [74.421759, 42.937704]}, "properties": {"id": 1767, "price": 2520000.0, "city": "Бишкек"}}, {"type": "Feature", "geometry": {"type": "Point", "coordinates": [74.559663, 42.786396]}, "properties": {"id": 1768, "price": 1549000.0, "city": "Бишкек"}}, {"type": "Feature", "geometry": {"type": "Point", "coordinates": [74.368637, 42.810439]}, "properties": {"id": 1769, "price": 16831000.0, "city": "Бишкек"}}, {"type": "Feature", "geometry": {"type": "Point", "coordinates": [74.49024, 42.715486]}, "properties": {"id": 1770, "price": 14864000.0, "city": "Бишкек"}}, {"type": "Feature", "geometry": {"type": "Point", "coordinates": [74.657034, 42.724371]}, "properties": {"id": 1771, "price": 3619000.0, "city": "Бишкек"}}, {"type": "Feature", "geometry": {"type": "Point", "coordinates": [74.551315, 42.85078]}, "properties": {"id": 1772, "price": 5884000.0, "city": "Бишкек"}}, {"type": "Feature", "geometry": {"type": "Point", "coordinates": [74.735058, 42.916987]}, "properties": {"id": 1773, "price": 1742000.0, "city": "Бишкек"}}, {"type": "Feature", "geometry": {"type": "Point", "coordinates": [74.652564, 42.844041]}, "properties": {"id": 1774, "price": 27190000.0, "city": "Бишкек"}}, {"type": "Feature", "geometry": {"type": "Point", "coordinates": [74.786755, 42.895509]}, "properties": {"id": 1775, "price": 2293000.0, "city": "Бишкек"}}, {"type": "Feature", "geometry": {"type": "Point", "coordinates": [74.694688, 42.804288]}, "properties": {"id": 1776, "price": 15282000.0, "city": "Бишкек"}}, {"type": "Feature", "geometry": {"type": "Point", "coordinates": [74.587454, 42.892155]}, "properties": {"id": 1777, "price": 8279000.0, "city": "Бишкек"}}, {"type": "Feature", "geometry": {"type": "Point", "coordinates": [74.516661, 42.914513]}, "properties": {"id": 1778, "price": 11809000.0, "city": "Бишкек"}}, {"type": "Feature", "geometry": {"type": "Point", "coordinates": [74.609975, 42.923899]}, "properties": {"id": 1779, "price": 1004000.0, "city": "Бишкек"}}, {"type": "Feature", "geometry": {"type": "Point", "coordinates": [74.659655, 42.935018]}, "properties": {"id": 1780, "price": 1336000.0, "city": "Бишкек"}}, {"type": "Feature", "geometry": {"type": "Point", "coordinates": [74.561358, 42.908099]}, "properties": {"id": 1781, "price": 4626000.0, "city": "Бишкек"}}, {"type": "Feature", "geometry": {"type": "Point", "coordinates": [74.646418, 42.880499]}, "properties": {"id": 1782, "price": 4600000.0, "city": "Бишкек"}}, {"type": "Feature", "geometry": {"type": "Point", "coordinates": [74.536621, 42.920704]}, "properties": {"id": 1783, "price": 7139000.0, "city": "Бишкек"}}, {"type": "Feature", "geometry": {"type": "Point", "coordinates": [74.660966, 42.920955]}, "properties": {"id": 1784, "price": 15032000.0, "city": "Бишкек"}}, {"type": "Feature", "geometry": {"type": "Point", "coordinates": [74.445276, 42.881968]}, "properties": {"id": 1785, "price": 3575000.0, "city": "Бишкек"}}, {"type": "Feature", "geometry": {"type": "Point", "coordinates": [74.716001, 42.916175]}, "properties": {"id": 1786, "price": 5421000.0, "city": "Бишкек"}}, {"type": "Feature", "geometry": {"type": "Point", "coordinates": [74.551212, 42.914665]}, "properties": {"id": 1787, "price": 11230000.0, "city": "Бишкек"}}, {"type": "Feature", "geometry": {"type": "Point", "coordinates": [74.758217, 42.840489]}, "properties": {"id": 1788, "price": 1931000.0, "city": "Бишкек"}}, {"type": "Feature", "geometry": {"type": "Point", "coordinates": [74.630906, 42.791439]}, "properties": {"id": 1789, "price": 3420000.0, "city": "Бишкек"}}, {"type": "Feature", "geometry": {"type": "Point", "coordinates": [74.567849, 42.823782]}, "properties": {"id": 1790, "price": 34932000.0, "city": "Бишкек"}}, {"type": "Feature", "geometry": {"type": "Point", "coordinates": [74.786006, 42.858511]}, "properties": {"id": 1791, "price": 5119000.0, "city": "Бишкек"}}, {"type": "Feature", "geometry": {"type": "Point", "coordinates": [74.705316, 42.816725]}, "properties": {"id": 1792, "price": 1715000.0, "city": "Бишкек"}}, {"type": "Feature", "geometry": {"type": "Point", "coordinates": [74.651724, 42.802029]}, "properties": {"id": 1793, "price": 20022000.0, "city": "Бишкек"}}, {"type": "Feature", "geometry": {"type": "Point", "coordinates": [74.717061, 42.82805]}, "properties": {"id": 1794, "price": 7197000.0, "city": "Бишкек"}}, {"type": "Feature", "geometry": {"type": "Point", "coordinates": [74.544304, 42.938235]}, "properties": {"id": 1795, "price": 5926000.0, "city": "Бишкек"}}, {"type": "Feature", "geometry": {"type": "Point", "coordinates": [74.581751, 42.872621]}, "properties": {"id": 1796, "price": 14757000.0, "city": "Бишкек"}}, {"type": "Feature", "geometry": {"type": "Point", "coordinates": [74.580822, 42.969868]}, "properties": {"id": 1797, "price": 935000.0, "city": "Бишкек"}}, {"type": "Feature", "geometry": {"type": "Point", "coordinates": [74.536281, 42.846468]}, "properties": {"id": 1798, "price": 6052000.0, "city": "Бишкек"}}, {"type": "Feature", "geometry": {"type": "Point", "coordinates": [74.696626, 42.851456]}, "properties": {"id": 1799, "price": 4713000.0, "city": "Бишкек"}}, {"type": "Feature", "geometry": {"type": "Point", "coordinates": [74.600278, 43.041335]}, "properties": {"id": 1800, "price": 4230000.0, "city": "Бишкек"}}, {"type": "Feature", "geometry": {"type": "Point", "coordinates": [74.703112, 42.864865]}, "properties": {"id": 1801, "price": 5998000.0, "city": "Бишкек"}}, {"type": "Feature", "geometry": {"type": "Point", "coordinates": [74.764875, 42.889879]}, "properties": {"id": 1802, "price": 3010000.0, "city": "Бишкек"}}, {"type": "Feature", "geometry": {"type": "Point", "coordinates": [74.399263, 42.906232]}, "properties": {"id": 1803, "price": 5066000.0, "city": "Бишкек"}}, {"type": "Feature", "geometry": {"type": "Point", "coordinates": [74.735535, 42.779264]}, "properties": {"id": 1804, "price": 14458000.0, "city": "Бишкек"}}, {"type": "Feature", "geometry": {"type": "Point", "coordinates": [74.645813, 42.733834]}, "properties": {"id": 1805, "price": 674000.0, "city": "Бишкек"}}, {"type": "Feature", "geometry": {"type": "Point", "coordinates": [74.685801, 42.744776]}, "properties": {"id": 1806, "price": 4765000.0, "city": "Бишкек"}}, {"type": "Feature", "geometry": {"type": "Point", "coordinates": [74.684246, 42.701531]}, "properties": {"id": 1807, "price": 3886000.0, "city": "Бишкек"}}, {"type": "Feature", "geometry": {"type": "Point", "coordinates": [74.629608, 42.721044]}, "properties": {"id": 1808, "price": 1710000.0, "city": "Бишкек"}}, {"type": "Feature", "geometry": {"type": "Point", "coordinates": [74.712061, 42.832313]}, "properties": {"id": 1809, "price": 647000.0, "city": "Бишкек"}}, {"type": "Feature", "geometry": {"type": "Point", "coordinates": [74.56836, 43.095836]}, "properties": {"id": 1810, "price": 3450000.0, "city": "Бишкек"}}, {"type": "Feature", "geometry": {"type": "Point", "coordinates": [74.547896, 42.819017]}, "properties": {"id": 1811, "price": 10811000.0, "city": "Бишкек"}}, {"type": "Feature", "geometry": {"type": "Point", "coordinates": [74.5173, 42.878294]}, "properties": {"id": 1812, "price": 2771000.0, "city": "Бишкек"}}, {"type": "Feature", "geometry": {"type": "Point", "coordinates": [74.593906, 42.808595]}, "properties": {"id": 1813, "price": 2571000.0, "city": "Бишкек"}}, {"type": "Feature", "geometry": {"type": "Point", "coordinates": [74.451772, 42.997296]}, "properties": {"id": 1814, "price": 5470000.0, "city": "Бишкек"}}, {"type": "Feature", "geometry": {"type": "Point", "coordinates": [74.473049, 42.827655]}, "properties": {"id": 1815, "price": 6412000.0, "city": "Бишкек"}}, {"type": "Feature", "geometry": {"type": "Point", "coordinates": [74.578469, 42.859968]}, "properties": {"id": 1816, "price": 756000.0, "city": "Бишкек"}}, {"type": "Feature", "geometry": {"type": "Point", "coordinates": [74.604349, 43.004266]}, "properties": {"id": 1817, "price": 1855000.0, "city": "Бишкек"}}, {"type": "Feature", "geometry": {"type": "Point", "coordinates": [74.625337, 42.810666]}, "properties": {"id": 1818, "price": 7960000.0, "city": "Бишкек"}}, {"type": "Feature", "geometry": {"type": "Point", "coordinates": [74.568936, 42.759039]}, "properties": {"id": 1819, "price": 1944000.0, "city": "Бишкек"}}, {"type": "Feature", "geometry": {"type": "Point", "coordinates": [74.386262, 42.941898]}, "properties": {"id": 1820, "price": 7715000.0, "city": "Бишкек"}}, {"type": "Feature", "geometry": {"type": "Point", "coordinates": [74.836107, 42.95026]}, "properties": {"id": 1821, "price": 7976000.0, "city": "Бишкек"}}, {"type": "Feature", "geometry": {"type": "Point", "coordinates": [74.589483, 43.023877]}, "properties": {"id": 1822, "price": 4807000.0, "city": "Бишкек"}}, {"type": "Feature", "geometry": {"type": "Point", "coordinates": [74.623955, 42.66745]}, "properties": {"id": 1823, "price": 1267000.0, "city": "Бишкек"}}, {"type": "Feature", "geometry": {"type": "Point", "coordinates": [74.516524, 42.92715]}, "properties": {"id": 1824, "price": 1067000.0, "city": "Бишкек"}}, {"type": "Feature", "geometry": {"type": "Point", "coordinates": [74.725616, 42.93864]}, "properties": {"id": 1825, "price": 2370000.0, "city": "Бишкек"}}, {"type": "Feature", "geometry": {"type": "Point", "coordinates": [74.716215, 42.860193]}, "properties": {"id": 1826, "price": 1200000.0, "city": "Бишкек"}}, {"type": "Feature", "geometry": {"type": "Point", "coordinates": [74.656363, 42.948723]}, "properties": {"id": 1827, "price": 3484000.0, "city": "Бишкек"}}, {"type": "Feature", "geometry": {"type": "Point", "coordinates": [74.431947, 42.89741]}, "properties": {"id": 1828, "price": 6131000.0, "city": "Бишкек"}}, {"type": "Feature", "geometry": {"type": "Point", "coordinates": [74.573838, 42.94012]}, "properties": {"id": 1829, "price": 1172000.0, "city": "Бишкек"}}, {"type": "Feature", "geometry": {"type": "Point", "coordinates": [74.59413, 42.902758]}, "properties": {"id": 1830, "price": 2506000.0, "city": "Бишкек"}}, {"type": "Feature", "geometry": {"type": "Point", "coordinates": [74.774352, 42.814545]}, "properties": {"id": 1831, "price": 6820000.0, "city": "Бишкек"}}, {"type": "Feature", "geometry": {"type": "Point", "coordinates": [74.5194, 42.781393]}, "properties": {"id": 1832, "price": 746000.0, "city": "Бишкек"}}, {"type": "Feature", "geometry": {"type": "Point", "coordinates": [74.697002, 42.892631]}, "properties": {"id": 1833, "price": 8780000.0, "city": "Бишкек"}}, {"type": "Feature", "geometry": {"type": "Point", "coordinates": [74.768233, 43.035686]}, "properties": {"id": 1834, "price": 4507000.0, "city": "Бишкек"}}, {"type": "Feature", "geometry": {"type": "Point", "coordinates": [74.586308, 42.848319]}, "properties": {"id": 1835, "price": 5796000.0, "city": "Бишкек"}}, {"type": "Feature", "geometry": {"type": "Point", "coordinates": [74.584903, 42.968741]}, "properties": {"id": 1836, "price": 2405000.0, "city": "Бишкек"}}, {"type": "Feature", "geometry": {"type": "Point", "coordinates": [74.626529, 43.009134]}, "properties": {"id": 1837, "price": 3053000.0, "city": "Бишкек"}}, {"type": "Feature", "geometry": {"type": "Point", "coordinates": [74.479426, 42.993267]}, "properties": {"id": 1838, "price": 15431000.0, "city": "Бишкек"}}, {"type": "Feature", "geometry": {"type": "Point", "coordinates": [74.486471, 43.073776]}, "properties": {"id": 1839, "price": 13449000.0, "city": "Бишкек"}}, {"type": "Feature", "geometry": {"type": "Point", "coordinates": [74.581351, 42.932255]}, "properties": {"id": 1840, "price": 2028000.0, "city": "Бишкек"}}, {"type": "Feature", "geometry": {"type": "Point", "coordinates": [74.773056, 42.947283]}, "properties": {"id": 1841, "price": 1976000.0, "city": "Бишкек"}}, {"type": "Feature", "geometry": {"type": "Point", "coordinates": [74.562172, 42.816126]}, "properties": {"id": 1842, "price": 6623000.0, "city": "Бишкек"}}, {"type": "Feature", "geometry": {"type": "Point", "coordinates": [74.542028, 42.900051]}, "properties": {"id": 1843, "price": 8726000.0, "city": "Бишкек"}}, {"type": "Feature", "geometry": {"type": "Point", "coordinates": [74.571772, 42.973667]}, "properties": {"id": 1844, "price": 50175000.0, "city": "Бишкек"}}, {"type": "Feature", "geometry": {"type": "Point", "coordinates": [74.53416, 43.067486]}, "properties": {"id": 1845, "price": 9769000.0, "city": "Бишкек"}}, {"type": "Feature", "geometry": {"type": "Point", "coordinates": [74.579175, 42.960085]}, "properties": {"id": 1846, "price": 3040000.0, "city": "Бишкек"}}, {"type": "Feature", "geometry": {"type": "Point", "coordinates": [74.483264, 42.796765]}, "properties": {"id": 1847, "price": 1817000.0, "city": "Бишкек"}}, {"type": "Feature", "geometry": {"type": "Point", "coordinates": [74.713092, 42.704428]}, "properties": {"id": 1848, "price": 3977000.0, "city": "Бишкек"}}, {"type": "Feature", "geometry": {"type": "Point", "coordinates": [74.679295, 43.082751]}, "properties": {"id": 1849, "price": 12099000.0, "city": "Бишкек"}}, {"type": "Feature", "geometry": {"type": "Point", "coordinates": [74.536173, 42.740606]}, "properties": {"id": 1850, "price": 43990000.0, "city": "Бишкек"}}, {"type": "Feature", "geometry": {"type": "Point", "coordinates": [74.548055, 42.989316]}, "properties": {"id": 1851, "price": 44644000.0, "city": "Бишкек"}}, {"type": "Feature", "geometry": {"type": "Point", "coordinates": [74.560288, 42.903696]}, "properties": {"id": 1852, "price": 6946000.0, "city": "Бишкек"}}, {"type": "Feature", "geometry": {"type": "Point", "coordinates": [74.680126, 42.893041]}, "properties": {"id": 1853, "price": 1135000.0, "city": "Бишкек"}}, {"type": "Feature", "geometry": {"type": "Point", "coordinates": [74.629489, 43.013381]}, "properties": {"id": 1854, "price": 2363000.0, "city": "Бишкек"}}, {"type": "Feature", "geometry": {"type": "Point", "coordinates": [74.697996, 42.848258]}, "properties": {"id": 1855, "price": 10464000.0, "city": "Бишкек"}}, {"type": "Feature", "geometry": {"type": "Point", "coordinates": [74.586722, 42.90431]}, "properties": {"id": 1856, "price": 876000.0, "city": "Бишкек"}}, {"type": "Feature", "geometry": {"type": "Point", "coordinates": [74.595617, 42.938228]}, "properties": {"id": 1857, "price": 6828000.0, "city": "Бишкек"}}, {"type": "Feature", "geometry": {"type": "Point", "coordinates": [74.635822, 42.881287]}, "properties": {"id": 1858, "price": 1018000.0, "city": "Бишкек"}}, {"type": "Feature", "geometry": {"type": "Point", "coordinates": [74.731945, 42.769541]}, "properties": {"id": 1859, "price": 1931000.0, "city": "Бишкек"}}, {"type": "Feature", "geometry": {"type": "Point", "coordinates": [74.621248, 42.893379]}, "properties": {"id": 1860, "price": 18928000.0, "city": "Бишкек"}}, {"type": "Feature", "geometry": {"type": "Point", "coordinates": [74.761326, 42.894386]}, "properties": {"id": 1861, "price": 6937000.0, "city": "Бишкек"}}, {"type": "Feature", "geometry": {"type": "Point", "coordinates": [74.792009, 43.025205]}, "properties": {"id": 1862, "price": 1176000.0, "city": "Бишкек"}}, {"type": "Feature", "geometry": {"type": "Point", "coordinates": [74.6659, 42.737684]}, "properties": {"id": 1863, "price": 59084000.0, "city": "Бишкек"}}, {"type": "Feature", "geometry": {"type": "Point", "coordinates": [74.818781, 42.871608]}, "properties": {"id": 1864, "price": 8785000.0, "city": "Бишкек"}}, {"type": "Feature", "geometry": {"type": "Point", "coordinates": [74.75204, 43.053559]}, "properties": {"id": 1865, "price": 10300000.0, "city": "Бишкек"}}, {"type": "Feature", "geometry": {"type": "Point", "coordinates": [74.542369, 42.941681]}, "properties": {"id": 1866, "price": 7885000.0, "city": "Бишкек"}}, {"type": "Feature", "geometry": {"type": "Point", "coordinates": [74.613253, 42.905338]}, "properties": {"id": 1867, "price": 3946000.0, "city": "Бишкек"}}, {"type": "Feature", "geometry": {"type": "Point", "coordinates": [74.440005, 42.835578]}, "properties": {"id": 1868, "price": 728000.0, "city": "Бишкек"}}, {"type": "Feature", "geometry": {"type": "Point", "coordinates": [74.669611, 42.679787]}, "properties": {"id": 1869, "price": 19621000.0, "city": "Бишкек"}}, {"type": "Feature", "geometry": {"type": "Point", "coordinates": [74.663835, 42.829556]}, "properties": {"id": 1870, "price": 1730000.0, "city": "Бишкек"}}, {"type": "Feature", "geometry": {"type": "Point", "coordinates": [74.59326, 42.843251]}, "properties": {"id": 1871, "price": 6757000.0, "city": "Бишкек"}}, {"type": "Feature", "geometry": {"type": "Point", "coordinates": [74.539122, 42.780301]}, "properties": {"id": 1872, "price": 5321000.0, "city": "Бишкек"}}, {"type": "Feature", "geometry": {"type": "Point", "coordinates": [74.569998, 42.961681]}, "properties": {"id": 1873, "price": 6578000.0, "city": "Бишкек"}}, {"type": "Feature", "geometry": {"type": "Point", "coordinates": [74.533194, 42.877186]}, "properties": {"id": 1874, "price": 7606000.0, "city": "Бишкек"}}, {"type": "Feature", "geometry": {"type": "Point", "coordinates": [74.588605, 42.860849]}, "properties": {"id": 1875, "price": 1087000.0, "city": "Бишкек"}}, {"type": "Feature", "geometry": {"type": "Point", "coordinates": [74.677725, 42.798529]}, "properties": {"id": 1876, "price": 2733000.0, "city": "Бишкек"}}, {"type": "Feature", "geometry": {"type": "Point", "coordinates": [74.40121, 42.773088]}, "properties": {"id": 1877, "price": 5753000.0, "city": "Бишкек"}}, {"type": "Feature", "geometry": {"type": "Point", "coordinates": [74.640039, 42.905911]}, "properties": {"id": 1878, "price": 4758000.0, "city": "Бишкек"}}, {"type": "Feature", "geometry": {"type": "Point", "coordinates": [74.515523, 42.818273]}, "properties": {"id": 1879, "price": 5131000.0, "city": "Бишкек"}}, {"type": "Feature", "geometry": {"type": "Point", "coordinates": [74.511771, 42.895364]}, "properties": {"id": 1880, "price": 11804000.0, "city": "Бишкек"}}, {"type": "Feature", "geometry": {"type": "Point", "coordinates": [74.5657, 42.916981]}, "properties": {"id": 1881, "price": 2149000.0, "city": "Бишкек"}}, {"type": "Feature", "geometry": {"type": "Point", "coordinates": [74.585945, 42.906708]}, "properties": {"id": 1882, "price": 14153000.0, "city": "Бишкек"}}, {"type": "Feature", "geometry": {"type": "Point", "coordinates": [74.503425, 42.73679]}, "properties": {"id": 1883, "price": 23936000.0, "city": "Бишкек"}}, {"type": "Feature", "geometry": {"type": "Point", "coordinates": [74.63738, 42.88671]}, "properties": {"id": 1884, "price": 1072000.0, "city": "Бишкек"}}, {"type": "Feature", "geometry": {"type": "Point", "coordinates": [74.571645, 42.949209]}, "properties": {"id": 1885, "price": 16202000.0, "city": "Бишкек"}}, {"type": "Feature", "geometry": {"type": "Point", "coordinates": [74.588254, 43.02915]}, "properties": {"id": 1886, "price": 59936000.0, "city": "Бишкек"}}, {"type": "Feature", "geometry": {"type": "Point", "coordinates": [74.614657, 42.710522]}, "properties": {"id": 1887, "price": 20341000.0, "city": "Бишкек"}}, {"type": "Feature", "geometry": {"type": "Point", "coordinates": [74.555342, 43.051578]}, "properties": {"id": 1888, "price": 12846000.0, "city": "Бишкек"}}, {"type": "Feature", "geometry": {"type": "Point", "coordinates": [74.502913, 42.948113]}, "properties": {"id": 1889, "price": 5360000.0, "city": "Бишкек"}}, {"type": "Feature", "geometry": {"type": "Point", "coordinates": [74.443503, 42.861166]}, "properties": {"id": 1890, "price": 1554000.0, "city": "Бишкек"}}, {"type": "Feature", "geometry": {"type": "Point", "coordinates": [74.636226, 43.039159]}, "properties": {"id": 1891, "price": 5579000.0, "city": "Бишкек"}}, {"type": "Feature", "geometry": {"type": "Point", "coordinates": [74.649932, 42.710523]}, "properties": {"id": 1892, "price": 13537000.0, "city": "Бишкек"}}, {"type": "Feature", "geometry": {"type": "Point", "coordinates": [74.634761, 42.790924]}, "properties": {"id": 1893, "price": 2448000.0, "city": "Бишкек"}}, {"type": "Feature", "geometry": {"type": "Point", "coordinates": [74.590164, 42.809651]}, "properties": {"id": 1894, "price": 5792000.0, "city": "Бишкек"}}, {"type": "Feature", "geometry": {"type": "Point", "coordinates": [74.519553, 42.967596]}, "properties": {"id": 1895, "price": 2864000.0, "city": "Бишкек"}}, {"type": "Feature", "geometry": {"type": "Point", "coordinates": [74.794228, 42.885686]}, "properties": {"id": 1896, "price": 12078000.0, "city": "Бишкек"}}, {"type": "Feature", "geometry": {"type": "Point", "coordinates": [74.479257, 42.948616]}, "properties": {"id": 1897, "price": 6893000.0, "city": "Бишкек"}}, {"type": "Feature", "geometry": {"type": "Point", "coordinates": [74.525826, 42.853804]}, "properties": {"id": 1898, "price": 2485000.0, "city": "Бишкек"}}, {"type": "Feature", "geometry": {"type": "Point", "coordinates": [74.663195, 42.847453]}, "properties": {"id": 1899, "price": 33210000.0, "city": "Бишкек"}}, {"type": "Feature", "geometry": {"type": "Point", "coordinates": [74.519051, 42.775606]}, "properties": {"id": 1900, "price": 7335000.0, "city": "Бишкек"}}, {"type": "Feature", "geometry": {"type": "Point", "coordinates": [74.679265, 42.866201]}, "properties": {"id": 1901, "price": 5672000.0, "city": "Бишкек"}}, {"type": "Feature", "geometry": {"type": "Point", "coordinates": [74.63032, 42.919005]}, "properties": {"id": 1902, "price": 5258000.0, "city": "Бишкек"}}, {"type": "Feature", "geometry": {"type": "Point", "coordinates": [74.647116, 42.847426]}, "properties": {"id": 1903, "price": 1927000.0, "city": "Бишкек"}}, {"type": "Feature", "geometry": {"type": "Point", "coordinates": [74.761952, 42.90518]}, "properties": {"id": 1904, "price": 3933000.0, "city": "Бишкек"}}, {"type": "Feature", "geometry": {"type": "Point", "coordinates": [74.844886, 42.983186]}, "properties": {"id": 1905, "price": 1159000.0, "city": "Бишкек"}}, {"type": "Feature", "geometry": {"type": "Point", "coordinates": [74.591703, 42.842493]}, "properties": {"id": 1906, "price": 1844000.0, "city": "Бишкек"}}, {"type": "Feature", "geometry": {"type": "Point", "coordinates": [74.705682, 43.049362]}, "properties": {"id": 1907, "price": 3785000.0, "city": "Бишкек"}}, {"type": "Feature", "geometry": {"type": "Point", "coordinates": [74.707376, 42.954089]}, "properties": {"id": 1908, "price": 3344000.0, "city": "Бишкек"}}, {"type": "Feature", "geometry": {"type": "Point", "coordinates": [74.804661, 42.818812]}, "properties": {"id": 1909, "price": 1094000.0, "city": "Бишкек"}}, {"type": "Feature", "geometry": {"type": "Point", "coordinates": [74.468983, 42.93959]}, "properties": {"id": 1910, "price": 6019000.0, "city": "Бишкек"}}, {"type": "Feature", "geometry": {"type": "Point", "coordinates": [74.735672, 42.824954]}, "properties": {"id": 1911, "price": 6424000.0, "city": "Бишкек"}}, {"type": "Feature", "geometry": {"type": "Point", "coordinates": [74.610254, 42.886668]}, "properties": {"id": 1912, "price": 754000.0, "city": "Бишкек"}}, {"type": "Feature", "geometry": {"type": "Point", "coordinates": [74.465837, 42.982015]}, "properties": {"id": 1913, "price": 7552000.0, "city": "Бишкек"}}, {"type": "Feature", "geometry": {"type": "Point", "coordinates": [74.692785, 42.798198]}, "properties": {"id": 1914, "price": 6686000.0, "city": "Бишкек"}}, {"type": "Feature", "geometry": {"type": "Point", "coordinates": [74.563515, 43.075103]}, "properties": {"id": 1915, "price": 6502000.0, "city": "Бишкек"}}, {"type": "Feature", "geometry": {"type": "Point", "coordinates": [74.592147, 42.793]}, "properties": {"id": 1916, "price": 7050000.0, "city": "Бишкек"}}, {"type": "Feature", "geometry": {"type": "Point", "coordinates": [74.646514, 42.942077]}, "properties": {"id": 1917, "price": 16799000.0, "city": "Бишкек"}}, {"type": "Feature", "geometry": {"type": "Point", "coordinates": [74.399999, 42.932182]}, "properties": {"id": 1918, "price": 1965000.0, "city": "Бишкек"}}, {"type": "Feature", "geometry": {"type": "Point", "coordinates": [74.422834, 43.024268]}, "properties": {"id": 1919, "price": 2689000.0, "city": "Бишкек"}}, {"type": "Feature", "geometry": {"type": "Point", "coordinates": [74.591267, 43.013681]}, "properties": {"id": 1920, "price": 2799000.0, "city": "Бишкек"}}, {"type": "Feature", "geometry": {"type": "Point", "coordinates": [74.560859, 42.722955]}, "properties": {"id": 1921, "price": 1784000.0, "city": "Бишкек"}}, {"type": "Feature", "geometry": {"type": "Point", "coordinates": [74.738925, 42.868536]}, "properties": {"id": 1922, "price": 23061000.0, "city": "Бишкек"}}, {"type": "Feature", "geometry": {"type": "Point", "coordinates": [74.746831, 42.979335]}, "properties": {"id": 1923, "price": 1682000.0, "city": "Бишкек"}}, {"type": "Feature", "geometry": {"type": "Point", "coordinates": [74.610135, 42.993355]}, "properties": {"id": 1924, "price": 3366000.0, "city": "Бишкек"}}, {"type": "Feature", "geometry": {"type": "Point", "coordinates": [74.555312, 42.718176]}, "properties": {"id": 1925, "price": 6730000.0, "city": "Бишкек"}}, {"type": "Feature", "geometry": {"type": "Point", "coordinates": [74.6742, 42.795467]}, "properties": {"id": 1926, "price": 875000.0, "city": "Бишкек"}}, {"type": "Feature", "geometry": {"type": "Point", "coordinates": [74.68942, 42.830321]}, "properties": {"id": 1927, "price": 13817000.0, "city": "Бишкек"}}, {"type": "Feature", "geometry": {"type": "Point", "coordinates": [74.726884, 42.927022]}, "properties": {"id": 1928, "price": 2880000.0, "city": "Бишкек"}}, {"type": "Feature", "geometry": {"type": "Point", "coordinates": [74.730098, 43.017581]}, "properties": {"id": 1929, "price": 10047000.0, "city": "Бишкек"}}, {"type": "Feature", "geometry": {"type": "Point", "coordinates": [74.657933, 42.879814]}, "properties": {"id": 1930, "price": 1883000.0, "city": "Бишкек"}}, {"type": "Feature", "geometry": {"type": "Point", "coordinates": [74.581097, 42.900052]}, "properties": {"id": 1931, "price": 16129000.0, "city": "Бишкек"}}, {"type": "Feature", "geometry": {"type": "Point", "coordinates": [74.665859, 42.951974]}, "properties": {"id": 1932, "price": 683000.0, "city": "Бишкек"}}, {"type": "Feature", "geometry": {"type": "Point", "coordinates": [74.580532, 42.812404]}, "properties": {"id": 1933, "price": 7183000.0, "city": "Бишкек"}}, {"type": "Feature", "geometry": {"type": "Point", "coordinates": [74.666156, 42.742017]}, "properties": {"id": 1934, "price": 18764000.0, "city": "Бишкек"}}, {"type": "Feature", "geometry": {"type": "Point", "coordinates": [74.545828, 42.929075]}, "properties": {"id": 1935, "price": 611000.0, "city": "Бишкек"}}, {"type": "Feature", "geometry": {"type": "Point", "coordinates": [74.636158, 42.705573]}, "properties": {"id": 1936, "price": 34986000.0, "city": "Бишкек"}}, {"type": "Feature", "geometry": {"type": "Point", "coordinates": [74.61535, 42.918267]}, "properties": {"id": 1937, "price": 7946000.0, "city": "Бишкек"}}, {"type": "Feature", "geometry": {"type": "Point", "coordinates": [74.578201, 42.930383]}, "properties": {"id": 1938, "price": 4103000.0, "city": "Бишкек"}}, {"type": "Feature", "geometry": {"type": "Point", "coordinates": [74.744107, 42.75425]}, "properties": {"id": 1939, "price": 10015000.0, "city": "Бишкек"}}, {"type": "Feature", "geometry": {"type": "Point", "coordinates": [74.663817, 42.964499]}, "properties": {"id": 1940, "price": 1385000.0, "city": "Бишкек"}}, {"type": "Feature", "geometry": {"type": "Point", "coordinates": [74.552233, 42.849958]}, "properties": {"id": 1941, "price": 1900000.0, "city": "Бишкек"}}, {"type": "Feature", "geometry": {"type": "Point", "coordinates": [74.659253, 42.855601]}, "properties": {"id": 1942, "price": 1456000.0, "city": "Бишкек"}}, {"type": "Feature", "geometry": {"type": "Point", "coordinates": [74.659029, 42.964572]}, "properties": {"id": 1943, "price": 1534000.0, "city": "Бишкек"}}, {"type": "Feature", "geometry": {"type": "Point", "coordinates": [74.576474, 42.884066]}, "properties": {"id": 1944, "price": 15799000.0, "city": "Бишкек"}}, {"type": "Feature", "geometry": {"type": "Point", "coordinates": [74.586816, 42.901981]}, "properties": {"id": 1945, "price": 1324000.0, "city": "Бишкек"}}, {"type": "Feature", "geometry": {"type": "Point", "coordinates": [74.379895, 42.708329]}, "properties": {"id": 1946, "price": 1887000.0, "city": "Бишкек"}}, {"type": "Feature", "geometry": {"type": "Point", "coordinates": [74.806803, 42.863009]}, "properties": {"id": 1947, "price": 2902000.0, "city": "Бишкек"}}, {"type": "Feature", "geometry": {"type": "Point", "coordinates": [74.383654, 42.708843]}, "properties": {"id": 1948, "price": 6390000.0, "city": "Бишкек"}}, {"type": "Feature", "geometry": {"type": "Point", "coordinates": [74.763722, 42.848025]}, "properties": {"id": 1949, "price": 2125000.0, "city": "Бишкек"}}, {"type": "Feature", "geometry": {"type": "Point", "coordinates": [74.677446, 42.816321]}, "properties": {"id": 1950, "price": 13786000.0, "city": "Бишкек"}}, {"type": "Feature", "geometry": {"type": "Point", "coordinates": [74.542406, 42.992438]}, "properties": {"id": 1951, "price": 4912000.0, "city": "Бишкек"}}, {"type": "Feature", "geometry": {"type": "Point", "coordinates": [74.566046, 42.818385]}, "properties": {"id": 1952, "price": 7942000.0, "city": "Бишкек"}}, {"type": "Feature", "geometry": {"type": "Point", "coordinates": [74.627298, 43.012195]}, "properties": {"id": 1953, "price": 11706000.0, "city": "Бишкек"}}, {"type": "Feature", "geometry": {"type": "Point", "coordinates": [74.599433, 42.706817]}, "properties": {"id": 1954, "price": 3300000.0, "city": "Бишкек"}}, {"type": "Feature", "geometry": {"type": "Point", "coordinates": [74.553061, 42.934094]}, "properties": {"id": 1955, "price": 1091000.0, "city": "Бишкек"}}, {"type": "Feature", "geometry": {"type": "Point", "coordinates": [74.832485, 42.928081]}, "properties": {"id": 1956, "price": 7729000.0, "city": "Бишкек"}}, {"type": "Feature", "geometry": {"type": "Point", "coordinates": [74.606178, 42.785526]}, "properties": {"id": 1957, "price": 2145000.0, "city": "Бишкек"}}, {"type": "Feature", "geometry": {"type": "Point", "coordinates": [74.620193, 42.753555]}, "properties": {"id": 1958, "price": 45922000.0, "city": "Бишкек"}}, {"type": "Feature", "geometry": {"type": "Point", "coordinates": [74.60696, 42.895863]}, "properties": {"id": 1959, "price": 11975000.0, "city": "Бишкек"}}, {"type": "Feature", "geometry": {"type": "Point", "coordinates": [74.618261, 42.998954]}, "properties": {"id": 1960, "price": 46600000.0, "city": "Бишкек"}}, {"type": "Feature", "geometry": {"type": "Point", "coordinates": [74.613792, 43.027082]}, "properties": {"id": 1961, "price": 15297000.0, "city": "Бишкек"}}, {"type": "Feature", "geometry": {"type": "Point", "coordinates": [74.547418, 42.934306]}, "properties": {"id": 1962, "price": 3030000.0, "city": "Бишкек"}}, {"type": "Feature", "geometry": {"type": "Point", "coordinates": [74.638253, 42.846809]}, "properties": {"id": 1963, "price": 2122000.0, "city": "Бишкек"}}, {"type": "Feature", "geometry": {"type": "Point", "coordinates": [74.654781, 42.927093]}, "properties": {"id": 1964, "price": 2022000.0, "city": "Бишкек"}}, {"type": "Feature", "geometry": {"type": "Point", "coordinates": [74.725403, 42.672375]}, "properties": {"id": 1965, "price": 788000.0, "city": "Бишкек"}}, {"type": "Feature", "geometry": {"type": "Point", "coordinates": [74.598679, 42.789272]}, "properties": {"id": 1966, "price": 10939000.0, "city": "Бишкек"}}, {"type": "Feature", "geometry": {"type": "Point", "coordinates": [74.645945, 42.942331]}, "properties": {"id": 1967, "price": 1676000.0, "city": "Бишкек"}}, {"type": "Feature", "geometry": {"type": "Point", "coordinates": [74.559749, 42.814649]}, "properties": {"id": 1968, "price": 8960000.0, "city": "Бишкек"}}, {"type": "Feature", "geometry": {"type": "Point", "coordinates": [74.711493, 42.857306]}, "properties": {"id": 1969, "price": 1659000.0, "city": "Бишкек"}}, {"type": "Feature", "geometry": {"type": "Point", "coordinates": [74.449333, 42.869182]}, "properties": {"id": 1970, "price": 17835000.0, "city": "Бишкек"}}, {"type": "Feature", "geometry": {"type": "Point", "coordinates": [74.617607, 42.85534]}, "properties": {"id": 1971, "price": 7270000.0, "city": "Бишкек"}}, {"type": "Feature", "geometry": {"type": "Point", "coordinates": [74.624751, 42.649336]}, "properties": {"id": 1972, "price": 3764000.0, "city": "Бишкек"}}, {"type": "Feature", "geometry": {"type": "Point", "coordinates": [74.600924, 42.798299]}, "properties": {"id": 1973, "price": 5268000.0, "city": "Бишкек"}}, {"type": "Feature", "geometry": {"type": "Point", "coordinates": [74.515598, 42.971024]}, "properties": {"id": 1974, "price": 928000.0, "city": "Бишкек"}}, {"type": "Feature", "geometry": {"type": "Point", "coordinates": [74.555297, 42.88573]}, "properties": {"id": 1975, "price": 631000.0, "city": "Бишкек"}}, {"type": "Feature", "geometry": {"type": "Point", "coordinates": [74.451438, 42.873893]}, "properties": {"id": 1976, "price": 7628000.0, "city": "Бишкек"}}, {"type": "Feature", "geometry": {"type": "Point", "coordinates": [74.859181, 42.777324]}, "properties": {"id": 1977, "price": 5448000.0, "city": "Бишкек"}}, {"type": "Feature", "geometry": {"type": "Point", "coordinates": [74.527956, 42.771389]}, "properties": {"id": 1978, "price": 3194000.0, "city": "Бишкек"}}, {"type": "Feature", "geometry": {"type": "Point", "coordinates": [74.699056, 42.827984]}, "properties": {"id": 1979, "price": 3971000.0, "city": "Бишкек"}}, {"type": "Feature", "geometry": {"type": "Point", "coordinates": [74.541493, 42.904515]}, "properties": {"id": 1980, "price": 48890000.0, "city": "Бишкек"}}, {"type": "Feature", "geometry": {"type": "Point", "coordinates": [74.496597, 42.867612]}, "properties": {"id": 1981, "price": 6482000.0, "city": "Бишкек"}}, {"type": "Feature", "geometry": {"type": "Point", "coordinates": [74.478943, 42.688974]}, "properties": {"id": 1982, "price": 10908000.0, "city": "Бишкек"}}, {"type": "Feature", "geometry": {"type": "Point", "coordinates": [74.791069, 42.914001]}, "properties": {"id": 1983, "price": 6382000.0, "city": "Бишкек"}}, {"type": "Feature", "geometry": {"type": "Point", "coordinates": [74.565536, 42.738387]}, "properties": {"id": 1984, "price": 1693000.0, "city": "Бишкек"}}, {"type": "Feature", "geometry": {"type": "Point", "coordinates": [74.580048, 42.805069]}, "properties": {"id": 1985, "price": 7759000.0, "city": "Бишкек"}}, {"type": "Feature", "geometry": {"type": "Point", "coordinates": [74.620769, 42.861377]}, "properties": {"id": 1986, "price": 15733000.0, "city": "Бишкек"}}, {"type": "Feature", "geometry": {"type": "Point", "coordinates": [74.69947, 42.824372]}, "properties": {"id": 1987, "price": 7505000.0, "city": "Бишкек"}}, {"type": "Feature", "geometry": {"type": "Point", "coordinates": [74.547944, 42.867082]}, "properties": {"id": 1988, "price": 7149000.0, "city": "Бишкек"}}, {"type": "Feature", "geometry": {"type": "Point", "coordinates": [74.61067, 42.959421]}, "properties": {"id": 1989, "price": 46339000.0, "city": "Бишкек"}}, {"type": "Feature", "geometry": {"type": "Point", "coordinates": [74.54863, 42.932234]}, "properties": {"id": 1990, "price": 7382000.0, "city": "Бишкек"}}, {"type": "Feature", "geometry": {"type": "Point", "coordinates": [74.606162, 42.83188]}, "properties": {"id": 1991, "price": 6883000.0, "city": "Бишкек"}}, {"type": "Feature", "geometry": {"type": "Point", "coordinates": [74.581183, 42.920617]}, "properties": {"id": 1992, "price": 19160000.0, "city": "Бишкек"}}, {"type": "Feature", "geometry": {"type": "Point", "coordinates": [74.543413, 42.925929]}, "properties": {"id": 1993, "price": 52656000.0, "city": "Бишкек"}}, {"type": "Feature", "geometry": {"type": "Point", "coordinates": [74.650251, 42.874977]}, "properties": {"id": 1994, "price": 5625000.0, "city": "Бишкек"}}, {"type": "Feature", "geometry": {"type": "Point", "coordinates": [74.520445, 42.740457]}, "properties": {"id": 1995, "price": 1499000.0, "city": "Бишкек"}}, {"type": "Feature", "geometry": {"type": "Point", "coordinates": [74.593284, 42.810916]}, "properties": {"id": 1996, "price": 2876000.0, "city": "Бишкек"}}, {"type": "Feature", "geometry": {"type": "Point", "coordinates": [74.437427, 42.930586]}, "properties": {"id": 1997, "price": 742000.0, "city": "Бишкек"}}, {"type": "Feature", "geometry": {"type": "Point", "coordinates": [74.681417, 43.028489]}, "properties": {"id": 1998, "price": 2765000.0, "city": "Бишкек"}}, {"type": "Feature", "geometry": {"type": "Point", "coordinates": [74.494223, 42.950733]}, "properties": {"id": 1999, "price": 7342000.0, "city": "Бишкек"}}, {"type": "Feature", "geometry": {"type": "Point", "coordinates": [74.654092, 42.946594]}, "properties": {"id": 2000, "price": 4384000.0, "city": "Бишкек"}}, {"type": "Feature", "geometry": {"type": "Point", "coordinates": [74.539564, 42.985707]}, "properties": {"id": 2001, "price": 6364000.0, "city": "Бишкек"}}, {"type": "Feature", "geometry": {"type": "Point", "coordinates": [74.640811, 42.89561]}, "properties": {"id": 2002, "price": 8087000.0, "city": "Бишкек"}}, {"type": "Feature", "geometry": {"type": "Point", "coordinates": [74.354719, 42.727852]}, "properties": {"id": 2003, "price": 1854000.0, "city": "Бишкек"}}, {"type": "Feature", "geometry": {"type": "Point", "coordinates": [74.747984, 42.8808]}, "properties": {"id": 2004, "price": 50455000.0, "city": "Бишкек"}}, {"type": "Feature", "geometry": {"type": "Point", "coordinates": [74.715285, 42.827765]}, "properties": {"id": 2005, "price": 1631000.0, "city": "Бишкек"}}, {"type": "Feature", "geometry": {"type": "Point", "coordinates": [74.467572, 43.027099]}, "properties": {"id": 2006, "price": 52674000.0, "city": "Бишкек"}}, {"type": "Feature", "geometry": {"type": "Point", "coordinates": [74.750059, 42.821008]}, "properties": {"id": 2007, "price": 3286000.0, "city": "Бишкек"}}, {"type": "Feature", "geometry": {"type": "Point", "coordinates": [74.556865, 42.944993]}, "properties": {"id": 2008, "price": 1697000.0, "city": "Бишкек"}}, {"type": "Feature", "geometry": {"type": "Point", "coordinates": [74.560908, 42.722269]}, "properties": {"id": 2009, "price": 9666000.0, "city": "Бишкек"}}, {"type": "Feature", "geometry": {"type": "Point", "coordinates": [74.450517, 42.754141]}, "properties": {"id": 2010, "price": 2278000.0, "city": "Бишкек"}}, {"type": "Feature", "geometry": {"type": "Point", "coordinates": [74.650303, 42.786628]}, "properties": {"id": 2011, "price": 6294000.0, "city": "Бишкек"}}, {"type": "Feature", "geometry": {"type": "Point", "coordinates": [74.510209, 42.890623]}, "properties": {"id": 2012, "price": 2967000.0, "city": "Бишкек"}}, {"type": "Feature", "geometry": {"type": "Point", "coordinates": [74.788737, 42.826361]}, "properties": {"id": 2013, "price": 1464000.0, "city": "Бишкек"}}, {"type": "Feature", "geometry": {"type": "Point", "coordinates": [74.786296, 42.926076]}, "properties": {"id": 2014, "price": 1666000.0, "city": "Бишкек"}}, {"type": "Feature", "geometry": {"type": "Point", "coordinates": [74.533003, 42.811752]}, "properties": {"id": 2015, "price": 3407000.0, "city": "Бишкек"}}, {"type": "Feature", "geometry": {"type": "Point", "coordinates": [74.403999, 42.975922]}, "properties": {"id": 2016, "price": 59475000.0, "city": "Бишкек"}}, {"type": "Feature", "geometry": {"type": "Point", "coordinates": [74.747497, 42.70485]}, "properties": {"id": 2017, "price": 11526000.0, "city": "Бишкек"}}, {"type": "Feature", "geometry": {"type": "Point", "coordinates": [74.631005, 42.926912]}, "properties": {"id": 2018, "price": 5859000.0, "city": "Бишкек"}}, {"type": "Feature", "geometry": {"type": "Point", "coordinates": [74.685904, 42.781772]}, "properties": {"id": 2019, "price": 2512000.0, "city": "Бишкек"}}, {"type": "Feature", "geometry": {"type": "Point", "coordinates": [74.564789, 43.016416]}, "properties": {"id": 2020, "price": 7374000.0, "city": "Бишкек"}}, {"type": "Feature", "geometry": {"type": "Point", "coordinates": [74.665743, 42.969233]}, "properties": {"id": 2021, "price": 2190000.0, "city": "Бишкек"}}, {"type": "Feature", "geometry": {"type": "Point", "coordinates": [74.61614, 42.943451]}, "properties": {"id": 2022, "price": 15917000.0, "city": "Бишкек"}}, {"type": "Feature", "geometry": {"type": "Point", "coordinates": [74.702612, 42.931525]}, "properties": {"id": 2023, "price": 9923000.0, "city": "Бишкек"}}, {"type": "Feature", "geometry": {"type": "Point", "coordinates": [74.806901, 42.781433]}, "properties": {"id": 2024, "price": 10645000.0, "city": "Бишкек"}}, {"type": "Feature", "geometry": {"type": "Point", "coordinates": [74.60675, 42.988209]}, "properties": {"id": 2025, "price": 9477000.0, "city": "Бишкек"}}, {"type": "Feature", "geometry": {"type": "Point", "coordinates": [74.693544, 42.967755]}, "properties": {"id": 2026, "price": 9085000.0, "city": "Бишкек"}}, {"type": "Feature", "geometry": {"type": "Point", "coordinates": [74.539683, 42.685268]}, "properties": {"id": 2027, "price": 50653000.0, "city": "Бишкек"}}, {"type": "Feature", "geometry": {"type": "Point", "coordinates": [74.496289, 42.789627]}, "properties": {"id": 2028, "price": 6587000.0, "city": "Бишкек"}}, {"type": "Feature", "geometry": {"type": "Point", "coordinates": [74.603588, 42.776928]}, "properties": {"id": 2029, "price": 5809000.0, "city": "Бишкек"}}, {"type": "Feature", "geometry": {"type": "Point", "coordinates": [74.724655, 42.731751]}, "properties": {"id": 2030, "price": 878000.0, "city": "Бишкек"}}, {"type": "Feature", "geometry": {"type": "Point", "coordinates": [74.649019, 42.89722]}, "properties": {"id": 2031, "price": 19247000.0, "city": "Бишкек"}}, {"type": "Feature", "geometry": {"type": "Point", "coordinates": [74.61052, 42.824946]}, "properties": {"id": 2032, "price": 7267000.0, "city": "Бишкек"}}, {"type": "Feature", "geometry": {"type": "Point", "coordinates": [74.737939, 42.83727]}, "properties": {"id": 2033, "price": 749000.0, "city": "Бишкек"}}, {"type": "Feature", "geometry": {"type": "Point", "coordinates": [74.42322, 42.831606]}, "properties": {"id": 2034, "price": 32786000.0, "city": "Бишкек"}}, {"type": "Feature", "geometry": {"type": "Point", "coordinates": [74.512447, 42.987713]}, "properties": {"id": 2035, "price": 14237000.0, "city": "Бишкек"}}, {"type": "Feature", "geometry": {"type": "Point", "coordinates": [74.555282, 42.832356]}, "properties": {"id": 2036, "price": 5691000.0, "city": "Бишкек"}}, {"type": "Feature", "geometry": {"type": "Point", "coordinates": [74.557993, 42.888299]}, "properties": {"id": 2037, "price": 53489000.0, "city": "Бишкек"}}, {"type": "Feature", "geometry": {"type": "Point", "coordinates": [74.50189, 42.874716]}, "properties": {"id": 2038, "price": 3729000.0, "city": "Бишкек"}}, {"type": "Feature", "geometry": {"type": "Point", "coordinates": [74.521029, 42.71966]}, "properties": {"id": 2039, "price": 15187000.0, "city": "Бишкек"}}, {"type": "Feature", "geometry": {"type": "Point", "coordinates": [74.502042, 43.15859]}, "properties": {"id": 2040, "price": 2992000.0, "city": "Бишкек"}}, {"type": "Feature", "geometry": {"type": "Point", "coordinates": [74.581424, 42.764757]}, "properties": {"id": 2041, "price": 13940000.0, "city": "Бишкек"}}, {"type": "Feature", "geometry": {"type": "Point", "coordinates": [74.584568, 42.781373]}, "properties": {"id": 2042, "price": 33326000.0, "city": "Бишкек"}}, {"type": "Feature", "geometry": {"type": "Point", "coordinates": [74.644529, 42.813897]}, "properties": {"id": 2043, "price": 17725000.0, "city": "Бишкек"}}, {"type": "Feature", "geometry": {"type": "Point", "coordinates": [74.602125, 42.84332]}, "properties": {"id": 2044, "price": 10148000.0, "city": "Бишкек"}}, {"type": "Feature", "geometry": {"type": "Point", "coordinates": [74.512781, 42.882422]}, "properties": {"id": 2045, "price": 46370000.0, "city": "Бишкек"}}, {"type": "Feature", "geometry": {"type": "Point", "coordinates": [74.790427, 42.624427]}, "properties": {"id": 2046, "price": 4687000.0, "city": "Бишкек"}}, {"type": "Feature", "geometry": {"type": "Point", "coordinates": [74.478908, 42.600784]}, "properties": {"id": 2047, "price": 12693000.0, "city": "Бишкек"}}, {"type": "Feature", "geometry": {"type": "Point", "coordinates": [74.531869, 42.860401]}, "properties": {"id": 2048, "price": 3975000.0, "city": "Бишкек"}}, {"type": "Feature", "geometry": {"type": "Point", "coordinates": [74.674141, 42.79603]}, "properties": {"id": 2049, "price": 2405000.0, "city": "Бишкек"}}, {"type": "Feature", "geometry": {"type": "Point", "coordinates": [74.453941, 42.787099]}, "properties": {"id": 2050, "price": 16515000.0, "city": "Бишкек"}}, {"type": "Feature", "geometry": {"type": "Point", "coordinates": [74.554523, 42.890366]}, "properties": {"id": 2051, "price": 2270000.0, "city": "Бишкек"}}, {"type": "Feature", "geometry": {"type": "Point", "coordinates": [74.597921, 42.928684]}, "properties": {"id": 2052, "price": 2396000.0, "city": "Бишкек"}}, {"type": "Feature", "geometry": {"type": "Point", "coordinates": [74.610952, 42.861112]}, "properties": {"id": 2053, "price": 14908000.0, "city": "Бишкек"}}, {"type": "Feature", "geometry": {"type": "Point", "coordinates": [74.482127, 42.605599]}, "properties": {"id": 2054, "price": 2881000.0, "city": "Бишкек"}}, {"type": "Feature", "geometry": {"type": "Point", "coordinates": [74.439994, 42.959485]}, "properties": {"id": 2055, "price": 23842000.0, "city": "Бишкек"}}, {"type": "Feature", "geometry": {"type": "Point", "coordinates": [74.674301, 42.864427]}, "properties": {"id": 2056, "price": 2953000.0, "city": "Бишкек"}}, {"type": "Feature", "geometry": {"type": "Point", "coordinates": [74.533411, 42.766016]}, "properties": {"id": 2057, "price": 45079000.0, "city": "Бишкек"}}, {"type": "Feature", "geometry": {"type": "Point", "coordinates": [74.590542, 42.88952]}, "properties": {"id": 2058, "price": 1773000.0, "city": "Бишкек"}}, {"type": "Feature", "geometry": {"type": "Point", "coordinates": [74.517746, 42.644592]}, "properties": {"id": 2059, "price": 4877000.0, "city": "Бишкек"}}, {"type": "Feature", "geometry": {"type": "Point", "coordinates": [74.548502, 42.708259]}, "properties": {"id": 2060, "price": 6889000.0, "city": "Бишкек"}}, {"type": "Feature", "geometry": {"type": "Point", "coordinates": [74.707994, 42.765799]}, "properties": {"id": 2061, "price": 2168000.0, "city": "Бишкек"}}, {"type": "Feature", "geometry": {"type": "Point", "coordinates": [74.578212, 42.912036]}, "properties": {"id": 2062, "price": 1774000.0, "city": "Бишкек"}}, {"type": "Feature", "geometry": {"type": "Point", "coordinates": [74.553885, 42.770407]}, "properties": {"id": 2063, "price": 1975000.0, "city": "Бишкек"}}, {"type": "Feature", "geometry": {"type": "Point", "coordinates": [74.540406, 42.839356]}, "properties": {"id": 2064, "price": 17532000.0, "city": "Бишкек"}}, {"type": "Feature", "geometry": {"type": "Point", "coordinates": [74.660475, 42.979051]}, "properties": {"id": 2065, "price": 5168000.0, "city": "Бишкек"}}, {"type": "Feature", "geometry": {"type": "Point", "coordinates": [74.570963, 42.854743]}, "properties": {"id": 2066, "price": 2781000.0, "city": "Бишкек"}}, {"type": "Feature", "geometry": {"type": "Point", "coordinates": [74.630126, 42.813222]}, "properties": {"id": 2067, "price": 8237000.0, "city": "Бишкек"}}, {"type": "Feature", "geometry": {"type": "Point", "coordinates": [74.495815, 42.831821]}, "properties": {"id": 2068, "price": 13863000.0, "city": "Бишкек"}}, {"type": "Feature", "geometry": {"type": "Point", "coordinates": [74.480559, 42.858892]}, "properties": {"id": 2069, "price": 17481000.0, "city": "Бишкек"}}, {"type": "Feature", "geometry": {"type": "Point", "coordinates": [74.731125, 42.992172]}, "properties": {"id": 2070, "price": 55904000.0, "city": "Бишкек"}}, {"type": "Feature", "geometry": {"type": "Point", "coordinates": [74.669257, 42.997178]}, "properties": {"id": 2071, "price": 1931000.0, "city": "Бишкек"}}, {"type": "Feature", "geometry": {"type": "Point", "coordinates": [74.628192, 42.825915]}, "properties": {"id": 2072, "price": 1095000.0, "city": "Бишкек"}}, {"type": "Feature", "geometry": {"type": "Point", "coordinates": [74.68027, 42.983686]}, "properties": {"id": 2073, "price": 8420000.0, "city": "Бишкек"}}, {"type": "Feature", "geometry": {"type": "Point", "coordinates": [74.730044, 42.859659]}, "properties": {"id": 2074, "price": 5722000.0, "city": "Бишкек"}}, {"type": "Feature", "geometry": {"type": "Point", "coordinates": [74.398803, 42.986643]}, "properties": {"id": 2075, "price": 1321000.0, "city": "Бишкек"}}, {"type": "Feature", "geometry": {"type": "Point", "coordinates": [74.726415, 42.834462]}, "properties": {"id": 2076, "price": 15910000.0, "city": "Бишкек"}}, {"type": "Feature", "geometry": {"type": "Point", "coordinates": [74.488787, 42.919101]}, "properties": {"id": 2077, "price": 5613000.0, "city": "Бишкек"}}, {"type": "Feature", "geometry": {"type": "Point", "coordinates": [74.705012, 42.866426]}, "properties": {"id": 2078, "price": 4049000.0, "city": "Бишкек"}}, {"type": "Feature", "geometry": {"type": "Point", "coordinates": [74.76264, 42.982477]}, "properties": {"id": 2079, "price": 1051000.0, "city": "Бишкек"}}, {"type": "Feature", "geometry": {"type": "Point", "coordinates": [74.5541, 43.054531]}, "properties": {"id": 2080, "price": 44086000.0, "city": "Бишкек"}}, {"type": "Feature", "geometry": {"type": "Point", "coordinates": [74.632174, 42.966782]}, "properties": {"id": 2081, "price": 2094000.0, "city": "Бишкек"}}, {"type": "Feature", "geometry": {"type": "Point", "coordinates": [74.680701, 42.909157]}, "properties": {"id": 2082, "price": 7518000.0, "city": "Бишкек"}}, {"type": "Feature", "geometry": {"type": "Point", "coordinates": [74.578459, 42.899095]}, "properties": {"id": 2083, "price": 1621000.0, "city": "Бишкек"}}, {"type": "Feature", "geometry": {"type": "Point", "coordinates": [74.569873, 42.758145]}, "properties": {"id": 2084, "price": 2358000.0, "city": "Бишкек"}}, {"type": "Feature", "geometry": {"type": "Point", "coordinates": [74.766625, 42.870096]}, "properties": {"id": 2085, "price": 1493000.0, "city": "Бишкек"}}, {"type": "Feature", "geometry": {"type": "Point", "coordinates": [74.510265, 42.719804]}, "properties": {"id": 2086, "price": 5098000.0, "city": "Бишкек"}}, {"type": "Feature", "geometry": {"type": "Point", "coordinates": [74.59125, 42.883881]}, "properties": {"id": 2087, "price": 3388000.0, "city": "Бишкек"}}, {"type": "Feature", "geometry": {"type": "Point", "coordinates": [74.646417, 42.908654]}, "properties": {"id": 2088, "price": 3330000.0, "city": "Бишкек"}}, {"type": "Feature", "geometry": {"type": "Point", "coordinates": [74.551763, 42.801378]}, "properties": {"id": 2089, "price": 1256000.0, "city": "Бишкек"}}, {"type": "Feature", "geometry": {"type": "Point", "coordinates": [74.660794, 42.822101]}, "properties": {"id": 2090, "price": 1505000.0, "city": "Бишкек"}}, {"type": "Feature", "geometry": {"type": "Point", "coordinates": [74.707882, 42.855582]}, "properties": {"id": 2091, "price": 2822000.0, "city": "Бишкек"}}, {"type": "Feature", "geometry": {"type": "Point", "coordinates": [74.684831, 43.01878]}, "properties": {"id": 2092, "price": 2571000.0, "city": "Бишкек"}}, {"type": "Feature", "geometry": {"type": "Point", "coordinates": [74.489757, 42.882598]}, "properties": {"id": 2093, "price": 18385000.0, "city": "Бишкек"}}, {"type": "Feature", "geometry": {"type": "Point", "coordinates": [74.482551, 42.831081]}, "properties": {"id": 2094, "price": 10049000.0, "city": "Бишкек"}}, {"type": "Feature", "geometry": {"type": "Point", "coordinates": [74.705997, 42.841833]}, "properties": {"id": 2095, "price": 2379000.0, "city": "Бишкек"}}, {"type": "Feature", "geometry": {"type": "Point", "coordinates": [74.732894, 42.850001]}, "properties": {"id": 2096, "price": 7248000.0, "city": "Бишкек"}}, {"type": "Feature", "geometry": {"type": "Point", "coordinates": [74.560506, 42.882169]}, "properties": {"id": 2097, "price": 1833000.0, "city": "Бишкек"}}, {"type": "Feature", "geometry": {"type": "Point", "coordinates": [74.641284, 42.917682]}, "properties": {"id": 2098, "price": 6677000.0, "city": "Бишкек"}}, {"type": "Feature", "geometry": {"type": "Point", "coordinates": [74.764192, 42.927028]}, "properties": {"id": 2099, "price": 48300000.0, "city": "Бишкек"}}, {"type": "Feature", "geometry": {"type": "Point", "coordinates": [74.612965, 43.011586]}, "properties": {"id": 2100, "price": 10197000.0, "city": "Бишкек"}}, {"type": "Feature", "geometry": {"type": "Point", "coordinates": [74.790519, 42.859152]}, "properties": {"id": 2101, "price": 4379000.0, "city": "Бишкек"}}, {"type": "Feature", "geometry": {"type": "Point", "coordinates": [74.397935, 42.979125]}, "properties": {"id": 2102, "price": 17768000.0, "city": "Бишкек"}}, {"type": "Feature", "geometry": {"type": "Point", "coordinates": [74.545062, 43.060396]}, "properties": {"id": 2103, "price": 36261000.0, "city": "Бишкек"}}, {"type": "Feature", "geometry": {"type": "Point", "coordinates": [74.595506, 42.914733]}, "properties": {"id": 2104, "price": 2352000.0, "city": "Бишкек"}}, {"type": "Feature", "geometry": {"type": "Point", "coordinates": [74.668708, 42.854203]}, "properties": {"id": 2105, "price": 2384000.0, "city": "Бишкек"}}, {"type": "Feature", "geometry": {"type": "Point", "coordinates": [74.502353, 42.835707]}, "properties": {"id": 2106, "price": 19546000.0, "city": "Бишкек"}}, {"type": "Feature", "geometry": {"type": "Point", "coordinates": [74.506322, 42.929402]}, "properties": {"id": 2107, "price": 13756000.0, "city": "Бишкек"}}, {"type": "Feature", "geometry": {"type": "Point", "coordinates": [74.261853, 42.841457]}, "properties": {"id": 2108, "price": 16375000.0, "city": "Бишкек"}}, {"type": "Feature", "geometry": {"type": "Point", "coordinates": [74.497494, 42.952058]}, "properties": {"id": 2109, "price": 49837000.0, "city": "Бишкек"}}, {"type": "Feature", "geometry": {"type": "Point", "coordinates": [74.577426, 42.722798]}, "properties": {"id": 2110, "price": 10931000.0, "city": "Бишкек"}}, {"type": "Feature", "geometry": {"type": "Point", "coordinates": [74.595221, 42.629698]}, "properties": {"id": 2111, "price": 18564000.0, "city": "Бишкек"}}, {"type": "Feature", "geometry": {"type": "Point", "coordinates": [74.477253, 42.850513]}, "properties": {"id": 2112, "price": 7823000.0, "city": "Бишкек"}}, {"type": "Feature", "geometry": {"type": "Point", "coordinates": [74.517802, 42.690701]}, "properties": {"id": 2113, "price": 4125000.0, "city": "Бишкек"}}, {"type": "Feature", "geometry": {"type": "Point", "coordinates": [74.782541, 42.961558]}, "properties": {"id": 2114, "price": 7762000.0, "city": "Бишкек"}}, {"type": "Feature", "geometry": {"type": "Point", "coordinates": [74.525855, 42.920163]}, "properties": {"id": 2115, "price": 3566000.0, "city": "Бишкек"}}, {"type": "Feature", "geometry": {"type": "Point", "coordinates": [74.677221, 42.835618]}, "properties": {"id": 2116, "price": 6832000.0, "city": "Бишкек"}}, {"type": "Feature", "geometry": {"type": "Point", "coordinates": [74.674436, 42.931492]}, "properties": {"id": 2117, "price": 1111000.0, "city": "Бишкек"}}, {"type": "Feature", "geometry": {"type": "Point", "coordinates": [74.60245, 42.745253]}, "properties": {"id": 2118, "price": 1332000.0, "city": "Бишкек"}}, {"type": "Feature", "geometry": {"type": "Point", "coordinates": [74.743233, 42.816041]}, "properties": {"id": 2119, "price": 8425000.0, "city": "Бишкек"}}, {"type": "Feature", "geometry": {"type": "Point", "coordinates": [74.477234, 42.906503]}, "properties": {"id": 2120, "price": 4779000.0, "city": "Бишкек"}}, {"type": "Feature", "geometry": {"type": "Point", "coordinates": [74.545446, 42.815352]}, "properties": {"id": 2121, "price": 3026000.0, "city": "Бишкек"}}, {"type": "Feature", "geometry": {"type": "Point", "coordinates": [74.661706, 42.833748]}, "properties": {"id": 2122, "price": 3507000.0, "city": "Бишкек"}}, {"type": "Feature", "geometry": {"type": "Point", "coordinates": [74.570169, 42.876702]}, "properties": {"id": 2123, "price": 3769000.0, "city": "Бишкек"}}, {"type": "Feature", "geometry": {"type": "Point", "coordinates": [74.694541, 42.955752]}, "properties": {"id": 2124, "price": 2176000.0, "city": "Бишкек"}}, {"type": "Feature", "geometry": {"type": "Point", "coordinates": [74.62721, 42.973782]}, "properties": {"id": 2125, "price": 1628000.0, "city": "Бишкек"}}, {"type": "Feature", "geometry": {"type": "Point", "coordinates": [74.687714, 43.040959]}, "properties": {"id": 2126, "price": 1653000.0, "city": "Бишкек"}}, {"type": "Feature", "geometry": {"type": "Point", "coordinates": [74.643836, 42.824302]}, "properties": {"id": 2127, "price": 5170000.0, "city": "Бишкек"}}, {"type": "Feature", "geometry": {"type": "Point", "coordinates": [74.484063, 43.031012]}, "properties": {"id": 2128, "price": 1055000.0, "city": "Бишкек"}}, {"type": "Feature", "geometry": {"type": "Point", "coordinates": [74.70919, 42.899669]}, "properties": {"id": 2129, "price": 18812000.0, "city": "Бишкек"}}, {"type": "Feature", "geometry": {"type": "Point", "coordinates": [74.647784, 42.930916]}, "properties": {"id": 2130, "price": 6326000.0, "city": "Бишкек"}}, {"type": "Feature", "geometry": {"type": "Point", "coordinates": [74.601837, 42.978643]}, "properties": {"id": 2131, "price": 6999000.0, "city": "Бишкек"}}, {"type": "Feature", "geometry": {"type": "Point", "coordinates": [74.592494, 42.788175]}, "properties": {"id": 2132, "price": 18581000.0, "city": "Бишкек"}}, {"type": "Feature", "geometry": {"type": "Point", "coordinates": [74.385444, 42.871952]}, "properties": {"id": 2133, "price": 12666000.0, "city": "Бишкек"}}, {"type": "Feature", "geometry": {"type": "Point", "coordinates": [74.649067, 42.904995]}, "properties": {"id": 2134, "price": 973000.0, "city": "Бишкек"}}, {"type": "Feature", "geometry": {"type": "Point", "coordinates": [74.441415, 42.874599]}, "properties": {"id": 2135, "price": 2228000.0, "city": "Бишкек"}}, {"type": "Feature", "geometry": {"type": "Point", "coordinates": [74.462398, 43.103777]}, "properties": {"id": 2136, "price": 13212000.0, "city": "Бишкек"}}, {"type": "Feature", "geometry": {"type": "Point", "coordinates": [74.583886, 42.986431]}, "properties": {"id": 2137, "price": 10973000.0, "city": "Бишкек"}}, {"type": "Feature", "geometry": {"type": "Point", "coordinates": [74.681006, 42.972495]}, "properties": {"id": 2138, "price": 2440000.0, "city": "Бишкек"}}, {"type": "Feature", "geometry": {"type": "Point", "coordinates": [74.823376, 42.632525]}, "properties": {"id": 2139, "price": 2569000.0, "city": "Бишкек"}}, {"type": "Feature", "geometry": {"type": "Point", "coordinates": [74.662066, 43.023019]}, "properties": {"id": 2140, "price": 16414000.0, "city": "Бишкек"}}, {"type": "Feature", "geometry": {"type": "Point", "coordinates": [74.548977, 42.873673]}, "properties": {"id": 2141, "price": 43648000.0, "city": "Бишкек"}}, {"type": "Feature", "geometry": {"type": "Point", "coordinates": [74.564283, 42.820607]}, "properties": {"id": 2142, "price": 692000.0, "city": "Бишкек"}}, {"type": "Feature", "geometry": {"type": "Point", "coordinates": [74.841845, 42.86073]}, "properties": {"id": 2143, "price": 6082000.0, "city": "Бишкек"}}, {"type": "Feature", "geometry": {"type": "Point", "coordinates": [74.639405, 42.89209]}, "properties": {"id": 2144, "price": 4532000.0, "city": "Бишкек"}}, {"type": "Feature", "geometry": {"type": "Point", "coordinates": [74.563642, 42.820687]}, "properties": {"id": 2145, "price": 1750000.0, "city": "Бишкек"}}, {"type": "Feature", "geometry": {"type": "Point", "coordinates": [74.468777, 42.8657]}, "properties": {"id": 2146, "price": 1246000.0, "city": "Бишкек"}}, {"type": "Feature", "geometry": {"type": "Point", "coordinates": [74.594456, 42.965882]}, "properties": {"id": 2147, "price": 4599000.0, "city": "Бишкек"}}, {"type": "Feature", "geometry": {"type": "Point", "coordinates": [74.639815, 42.883106]}, "properties": {"id": 2148, "price": 2387000.0, "city": "Бишкек"}}, {"type": "Feature", "geometry": {"type": "Point", "coordinates": [74.638947, 42.984418]}, "properties": {"id": 2149, "price": 24030000.0, "city": "Бишкек"}}, {"type": "Feature", "geometry": {"type": "Point", "coordinates": [74.709101, 43.097909]}, "properties": {"id": 2150, "price": 4522000.0, "city": "Бишкек"}}, {"type": "Feature", "geometry": {"type": "Point", "coordinates": [74.625807, 42.884085]}, "properties": {"id": 2151, "price": 7310000.0, "city": "Бишкек"}}, {"type": "Feature", "geometry": {"type": "Point", "coordinates": [74.531885, 43.018094]}, "properties": {"id": 2152, "price": 6894000.0, "city": "Бишкек"}}, {"type": "Feature", "geometry": {"type": "Point", "coordinates": [74.517389, 42.857215]}, "properties": {"id": 2153, "price": 4050000.0, "city": "Бишкек"}}, {"type": "Feature", "geometry": {"type": "Point", "coordinates": [74.456325, 43.013685]}, "properties": {"id": 2154, "price": 2382000.0, "city": "Бишкек"}}, {"type": "Feature", "geometry": {"type": "Point", "coordinates": [74.708884, 42.965798]}, "properties": {"id": 2155, "price": 46174000.0, "city": "Бишкек"}}, {"type": "Feature", "geometry": {"type": "Point", "coordinates": [74.669298, 43.01997]}, "properties": {"id": 2156, "price": 22995000.0, "city": "Бишкек"}}, {"type": "Feature", "geometry": {"type": "Point", "coordinates": [74.524454, 42.848161]}, "properties": {"id": 2157, "price": 19876000.0, "city": "Бишкек"}}, {"type": "Feature", "geometry": {"type": "Point", "coordinates": [74.659648, 43.027122]}, "properties": {"id": 2158, "price": 1060000.0, "city": "Бишкек"}}, {"type": "Feature", "geometry": {"type": "Point", "coordinates": [74.539712, 42.850797]}, "properties": {"id": 2159, "price": 18241000.0, "city": "Бишкек"}}, {"type": "Feature", "geometry": {"type": "Point", "coordinates": [74.838733, 42.724395]}, "properties": {"id": 2160, "price": 13382000.0, "city": "Бишкек"}}, {"type": "Feature", "geometry": {"type": "Point", "coordinates": [74.567375, 42.659335]}, "properties": {"id": 2161, "price": 1606000.0, "city": "Бишкек"}}, {"type": "Feature", "geometry": {"type": "Point", "coordinates": [74.719749, 42.825087]}, "properties": {"id": 2162, "price": 2038000.0, "city": "Бишкек"}}, {"type": "Feature", "geometry": {"type": "Point", "coordinates": [74.594933, 42.824975]}, "properties": {"id": 2163, "price": 1959000.0, "city": "Бишкек"}}, {"type": "Feature", "geometry": {"type": "Point", "coordinates": [74.654557, 42.726693]}, "properties": {"id": 2164, "price": 12770000.0, "city": "Бишкек"}}, {"type": "Feature", "geometry": {"type": "Point", "coordinates": [74.531581, 42.689278]}, "properties": {"id": 2165, "price": 26621000.0, "city": "Бишкек"}}, {"type": "Feature", "geometry": {"type": "Point", "coordinates": [74.61265, 42.776138]}, "properties": {"id": 2166, "price": 12810000.0, "city": "Бишкек"}}, {"type": "Feature", "geometry": {"type": "Point", "coordinates": [74.603612, 42.937804]}, "properties": {"id": 2167, "price": 1123000.0, "city": "Бишкек"}}, {"type": "Feature", "geometry": {"type": "Point", "coordinates": [74.544657, 42.680428]}, "properties": {"id": 2168, "price": 13465000.0, "city": "Бишкек"}}, {"type": "Feature", "geometry": {"type": "Point", "coordinates": [74.580187, 42.756842]}, "properties": {"id": 2169, "price": 1129000.0, "city": "Бишкек"}}, {"type": "Feature", "geometry": {"type": "Point", "coordinates": [74.579334, 42.752184]}, "properties": {"id": 2170, "price": 709000.0, "city": "Бишкек"}}, {"type": "Feature", "geometry": {"type": "Point", "coordinates": [74.614289, 42.902763]}, "properties": {"id": 2171, "price": 2721000.0, "city": "Бишкек"}}, {"type": "Feature", "geometry": {"type": "Point", "coordinates": [74.683458, 42.839551]}, "properties": {"id": 2172, "price": 15709000.0, "city": "Бишкек"}}, {"type": "Feature", "geometry": {"type": "Point", "coordinates": [74.613361, 43.060818]}, "properties": {"id": 2173, "price": 3007000.0, "city": "Бишкек"}}, {"type": "Feature", "geometry": {"type": "Point", "coordinates": [74.533837, 42.986156]}, "properties": {"id": 2174, "price": 3416000.0, "city": "Бишкек"}}, {"type": "Feature", "geometry": {"type": "Point", "coordinates": [74.57733, 42.753265]}, "properties": {"id": 2175, "price": 12900000.0, "city": "Бишкек"}}, {"type": "Feature", "geometry": {"type": "Point", "coordinates": [74.544461, 42.817491]}, "properties": {"id": 2176, "price": 2558000.0, "city": "Бишкек"}}, {"type": "Feature", "geometry": {"type": "Point", "coordinates": [74.643722, 42.811694]}, "properties": {"id": 2177, "price": 27069000.0, "city": "Бишкек"}}, {"type": "Feature", "geometry": {"type": "Point", "coordinates": [74.734396, 42.852564]}, "properties": {"id": 2178, "price": 51127000.0, "city": "Бишкек"}}, {"type": "Feature", "geometry": {"type": "Point", "coordinates": [74.62124, 42.828026]}, "properties": {"id": 2179, "price": 12584000.0, "city": "Бишкек"}}, {"type": "Feature", "geometry": {"type": "Point", "coordinates": [74.497422, 42.708364]}, "properties": {"id": 2180, "price": 5754000.0, "city": "Бишкек"}}, {"type": "Feature", "geometry": {"type": "Point", "coordinates": [74.640992, 42.810128]}, "properties": {"id": 2181, "price": 1996000.0, "city": "Бишкек"}}, {"type": "Feature", "geometry": {"type": "Point", "coordinates": [74.671533, 42.718271]}, "properties": {"id": 2182, "price": 1156000.0, "city": "Бишкек"}}, {"type": "Feature", "geometry": {"type": "Point", "coordinates": [74.597963, 42.779759]}, "properties": {"id": 2183, "price": 23748000.0, "city": "Бишкек"}}, {"type": "Feature", "geometry": {"type": "Point", "coordinates": [74.638885, 42.932737]}, "properties": {"id": 2184, "price": 10266000.0, "city": "Бишкек"}}, {"type": "Feature", "geometry": {"type": "Point", "coordinates": [74.450783, 42.884228]}, "properties": {"id": 2185, "price": 3105000.0, "city": "Бишкек"}}, {"type": "Feature", "geometry": {"type": "Point", "coordinates": [74.644747, 42.928028]}, "properties": {"id": 2186, "price": 6039000.0, "city": "Бишкек"}}, {"type": "Feature", "geometry": {"type": "Point", "coordinates": [74.647248, 42.890946]}, "properties": {"id": 2187, "price": 2782000.0, "city": "Бишкек"}}, {"type": "Feature", "geometry": {"type": "Point", "coordinates": [74.657368, 42.866097]}, "properties": {"id": 2188, "price": 6634000.0, "city": "Бишкек"}}, {"type": "Feature", "geometry": {"type": "Point", "coordinates": [74.66066, 42.747546]}, "properties": {"id": 2189, "price": 3104000.0, "city": "Бишкек"}}, {"type": "Feature", "geometry": {"type": "Point", "coordinates": [74.690768, 42.724072]}, "properties": {"id": 2190, "price": 3219000.0, "city": "Бишкек"}}, {"type": "Feature", "geometry": {"type": "Point", "coordinates": [74.612635, 42.916382]}, "properties": {"id": 2191, "price": 2106000.0, "city": "Бишкек"}}, {"type": "Feature", "geometry": {"type": "Point", "coordinates": [74.871727, 42.896662]}, "properties": {"id": 2192, "price": 24254000.0, "city": "Бишкек"}}, {"type": "Feature", "geometry": {"type": "Point", "coordinates": [74.60429, 42.784052]}, "properties": {"id": 2193, "price": 10428000.0, "city": "Бишкек"}}, {"type": "Feature", "geometry": {"type": "Point", "coordinates": [74.484526, 42.890382]}, "properties": {"id": 2194, "price": 3816000.0, "city": "Бишкек"}}, {"type": "Feature", "geometry": {"type": "Point", "coordinates": [74.583729, 42.925061]}, "properties": {"id": 2195, "price": 2261000.0, "city": "Бишкек"}}, {"type": "Feature", "geometry": {"type": "Point", "coordinates": [74.57653, 42.837798]}, "properties": {"id": 2196, "price": 9234000.0, "city": "Бишкек"}}, {"type": "Feature", "geometry": {"type": "Point", "coordinates": [74.577549, 42.989183]}, "properties": {"id": 2197, "price": 9702000.0, "city": "Бишкек"}}, {"type": "Feature", "geometry": {"type": "Point", "coordinates": [74.63097, 42.863044]}, "properties": {"id": 2198, "price": 3737000.0, "city": "Бишкек"}}, {"type": "Feature", "geometry": {"type": "Point", "coordinates": [74.572114, 42.815323]}, "properties": {"id": 2199, "price": 12617000.0, "city": "Бишкек"}}, {"type": "Feature", "geometry": {"type": "Point", "coordinates": [74.751143, 42.750896]}, "properties": {"id": 2200, "price": 1007000.0, "city": "Бишкек"}}, {"type": "Feature", "geometry": {"type": "Point", "coordinates": [74.647867, 42.904158]}, "properties": {"id": 2201, "price": 34292000.0, "city": "Бишкек"}}, {"type": "Feature", "geometry": {"type": "Point", "coordinates": [74.574696, 42.841243]}, "properties": {"id": 2202, "price": 56795000.0, "city": "Бишкек"}}, {"type": "Feature", "geometry": {"type": "Point", "coordinates": [74.720132, 42.791515]}, "properties": {"id": 2203, "price": 1873000.0, "city": "Бишкек"}}, {"type": "Feature", "geometry": {"type": "Point", "coordinates": [74.48995, 42.786235]}, "properties": {"id": 2204, "price": 2201000.0, "city": "Бишкек"}}, {"type": "Feature", "geometry": {"type": "Point", "coordinates": [74.553477, 43.049467]}, "properties": {"id": 2205, "price": 849000.0, "city": "Бишкек"}}, {"type": "Feature", "geometry": {"type": "Point", "coordinates": [74.739509, 42.800636]}, "properties": {"id": 2206, "price": 52429000.0, "city": "Бишкек"}}, {"type": "Feature", "geometry": {"type": "Point", "coordinates": [74.602604, 42.835912]}, "properties": {"id": 2207, "price": 2839000.0, "city": "Бишкек"}}, {"type": "Feature", "geometry": {"type": "Point", "coordinates": [74.699057, 42.992029]}, "properties": {"id": 2208, "price": 1537000.0, "city": "Бишкек"}}, {"type": "Feature", "geometry": {"type": "Point", "coordinates": [74.580775, 42.701957]}, "properties": {"id": 2209, "price": 3337000.0, "city": "Бишкек"}}, {"type": "Feature", "geometry": {"type": "Point", "coordinates": [74.38858, 42.755582]}, "properties": {"id": 2210, "price": 817000.0, "city": "Бишкек"}}, {"type": "Feature", "geometry": {"type": "Point", "coordinates": [74.675528, 42.872519]}, "properties": {"id": 2211, "price": 4597000.0, "city": "Бишкек"}}, {"type": "Feature", "geometry": {"type": "Point", "coordinates": [74.475705, 42.945414]}, "properties": {"id": 2212, "price": 6968000.0, "city": "Бишкек"}}, {"type": "Feature", "geometry": {"type": "Point", "coordinates": [74.522065, 43.03042]}, "properties": {"id": 2213, "price": 4230000.0, "city": "Бишкек"}}, {"type": "Feature", "geometry": {"type": "Point", "coordinates": [74.509933, 42.931949]}, "properties": {"id": 2214, "price": 5662000.0, "city": "Бишкек"}}, {"type": "Feature", "geometry": {"type": "Point", "coordinates": [74.654942, 42.78581]}, "properties": {"id": 2215, "price": 5109000.0, "city": "Бишкек"}}, {"type": "Feature", "geometry": {"type": "Point", "coordinates": [74.476458, 42.802317]}, "properties": {"id": 2216, "price": 16437000.0, "city": "Бишкек"}}, {"type": "Feature", "geometry": {"type": "Point", "coordinates": [74.612904, 42.882144]}, "properties": {"id": 2217, "price": 20686000.0, "city": "Бишкек"}}, {"type": "Feature", "geometry": {"type": "Point", "coordinates": [74.377488, 42.784433]}, "properties": {"id": 2218, "price": 22383000.0, "city": "Бишкек"}}, {"type": "Feature", "geometry": {"type": "Point", "coordinates": [74.498602, 43.032309]}, "properties": {"id": 2219, "price": 17828000.0, "city": "Бишкек"}}, {"type": "Feature", "geometry": {"type": "Point", "coordinates": [74.596736, 42.928208]}, "properties": {"id": 2220, "price": 19662000.0, "city": "Бишкек"}}, {"type": "Feature", "geometry": {"type": "Point", "coordinates": [74.675857, 42.83584]}, "properties": {"id": 2221, "price": 8670000.0, "city": "Бишкек"}}, {"type": "Feature", "geometry": {"type": "Point", "coordinates": [74.777957, 43.069422]}, "properties": {"id": 2222, "price": 12530000.0, "city": "Бишкек"}}, {"type": "Feature", "geometry": {"type": "Point", "coordinates": [74.867502, 42.917254]}, "properties": {"id": 2223, "price": 6507000.0, "city": "Бишкек"}}, {"type": "Feature", "geometry": {"type": "Point", "coordinates": [74.591796, 42.841188]}, "properties": {"id": 2224, "price": 18446000.0, "city": "Бишкек"}}, {"type": "Feature", "geometry": {"type": "Point", "coordinates": [74.705833, 42.892575]}, "properties": {"id": 2225, "price": 785000.0, "city": "Бишкек"}}, {"type": "Feature", "geometry": {"type": "Point", "coordinates": [74.445921, 42.797395]}, "properties": {"id": 2226, "price": 1038000.0, "city": "Бишкек"}}, {"type": "Feature", "geometry": {"type": "Point", "coordinates": [74.60548, 42.708679]}, "properties": {"id": 2227, "price": 4498000.0, "city": "Бишкек"}}, {"type": "Feature", "geometry": {"type": "Point", "coordinates": [74.535143, 42.922474]}, "properties": {"id": 2228, "price": 16343000.0, "city": "Бишкек"}}, {"type": "Feature", "geometry": {"type": "Point", "coordinates": [74.598869, 42.931272]}, "properties": {"id": 2229, "price": 8385000.0, "city": "Бишкек"}}, {"type": "Feature", "geometry": {"type": "Point", "coordinates": [74.613042, 42.756302]}, "properties": {"id": 2230, "price": 2598000.0, "city": "Бишкек"}}, {"type": "Feature", "geometry": {"type": "Point", "coordinates": [74.525094, 42.689781]}, "properties": {"id": 2231, "price": 7148000.0, "city": "Бишкек"}}, {"type": "Feature", "geometry": {"type": "Point", "coordinates": [74.715351, 42.817173]}, "properties": {"id": 2232, "price": 13084000.0, "city": "Бишкек"}}, {"type": "Feature", "geometry": {"type": "Point", "coordinates": [74.760841, 43.098732]}, "properties": {"id": 2233, "price": 7890000.0, "city": "Бишкек"}}, {"type": "Feature", "geometry": {"type": "Point", "coordinates": [74.660953, 42.923435]}, "properties": {"id": 2234, "price": 4095000.0, "city": "Бишкек"}}, {"type": "Feature", "geometry": {"type": "Point", "coordinates": [74.679194, 43.025993]}, "properties": {"id": 2235, "price": 7209000.0, "city": "Бишкек"}}, {"type": "Feature", "geometry": {"type": "Point", "coordinates": [74.657856, 42.771867]}, "properties": {"id": 2236, "price": 2141000.0, "city": "Бишкек"}}, {"type": "Feature", "geometry": {"type": "Point", "coordinates": [74.640202, 42.821514]}, "properties": {"id": 2237, "price": 15760000.0, "city": "Бишкек"}}, {"type": "Feature", "geometry": {"type": "Point", "coordinates": [74.628503, 42.919644]}, "properties": {"id": 2238, "price": 2048000.0, "city": "Бишкек"}}, {"type": "Feature", "geometry": {"type": "Point", "coordinates": [74.625807, 42.855008]}, "properties": {"id": 2239, "price": 1900000.0, "city": "Бишкек"}}, {"type": "Feature", "geometry": {"type": "Point", "coordinates": [74.735843, 42.9284]}, "properties": {"id": 2240, "price": 11709000.0, "city": "Бишкек"}}, {"type": "Feature", "geometry": {"type": "Point", "coordinates": [74.477026, 42.829085]}, "properties": {"id": 2241, "price": 1246000.0, "city": "Бишкек"}}, {"type": "Feature", "geometry": {"type": "Point", "coordinates": [74.739807, 42.855754]}, "properties": {"id": 2242, "price": 6951000.0, "city": "Бишкек"}}, {"type": "Feature", "geometry": {"type": "Point", "coordinates": [74.695561, 42.899206]}, "properties": {"id": 2243, "price": 20339000.0, "city": "Бишкек"}}, {"type": "Feature", "geometry": {"type": "Point", "coordinates": [74.561604, 42.938451]}, "properties": {"id": 2244, "price": 3974000.0, "city": "Бишкек"}}, {"type": "Feature", "geometry": {"type": "Point", "coordinates": [74.614062, 42.71377]}, "properties": {"id": 2245, "price": 48106000.0, "city": "Бишкек"}}, {"type": "Feature", "geometry": {"type": "Point", "coordinates": [74.695923, 42.933347]}, "properties": {"id": 2246, "price": 9212000.0, "city": "Бишкек"}}, {"type": "Feature", "geometry": {"type": "Point", "coordinates": [74.632364, 42.821232]}, "properties": {"id": 2247, "price": 4911000.0, "city": "Бишкек"}}, {"type": "Feature", "geometry": {"type": "Point", "coordinates": [74.444793, 42.773658]}, "properties": {"id": 2248, "price": 964000.0, "city": "Бишкек"}}, {"type": "Feature", "geometry": {"type": "Point", "coordinates": [74.409698, 42.922401]}, "properties": {"id": 2249, "price": 2324000.0, "city": "Бишкек"}}, {"type": "Feature", "geometry": {"type": "Point", "coordinates": [74.747911, 42.754046]}, "properties": {"id": 2250, "price": 6844000.0, "city": "Бишкек"}}, {"type": "Feature", "geometry": {"type": "Point", "coordinates": [74.748736, 43.092908]}, "properties": {"id": 2251, "price": 6644000.0, "city": "Бишкек"}}, {"type": "Feature", "geometry": {"type": "Point", "coordinates": [74.478204, 42.68673]}, "properties": {"id": 2252, "price": 2485000.0, "city": "Бишкек"}}, {"type": "Feature", "geometry": {"type": "Point", "coordinates": [74.562041, 42.954723]}, "properties": {"id": 2253, "price": 13171000.0, "city": "Бишкек"}}, {"type": "Feature", "geometry": {"type": "Point", "coordinates": [74.74559, 42.765206]}, "properties": {"id": 2254, "price": 4044000.0, "city": "Бишкек"}}, {"type": "Feature", "geometry": {"type": "Point", "coordinates": [74.581836, 42.849356]}, "properties": {"id": 2255, "price": 2107000.0, "city": "Бишкек"}}, {"type": "Feature", "geometry": {"type": "Point", "coordinates": [74.431482, 42.877413]}, "properties": {"id": 2256, "price": 2689000.0, "city": "Бишкек"}}, {"type": "Feature", "geometry": {"type": "Point", "coordinates": [74.360156, 42.797692]}, "properties": {"id": 2257, "price": 9046000.0, "city": "Бишкек"}}, {"type": "Feature", "geometry": {"type": "Point", "coordinates": [74.684238, 42.922973]}, "properties": {"id": 2258, "price": 26459000.0, "city": "Бишкек"}}, {"type": "Feature", "geometry": {"type": "Point", "coordinates": [74.594325, 42.96793]}, "properties": {"id": 2259, "price": 1030000.0, "city": "Бишкек"}}, {"type": "Feature", "geometry": {"type": "Point", "coordinates": [74.622815, 42.798089]}, "properties": {"id": 2260, "price": 4280000.0, "city": "Бишкек"}}, {"type": "Feature", "geometry": {"type": "Point", "coordinates": [74.715764, 42.773172]}, "properties": {"id": 2261, "price": 898000.0, "city": "Бишкек"}}, {"type": "Feature", "geometry": {"type": "Point", "coordinates": [74.586385, 42.862702]}, "properties": {"id": 2262, "price": 12811000.0, "city": "Бишкек"}}, {"type": "Feature", "geometry": {"type": "Point", "coordinates": [74.751199, 42.699982]}, "properties": {"id": 2263, "price": 1480000.0, "city": "Бишкек"}}, {"type": "Feature", "geometry": {"type": "Point", "coordinates": [74.750529, 42.670603]}, "properties": {"id": 2264, "price": 6411000.0, "city": "Бишкек"}}, {"type": "Feature", "geometry": {"type": "Point", "coordinates": [74.53416, 42.871685]}, "properties": {"id": 2265, "price": 16191000.0, "city": "Бишкек"}}, {"type": "Feature", "geometry": {"type": "Point", "coordinates": [74.507829, 42.775829]}, "properties": {"id": 2266, "price": 10938000.0, "city": "Бишкек"}}, {"type": "Feature", "geometry": {"type": "Point", "coordinates": [74.617666, 42.863215]}, "properties": {"id": 2267, "price": 11488000.0, "city": "Бишкек"}}, {"type": "Feature", "geometry": {"type": "Point", "coordinates": [74.667254, 42.959227]}, "properties": {"id": 2268, "price": 1532000.0, "city": "Бишкек"}}, {"type": "Feature", "geometry": {"type": "Point", "coordinates": [74.569129, 42.885004]}, "properties": {"id": 2269, "price": 6212000.0, "city": "Бишкек"}}, {"type": "Feature", "geometry": {"type": "Point", "coordinates": [74.702719, 42.808944]}, "properties": {"id": 2270, "price": 2356000.0, "city": "Бишкек"}}, {"type": "Feature", "geometry": {"type": "Point", "coordinates": [74.80862, 42.762499]}, "properties": {"id": 2271, "price": 10394000.0, "city": "Бишкек"}}, {"type": "Feature", "geometry": {"type": "Point", "coordinates": [74.570726, 42.951499]}, "properties": {"id": 2272, "price": 39452000.0, "city": "Бишкек"}}, {"type": "Feature", "geometry": {"type": "Point", "coordinates": [74.578617, 42.765945]}, "properties": {"id": 2273, "price": 692000.0, "city": "Бишкек"}}, {"type": "Feature", "geometry": {"type": "Point", "coordinates": [74.6751, 42.968088]}, "properties": {"id": 2274, "price": 4601000.0, "city": "Бишкек"}}, {"type": "Feature", "geometry": {"type": "Point", "coordinates": [74.745155, 42.90111]}, "properties": {"id": 2275, "price": 7682000.0, "city": "Бишкек"}}, {"type": "Feature", "geometry": {"type": "Point", "coordinates": [74.543839, 42.955674]}, "properties": {"id": 2276, "price": 3270000.0, "city": "Бишкек"}}, {"type": "Feature", "geometry": {"type": "Point", "coordinates": [74.779021, 42.692467]}, "properties": {"id": 2277, "price": 4349000.0, "city": "Бишкек"}}, {"type": "Feature", "geometry": {"type": "Point", "coordinates": [74.584704, 42.843139]}, "properties": {"id": 2278, "price": 1572000.0, "city": "Бишкек"}}, {"type": "Feature", "geometry": {"type": "Point", "coordinates": [74.564999, 43.025207]}, "properties": {"id": 2279, "price": 14297000.0, "city": "Бишкек"}}, {"type": "Feature", "geometry": {"type": "Point", "coordinates": [74.57471, 42.806765]}, "properties": {"id": 2280, "price": 9109000.0, "city": "Бишкек"}}, {"type": "Feature", "geometry": {"type": "Point", "coordinates": [74.686773, 42.821586]}, "properties": {"id": 2281, "price": 9974000.0, "city": "Бишкек"}}, {"type": "Feature", "geometry": {"type": "Point", "coordinates": [74.55132, 42.9592]}, "properties": {"id": 2282, "price": 6444000.0, "city": "Бишкек"}}, {"type": "Feature", "geometry": {"type": "Point", "coordinates": [74.694402, 43.005378]}, "properties": {"id": 2283, "price": 6465000.0, "city": "Бишкек"}}, {"type": "Feature", "geometry": {"type": "Point", "coordinates": [74.601363, 42.883665]}, "properties": {"id": 2284, "price": 15166000.0, "city": "Бишкек"}}, {"type": "Feature", "geometry": {"type": "Point", "coordinates": [74.743298, 42.944339]}, "properties": {"id": 2285, "price": 4619000.0, "city": "Бишкек"}}, {"type": "Feature", "geometry": {"type": "Point", "coordinates": [74.847823, 42.854369]}, "properties": {"id": 2286, "price": 16841000.0, "city": "Бишкек"}}, {"type": "Feature", "geometry": {"type": "Point", "coordinates": [74.589018, 42.926801]}, "properties": {"id": 2287, "price": 3737000.0, "city": "Бишкек"}}, {"type": "Feature", "geometry": {"type": "Point", "coordinates": [74.644516, 42.837619]}, "properties": {"id": 2288, "price": 36255000.0, "city": "Бишкек"}}, {"type": "Feature", "geometry": {"type": "Point", "coordinates": [74.603689, 42.873487]}, "properties": {"id": 2289, "price": 7163000.0, "city": "Бишкек"}}, {"type": "Feature", "geometry": {"type": "Point", "coordinates": [74.689092, 42.952188]}, "properties": {"id": 2290, "price": 23898000.0, "city": "Бишкек"}}, {"type": "Feature", "geometry": {"type": "Point", "coordinates": [74.666657, 43.147235]}, "properties": {"id": 2291, "price": 5730000.0, "city": "Бишкек"}}, {"type": "Feature", "geometry": {"type": "Point", "coordinates": [74.661187, 42.958756]}, "properties": {"id": 2292, "price": 2886000.0, "city": "Бишкек"}}, {"type": "Feature", "geometry": {"type": "Point", "coordinates": [74.741287, 42.851439]}, "properties": {"id": 2293, "price": 2553000.0, "city": "Бишкек"}}, {"type": "Feature", "geometry": {"type": "Point", "coordinates": [74.824156, 42.896238]}, "properties": {"id": 2294, "price": 7339000.0, "city": "Бишкек"}}, {"type": "Feature", "geometry": {"type": "Point", "coordinates": [74.566899, 42.737188]}, "properties": {"id": 2295, "price": 5052000.0, "city": "Бишкек"}}, {"type": "Feature", "geometry": {"type": "Point", "coordinates": [74.537298, 42.974739]}, "properties": {"id": 2296, "price": 6825000.0, "city": "Бишкек"}}, {"type": "Feature", "geometry": {"type": "Point", "coordinates": [74.659263, 42.915248]}, "properties": {"id": 2297, "price": 3884000.0, "city": "Бишкек"}}, {"type": "Feature", "geometry": {"type": "Point", "coordinates": [74.508681, 42.804351]}, "properties": {"id": 2298, "price": 7225000.0, "city": "Бишкек"}}, {"type": "Feature", "geometry": {"type": "Point", "coordinates": [74.571804, 42.775226]}, "properties": {"id": 2299, "price": 2089000.0, "city": "Бишкек"}}, {"type": "Feature", "geometry": {"type": "Point", "coordinates": [74.788005, 42.785211]}, "properties": {"id": 2300, "price": 52238000.0, "city": "Бишкек"}}, {"type": "Feature", "geometry": {"type": "Point", "coordinates": [74.727296, 42.962509]}, "properties": {"id": 2301, "price": 5056000.0, "city": "Бишкек"}}, {"type": "Feature", "geometry": {"type": "Point", "coordinates": [74.445316, 42.87837]}, "properties": {"id": 2302, "price": 23988000.0, "city": "Бишкек"}}, {"type": "Feature", "geometry": {"type": "Point", "coordinates": [74.488312, 42.919993]}, "properties": {"id": 2303, "price": 1296000.0, "city": "Бишкек"}}, {"type": "Feature", "geometry": {"type": "Point", "coordinates": [74.549831, 42.908561]}, "properties": {"id": 2304, "price": 4905000.0, "city": "Бишкек"}}, {"type": "Feature", "geometry": {"type": "Point", "coordinates": [74.649973, 42.980688]}, "properties": {"id": 2305, "price": 2922000.0, "city": "Бишкек"}}, {"type": "Feature", "geometry": {"type": "Point", "coordinates": [74.700715, 42.821521]}, "properties": {"id": 2306, "price": 16446000.0, "city": "Бишкек"}}, {"type": "Feature", "geometry": {"type": "Point", "coordinates": [74.611513, 42.862263]}, "properties": {"id": 2307, "price": 4120000.0, "city": "Бишкек"}}, {"type": "Feature", "geometry": {"type": "Point", "coordinates": [74.569076, 43.075797]}, "properties": {"id": 2308, "price": 2612000.0, "city": "Бишкек"}}, {"type": "Feature", "geometry": {"type": "Point", "coordinates": [74.641163, 42.77523]}, "properties": {"id": 2309, "price": 2760000.0, "city": "Бишкек"}}, {"type": "Feature", "geometry": {"type": "Point", "coordinates": [74.596996, 42.883649]}, "properties": {"id": 2310, "price": 1499000.0, "city": "Бишкек"}}, {"type": "Feature", "geometry": {"type": "Point", "coordinates": [74.687571, 42.705429]}, "properties": {"id": 2311, "price": 4675000.0, "city": "Бишкек"}}, {"type": "Feature", "geometry": {"type": "Point", "coordinates": [74.916163, 42.794844]}, "properties": {"id": 2312, "price": 2936000.0, "city": "Бишкек"}}, {"type": "Feature", "geometry": {"type": "Point", "coordinates": [74.662897, 43.009176]}, "properties": {"id": 2313, "price": 17616000.0, "city": "Бишкек"}}, {"type": "Feature", "geometry": {"type": "Point", "coordinates": [74.565831, 42.849917]}, "properties": {"id": 2314, "price": 7887000.0, "city": "Бишкек"}}, {"type": "Feature", "geometry": {"type": "Point", "coordinates": [74.712074, 43.066769]}, "properties": {"id": 2315, "price": 5187000.0, "city": "Бишкек"}}, {"type": "Feature", "geometry": {"type": "Point", "coordinates": [74.757892, 42.979862]}, "properties": {"id": 2316, "price": 6157000.0, "city": "Бишкек"}}, {"type": "Feature", "geometry": {"type": "Point", "coordinates": [74.653332, 42.686605]}, "properties": {"id": 2317, "price": 4301000.0, "city": "Бишкек"}}, {"type": "Feature", "geometry": {"type": "Point", "coordinates": [74.381818, 42.795066]}, "properties": {"id": 2318, "price": 824000.0, "city": "Бишкек"}}, {"type": "Feature", "geometry": {"type": "Point", "coordinates": [74.482142, 42.928547]}, "properties": {"id": 2319, "price": 3139000.0, "city": "Бишкек"}}, {"type": "Feature", "geometry": {"type": "Point", "coordinates": [74.552909, 42.657463]}, "properties": {"id": 2320, "price": 1518000.0, "city": "Бишкек"}}, {"type": "Feature", "geometry": {"type": "Point", "coordinates": [74.609655, 42.821767]}, "properties": {"id": 2321, "price": 6158000.0, "city": "Бишкек"}}, {"type": "Feature", "geometry": {"type": "Point", "coordinates": [74.565684, 42.932199]}, "properties": {"id": 2322, "price": 11563000.0, "city": "Бишкек"}}, {"type": "Feature", "geometry": {"type": "Point", "coordinates": [74.539033, 42.858044]}, "properties": {"id": 2323, "price": 17433000.0, "city": "Бишкек"}}, {"type": "Feature", "geometry": {"type": "Point", "coordinates": [74.63095, 42.729063]}, "properties": {"id": 2324, "price": 2844000.0, "city": "Бишкек"}}, {"type": "Feature", "geometry": {"type": "Point", "coordinates": [74.512901, 42.772212]}, "properties": {"id": 2325, "price": 3517000.0, "city": "Бишкек"}}, {"type": "Feature", "geometry": {"type": "Point", "coordinates": [74.481998, 42.908792]}, "properties": {"id": 2326, "price": 1278000.0, "city": "Бишкек"}}, {"type": "Feature", "geometry": {"type": "Point", "coordinates": [74.647001, 42.847467]}, "properties": {"id": 2327, "price": 4807000.0, "city": "Бишкек"}}, {"type": "Feature", "geometry": {"type": "Point", "coordinates": [74.664654, 42.789979]}, "properties": {"id": 2328, "price": 3110000.0, "city": "Бишкек"}}, {"type": "Feature", "geometry": {"type": "Point", "coordinates": [74.838609, 42.987421]}, "properties": {"id": 2329, "price": 2250000.0, "city": "Бишкек"}}, {"type": "Feature", "geometry": {"type": "Point", "coordinates": [74.550761, 42.935843]}, "properties": {"id": 2330, "price": 52342000.0, "city": "Бишкек"}}, {"type": "Feature", "geometry": {"type": "Point", "coordinates": [74.618295, 42.887511]}, "properties": {"id": 2331, "price": 1962000.0, "city": "Бишкек"}}, {"type": "Feature", "geometry": {"type": "Point", "coordinates": [74.592387, 42.858898]}, "properties": {"id": 2332, "price": 59750000.0, "city": "Бишкек"}}, {"type": "Feature", "geometry": {"type": "Point", "coordinates": [74.474924, 42.888525]}, "properties": {"id": 2333, "price": 3792000.0, "city": "Бишкек"}}, {"type": "Feature", "geometry": {"type": "Point", "coordinates": [74.600282, 42.646368]}, "properties": {"id": 2334, "price": 671000.0, "city": "Бишкек"}}, {"type": "Feature", "geometry": {"type": "Point", "coordinates": [74.73069, 42.891873]}, "properties": {"id": 2335, "price": 2680000.0, "city": "Бишкек"}}, {"type": "Feature", "geometry": {"type": "Point", "coordinates": [74.664723, 42.920781]}, "properties": {"id": 2336, "price": 1127000.0, "city": "Бишкек"}}, {"type": "Feature", "geometry": {"type": "Point", "coordinates": [74.579152, 42.639812]}, "properties": {"id": 2337, "price": 1756000.0, "city": "Бишкек"}}, {"type": "Feature", "geometry": {"type": "Point", "coordinates": [74.700812, 42.847783]}, "properties": {"id": 2338, "price": 4472000.0, "city": "Бишкек"}}, {"type": "Feature", "geometry": {"type": "Point", "coordinates": [74.608667, 42.757625]}, "properties": {"id": 2339, "price": 5000000.0, "city": "Бишкек"}}, {"type": "Feature", "geometry": {"type": "Point", "coordinates": [74.633783, 42.932325]}, "properties": {"id": 2340, "price": 7437000.0, "city": "Бишкек"}}, {"type": "Feature", "geometry": {"type": "Point", "coordinates": [74.592815, 42.972595]}, "properties": {"id": 2341, "price": 6832000.0, "city": "Бишкек"}}, {"type": "Feature", "geometry": {"type": "Point", "coordinates": [74.54511, 43.03924]}, "properties": {"id": 2342, "price": 39513000.0, "city": "Бишкек"}}, {"type": "Feature", "geometry": {"type": "Point", "coordinates": [74.690016, 42.804112]}, "properties": {"id": 2343, "price": 17791000.0, "city": "Бишкек"}}, {"type": "Feature", "geometry": {"type": "Point", "coordinates": [74.51426, 42.779197]}, "properties": {"id": 2344, "price": 5836000.0, "city": "Бишкек"}}, {"type": "Feature", "geometry": {"type": "Point", "coordinates": [74.512777, 42.97533]}, "properties": {"id": 2345, "price": 1001000.0, "city": "Бишкек"}}, {"type": "Feature", "geometry": {"type": "Point", "coordinates": [74.729194, 42.899796]}, "properties": {"id": 2346, "price": 4467000.0, "city": "Бишкек"}}, {"type": "Feature", "geometry": {"type": "Point", "coordinates": [74.678902, 42.74705]}, "properties": {"id": 2347, "price": 34090000.0, "city": "Бишкек"}}, {"type": "Feature", "geometry": {"type": "Point", "coordinates": [74.67407, 42.886378]}, "properties": {"id": 2348, "price": 2498000.0, "city": "Бишкек"}}, {"type": "Feature", "geometry": {"type": "Point", "coordinates": [74.587871, 42.904872]}, "properties": {"id": 2349, "price": 4860000.0, "city": "Бишкек"}}, {"type": "Feature", "geometry": {"type": "Point", "coordinates": [74.621618, 42.824397]}, "properties": {"id": 2350, "price": 626000.0, "city": "Бишкек"}}, {"type": "Feature", "geometry": {"type": "Point", "coordinates": [74.558985, 42.973048]}, "properties": {"id": 2351, "price": 18785000.0, "city": "Бишкек"}}, {"type": "Feature", "geometry": {"type": "Point", "coordinates": [74.52081, 42.837322]}, "properties": {"id": 2352, "price": 5636000.0, "city": "Бишкек"}}, {"type": "Feature", "geometry": {"type": "Point", "coordinates": [74.676623, 42.923237]}, "properties": {"id": 2353, "price": 7417000.0, "city": "Бишкек"}}, {"type": "Feature", "geometry": {"type": "Point", "coordinates": [74.637323, 42.844198]}, "properties": {"id": 2354, "price": 13061000.0, "city": "Бишкек"}}, {"type": "Feature", "geometry": {"type": "Point", "coordinates": [74.615607, 42.787213]}, "properties": {"id": 2355, "price": 1073000.0, "city": "Бишкек"}}, {"type": "Feature", "geometry": {"type": "Point", "coordinates": [74.650421, 42.763478]}, "properties": {"id": 2356, "price": 36849000.0, "city": "Бишкек"}}, {"type": "Feature", "geometry": {"type": "Point", "coordinates": [74.655771, 42.917677]}, "properties": {"id": 2357, "price": 1519000.0, "city": "Бишкек"}}, {"type": "Feature", "geometry": {"type": "Point", "coordinates": [74.539544, 42.836763]}, "properties": {"id": 2358, "price": 7281000.0, "city": "Бишкек"}}, {"type": "Feature", "geometry": {"type": "Point", "coordinates": [74.831859, 42.857944]}, "properties": {"id": 2359, "price": 2620000.0, "city": "Бишкек"}}, {"type": "Feature", "geometry": {"type": "Point", "coordinates": [74.437954, 42.996554]}, "properties": {"id": 2360, "price": 21565000.0, "city": "Бишкек"}}, {"type": "Feature", "geometry": {"type": "Point", "coordinates": [74.588902, 42.844652]}, "properties": {"id": 2361, "price": 2526000.0, "city": "Бишкек"}}, {"type": "Feature", "geometry": {"type": "Point", "coordinates": [74.598795, 42.795587]}, "properties": {"id": 2362, "price": 12804000.0, "city": "Бишкек"}}, {"type": "Feature", "geometry": {"type": "Point", "coordinates": [74.530915, 42.844496]}, "properties": {"id": 2363, "price": 4967000.0, "city": "Бишкек"}}, {"type": "Feature", "geometry": {"type": "Point", "coordinates": [74.575852, 42.770663]}, "properties": {"id": 2364, "price": 19606000.0, "city": "Бишкек"}}, {"type": "Feature", "geometry": {"type": "Point", "coordinates": [74.682154, 42.94147]}, "properties": {"id": 2365, "price": 3146000.0, "city": "Бишкек"}}, {"type": "Feature", "geometry": {"type": "Point", "coordinates": [74.626009, 42.87888]}, "properties": {"id": 2366, "price": 1375000.0, "city": "Бишкек"}}, {"type": "Feature", "geometry": {"type": "Point", "coordinates": [74.571325, 42.775746]}, "properties": {"id": 2367, "price": 1059000.0, "city": "Бишкек"}}, {"type": "Feature", "geometry": {"type": "Point", "coordinates": [74.690619, 42.819322]}, "properties": {"id": 2368, "price": 59583000.0, "city": "Бишкек"}}, {"type": "Feature", "geometry": {"type": "Point", "coordinates": [74.796448, 42.793643]}, "properties": {"id": 2369, "price": 2484000.0, "city": "Бишкек"}}, {"type": "Feature", "geometry": {"type": "Point", "coordinates": [74.798263, 43.030114]}, "properties": {"id": 2370, "price": 1390000.0, "city": "Бишкек"}}, {"type": "Feature", "geometry": {"type": "Point", "coordinates": [74.473256, 42.755552]}, "properties": {"id": 2371, "price": 1009000.0, "city": "Бишкек"}}, {"type": "Feature", "geometry": {"type": "Point", "coordinates": [74.684232, 42.959222]}, "properties": {"id": 2372, "price": 2669000.0, "city": "Бишкек"}}, {"type": "Feature", "geometry": {"type": "Point", "coordinates": [74.616188, 42.665475]}, "properties": {"id": 2373, "price": 36532000.0, "city": "Бишкек"}}, {"type": "Feature", "geometry": {"type": "Point", "coordinates": [74.563935, 42.891369]}, "properties": {"id": 2374, "price": 5889000.0, "city": "Бишкек"}}, {"type": "Feature", "geometry": {"type": "Point", "coordinates": [74.467415, 42.642383]}, "properties": {"id": 2375, "price": 2354000.0, "city": "Бишкек"}}, {"type": "Feature", "geometry": {"type": "Point", "coordinates": [74.62404, 42.951964]}, "properties": {"id": 2376, "price": 799000.0, "city": "Бишкек"}}, {"type": "Feature", "geometry": {"type": "Point", "coordinates": [74.422669, 42.801597]}, "properties": {"id": 2377, "price": 6676000.0, "city": "Бишкек"}}, {"type": "Feature", "geometry": {"type": "Point", "coordinates": [74.623228, 42.913368]}, "properties": {"id": 2378, "price": 22411000.0, "city": "Бишкек"}}, {"type": "Feature", "geometry": {"type": "Point", "coordinates": [74.681751, 42.88035]}, "properties": {"id": 2379, "price": 10255000.0, "city": "Бишкек"}}, {"type": "Feature", "geometry": {"type": "Point", "coordinates": [74.666381, 42.916374]}, "properties": {"id": 2380, "price": 5638000.0, "city": "Бишкек"}}, {"type": "Feature", "geometry": {"type": "Point", "coordinates": [74.7187, 42.743296]}, "properties": {"id": 2381, "price": 1690000.0, "city": "Бишкек"}}, {"type": "Feature", "geometry": {"type": "Point", "coordinates": [74.679427, 42.972195]}, "properties": {"id": 2382, "price": 28751000.0, "city": "Бишкек"}}, {"type": "Feature", "geometry": {"type": "Point", "coordinates": [74.434255, 43.079941]}, "properties": {"id": 2383, "price": 14162000.0, "city": "Бишкек"}}, {"type": "Feature", "geometry": {"type": "Point", "coordinates": [74.6243, 42.811216]}, "properties": {"id": 2384, "price": 994000.0, "city": "Бишкек"}}, {"type": "Feature", "geometry": {"type": "Point", "coordinates": [74.54124, 43.063659]}, "properties": {"id": 2385, "price": 3736000.0, "city": "Бишкек"}}, {"type": "Feature", "geometry": {"type": "Point", "coordinates": [74.729977, 42.758581]}, "properties": {"id": 2386, "price": 2746000.0, "city": "Бишкек"}}, {"type": "Feature", "geometry": {"type": "Point", "coordinates": [74.621482, 42.896824]}, "properties": {"id": 2387, "price": 5263000.0, "city": "Бишкек"}}, {"type": "Feature", "geometry": {"type": "Point", "coordinates": [74.589845, 43.102254]}, "properties": {"id": 2388, "price": 1636000.0, "city": "Бишкек"}}, {"type": "Feature", "geometry": {"type": "Point", "coordinates": [74.681252, 42.970425]}, "properties": {"id": 2389, "price": 3266000.0, "city": "Бишкек"}}, {"type": "Feature", "geometry": {"type": "Point", "coordinates": [74.605782, 42.919516]}, "properties": {"id": 2390, "price": 6660000.0, "city": "Бишкек"}}, {"type": "Feature", "geometry": {"type": "Point", "coordinates": [74.538433, 42.913605]}, "properties": {"id": 2391, "price": 5970000.0, "city": "Бишкек"}}, {"type": "Feature", "geometry": {"type": "Point", "coordinates": [74.497548, 42.853055]}, "properties": {"id": 2392, "price": 6406000.0, "city": "Бишкек"}}, {"type": "Feature", "geometry": {"type": "Point", "coordinates": [74.458996, 42.673606]}, "properties": {"id": 2393, "price": 728000.0, "city": "Бишкек"}}, {"type": "Feature", "geometry": {"type": "Point", "coordinates": [74.688906, 42.892094]}, "properties": {"id": 2394, "price": 842000.0, "city": "Бишкек"}}, {"type": "Feature", "geometry": {"type": "Point", "coordinates": [74.632702, 43.012233]}, "properties": {"id": 2395, "price": 12703000.0, "city": "Бишкек"}}, {"type": "Feature", "geometry": {"type": "Point", "coordinates": [74.743059, 42.971323]}, "properties": {"id": 2396, "price": 11219000.0, "city": "Бишкек"}}, {"type": "Feature", "geometry": {"type": "Point", "coordinates": [74.660423, 43.043374]}, "properties": {"id": 2397, "price": 1291000.0, "city": "Бишкек"}}, {"type": "Feature", "geometry": {"type": "Point", "coordinates": [74.478381, 42.782033]}, "properties": {"id": 2398, "price": 1808000.0, "city": "Бишкек"}}, {"type": "Feature", "geometry": {"type": "Point", "coordinates": [74.577349, 42.76625]}, "properties": {"id": 2399, "price": 2776000.0, "city": "Бишкек"}}, {"type": "Feature", "geometry": {"type": "Point", "coordinates": [74.618416, 42.961383]}, "properties": {"id": 2400, "price": 1050000.0, "city": "Бишкек"}}, {"type": "Feature", "geometry": {"type": "Point", "coordinates": [74.65692, 42.842053]}, "properties": {"id": 2401, "price": 1739000.0, "city": "Бишкек"}}, {"type": "Feature", "geometry": {"type": "Point", "coordinates": [74.580696, 42.9286]}, "properties": {"id": 2402, "price": 785000.0, "city": "Бишкек"}}, {"type": "Feature", "geometry": {"type": "Point", "coordinates": [74.527923, 42.697806]}, "properties": {"id": 2403, "price": 7848000.0, "city": "Бишкек"}}, {"type": "Feature", "geometry": {"type": "Point", "coordinates": [74.511885, 42.816829]}, "properties": {"id": 2404, "price": 863000.0, "city": "Бишкек"}}, {"type": "Feature", "geometry": {"type": "Point", "coordinates": [74.666518, 42.757117]}, "properties": {"id": 2405, "price": 53414000.0, "city": "Бишкек"}}, {"type": "Feature", "geometry": {"type": "Point", "coordinates": [74.552449, 42.865033]}, "properties": {"id": 2406, "price": 825000.0, "city": "Бишкек"}}, {"type": "Feature", "geometry": {"type": "Point", "coordinates": [74.557285, 43.028336]}, "properties": {"id": 2407, "price": 6674000.0, "city": "Бишкек"}}, {"type": "Feature", "geometry": {"type": "Point", "coordinates": [74.68918, 42.869656]}, "properties": {"id": 2408, "price": 4821000.0, "city": "Бишкек"}}, {"type": "Feature", "geometry": {"type": "Point", "coordinates": [74.705117, 42.882536]}, "properties": {"id": 2409, "price": 18696000.0, "city": "Бишкек"}}, {"type": "Feature", "geometry": {"type": "Point", "coordinates": [74.642471, 42.679726]}, "properties": {"id": 2410, "price": 43830000.0, "city": "Бишкек"}}, {"type": "Feature", "geometry": {"type": "Point", "coordinates": [74.727743, 42.973611]}, "properties": {"id": 2411, "price": 8249000.0, "city": "Бишкек"}}, {"type": "Feature", "geometry": {"type": "Point", "coordinates": [74.807395, 42.848242]}, "properties": {"id": 2412, "price": 3708000.0, "city": "Бишкек"}}, {"type": "Feature", "geometry": {"type": "Point", "coordinates": [74.537347, 42.87562]}, "properties": {"id": 2413, "price": 19679000.0, "city": "Бишкек"}}, {"type": "Feature", "geometry": {"type": "Point", "coordinates": [74.507383, 43.002246]}, "properties": {"id": 2414, "price": 2892000.0, "city": "Бишкек"}}, {"type": "Feature", "geometry": {"type": "Point", "coordinates": [74.445242, 42.676021]}, "properties": {"id": 2415, "price": 16146000.0, "city": "Бишкек"}}, {"type": "Feature", "geometry": {"type": "Point", "coordinates": [74.70025, 42.809967]}, "properties": {"id": 2416, "price": 41076000.0, "city": "Бишкек"}}, {"type": "Feature", "geometry": {"type": "Point", "coordinates": [74.59772, 43.024669]}, "properties": {"id": 2417, "price": 12692000.0, "city": "Бишкек"}}, {"type": "Feature", "geometry": {"type": "Point", "coordinates": [74.334805, 43.033299]}, "properties": {"id": 2418, "price": 699000.0, "city": "Бишкек"}}, {"type": "Feature", "geometry": {"type": "Point", "coordinates": [74.521224, 42.863062]}, "properties": {"id": 2419, "price": 5167000.0, "city": "Бишкек"}}, {"type": "Feature", "geometry": {"type": "Point", "coordinates": [74.360055, 42.947807]}, "properties": {"id": 2420, "price": 11461000.0, "city": "Бишкек"}}, {"type": "Feature", "geometry": {"type": "Point", "coordinates": [74.727602, 42.852187]}, "properties": {"id": 2421, "price": 5332000.0, "city": "Бишкек"}}, {"type": "Feature", "geometry": {"type": "Point", "coordinates": [74.765204, 43.085827]}, "properties": {"id": 2422, "price": 6322000.0, "city": "Бишкек"}}, {"type": "Feature", "geometry": {"type": "Point", "coordinates": [74.584927, 42.952427]}, "properties": {"id": 2423, "price": 8187000.0, "city": "Бишкек"}}, {"type": "Feature", "geometry": {"type": "Point", "coordinates": [74.691087, 42.895359]}, "properties": {"id": 2424, "price": 3266000.0, "city": "Бишкек"}}, {"type": "Feature", "geometry": {"type": "Point", "coordinates": [74.575751, 42.974225]}, "properties": {"id": 2425, "price": 3003000.0, "city": "Бишкек"}}, {"type": "Feature", "geometry": {"type": "Point", "coordinates": [74.611364, 42.967453]}, "properties": {"id": 2426, "price": 2662000.0, "city": "Бишкек"}}, {"type": "Feature", "geometry": {"type": "Point", "coordinates": [74.525373, 42.727095]}, "properties": {"id": 2427, "price": 806000.0, "city": "Бишкек"}}, {"type": "Feature", "geometry": {"type": "Point", "coordinates": [74.655782, 42.999904]}, "properties": {"id": 2428, "price": 1125000.0, "city": "Бишкек"}}, {"type": "Feature", "geometry": {"type": "Point", "coordinates": [74.519938, 42.890298]}, "properties": {"id": 2429, "price": 15645000.0, "city": "Бишкек"}}, {"type": "Feature", "geometry": {"type": "Point", "coordinates": [74.381408, 42.996681]}, "properties": {"id": 2430, "price": 1227000.0, "city": "Бишкек"}}, {"type": "Feature", "geometry": {"type": "Point", "coordinates": [74.5845, 42.956303]}, "properties": {"id": 2431, "price": 6395000.0, "city": "Бишкек"}}, {"type": "Feature", "geometry": {"type": "Point", "coordinates": [74.554412, 42.992598]}, "properties": {"id": 2432, "price": 3998000.0, "city": "Бишкек"}}, {"type": "Feature", "geometry": {"type": "Point", "coordinates": [74.695856, 42.970324]}, "properties": {"id": 2433, "price": 805000.0, "city": "Бишкек"}}, {"type": "Feature", "geometry": {"type": "Point", "coordinates": [74.48367, 42.817376]}, "properties": {"id": 2434, "price": 4880000.0, "city": "Бишкек"}}, {"type": "Feature", "geometry": {"type": "Point", "coordinates": [74.688419, 42.799258]}, "properties": {"id": 2435, "price": 1661000.0, "city": "Бишкек"}}, {"type": "Feature", "geometry": {"type": "Point", "coordinates": [74.521724, 43.09011]}, "properties": {"id": 2436, "price": 13621000.0, "city": "Бишкек"}}, {"type": "Feature", "geometry": {"type": "Point", "coordinates": [74.518343, 42.920457]}, "properties": {"id": 2437, "price": 3138000.0, "city": "Бишкек"}}, {"type": "Feature", "geometry": {"type": "Point", "coordinates": [74.377901, 42.783687]}, "properties": {"id": 2438, "price": 6779000.0, "city": "Бишкек"}}, {"type": "Feature", "geometry": {"type": "Point", "coordinates": [74.548616, 42.818395]}, "properties": {"id": 2439, "price": 1829000.0, "city": "Бишкек"}}, {"type": "Feature", "geometry": {"type": "Point", "coordinates": [74.69945, 42.964381]}, "properties": {"id": 2440, "price": 4467000.0, "city": "Бишкек"}}, {"type": "Feature", "geometry": {"type": "Point", "coordinates": [74.615547, 42.77479]}, "properties": {"id": 2441, "price": 3030000.0, "city": "Бишкек"}}, {"type": "Feature", "geometry": {"type": "Point", "coordinates": [74.68425, 42.683856]}, "properties": {"id": 2442, "price": 3272000.0, "city": "Бишкек"}}, {"type": "Feature", "geometry": {"type": "Point", "coordinates": [74.789415, 42.938015]}, "properties": {"id": 2443, "price": 4667000.0, "city": "Бишкек"}}, {"type": "Feature", "geometry": {"type": "Point", "coordinates": [74.680023, 42.922203]}, "properties": {"id": 2444, "price": 4657000.0, "city": "Бишкек"}}, {"type": "Feature", "geometry": {"type": "Point", "coordinates": [74.764585, 42.935893]}, "properties": {"id": 2445, "price": 6697000.0, "city": "Бишкек"}}, {"type": "Feature", "geometry": {"type": "Point", "coordinates": [74.676224, 42.896754]}, "properties": {"id": 2446, "price": 2377000.0, "city": "Бишкек"}}, {"type": "Feature", "geometry": {"type": "Point", "coordinates": [74.541095, 42.876698]}, "properties": {"id": 2447, "price": 7261000.0, "city": "Бишкек"}}, {"type": "Feature", "geometry": {"type": "Point", "coordinates": [74.585073, 42.956522]}, "properties": {"id": 2448, "price": 20258000.0, "city": "Бишкек"}}, {"type": "Feature", "geometry": {"type": "Point", "coordinates": [74.460301, 42.889002]}, "properties": {"id": 2449, "price": 600000.0, "city": "Бишкек"}}, {"type": "Feature", "geometry": {"type": "Point", "coordinates": [74.571828, 42.843773]}, "properties": {"id": 2450, "price": 1090000.0, "city": "Бишкек"}}, {"type": "Feature", "geometry": {"type": "Point", "coordinates": [74.425658, 42.905658]}, "properties": {"id": 2451, "price": 3278000.0, "city": "Бишкек"}}, {"type": "Feature", "geometry": {"type": "Point", "coordinates": [74.685631, 42.945147]}, "properties": {"id": 2452, "price": 52811000.0, "city": "Бишкек"}}, {"type": "Feature", "geometry": {"type": "Point", "coordinates": [74.68075, 42.769121]}, "properties": {"id": 2453, "price": 16176000.0, "city": "Бишкек"}}, {"type": "Feature", "geometry": {"type": "Point", "coordinates": [74.700069, 42.767447]}, "properties": {"id": 2454, "price": 6181000.0, "city": "Бишкек"}}, {"type": "Feature", "geometry": {"type": "Point", "coordinates": [74.685781, 43.044074]}, "properties": {"id": 2455, "price": 3854000.0, "city": "Бишкек"}}, {"type": "Feature", "geometry": {"type": "Point", "coordinates": [74.605615, 42.748982]}, "properties": {"id": 2456, "price": 4450000.0, "city": "Бишкек"}}, {"type": "Feature", "geometry": {"type": "Point", "coordinates": [74.486977, 42.654947]}, "properties": {"id": 2457, "price": 6338000.0, "city": "Бишкек"}}, {"type": "Feature", "geometry": {"type": "Point", "coordinates": [74.492289, 42.972299]}, "properties": {"id": 2458, "price": 1601000.0, "city": "Бишкек"}}, {"type": "Feature", "geometry": {"type": "Point", "coordinates": [74.590988, 42.885436]}, "properties": {"id": 2459, "price": 5821000.0, "city": "Бишкек"}}, {"type": "Feature", "geometry": {"type": "Point", "coordinates": [74.696923, 42.880476]}, "properties": {"id": 2460, "price": 7466000.0, "city": "Бишкек"}}, {"type": "Feature", "geometry": {"type": "Point", "coordinates": [74.590666, 42.85441]}, "properties": {"id": 2461, "price": 58512000.0, "city": "Бишкек"}}, {"type": "Feature", "geometry": {"type": "Point", "coordinates": [74.455199, 42.906695]}, "properties": {"id": 2462, "price": 2956000.0, "city": "Бишкек"}}, {"type": "Feature", "geometry": {"type": "Point", "coordinates": [74.488903, 43.02801]}, "properties": {"id": 2463, "price": 4744000.0, "city": "Бишкек"}}, {"type": "Feature", "geometry": {"type": "Point", "coordinates": [74.585168, 42.77881]}, "properties": {"id": 2464, "price": 2174000.0, "city": "Бишкек"}}, {"type": "Feature", "geometry": {"type": "Point", "coordinates": [74.517011, 43.002436]}, "properties": {"id": 2465, "price": 2316000.0, "city": "Бишкек"}}, {"type": "Feature", "geometry": {"type": "Point", "coordinates": [74.630659, 42.795966]}, "properties": {"id": 2466, "price": 11635000.0, "city": "Бишкек"}}, {"type": "Feature", "geometry": {"type": "Point", "coordinates": [74.437188, 43.01225]}, "properties": {"id": 2467, "price": 4883000.0, "city": "Бишкек"}}, {"type": "Feature", "geometry": {"type": "Point", "coordinates": [74.467822, 42.900498]}, "properties": {"id": 2468, "price": 7637000.0, "city": "Бишкек"}}, {"type": "Feature", "geometry": {"type": "Point", "coordinates": [74.631601, 42.754057]}, "properties": {"id": 2469, "price": 1378000.0, "city": "Бишкек"}}, {"type": "Feature", "geometry": {"type": "Point", "coordinates": [74.701063, 42.848901]}, "properties": {"id": 2470, "price": 5019000.0, "city": "Бишкек"}}, {"type": "Feature", "geometry": {"type": "Point", "coordinates": [74.799949, 42.929055]}, "properties": {"id": 2471, "price": 832000.0, "city": "Бишкек"}}, {"type": "Feature", "geometry": {"type": "Point", "coordinates": [74.795448, 43.019006]}, "properties": {"id": 2472, "price": 6800000.0, "city": "Бишкек"}}, {"type": "Feature", "geometry": {"type": "Point", "coordinates": [74.792783, 42.853317]}, "properties": {"id": 2473, "price": 10839000.0, "city": "Бишкек"}}, {"type": "Feature", "geometry": {"type": "Point", "coordinates": [74.662176, 42.838192]}, "properties": {"id": 2474, "price": 17070000.0, "city": "Бишкек"}}, {"type": "Feature", "geometry": {"type": "Point", "coordinates": [74.580227, 42.892163]}, "properties": {"id": 2475, "price": 3572000.0, "city": "Бишкек"}}, {"type": "Feature", "geometry": {"type": "Point", "coordinates": [74.63443, 42.842673]}, "properties": {"id": 2476, "price": 15278000.0, "city": "Бишкек"}}, {"type": "Feature", "geometry": {"type": "Point", "coordinates": [74.734523, 42.683656]}, "properties": {"id": 2477, "price": 2277000.0, "city": "Бишкек"}}, {"type": "Feature", "geometry": {"type": "Point", "coordinates": [74.396636, 43.083157]}, "properties": {"id": 2478, "price": 3999000.0, "city": "Бишкек"}}, {"type": "Feature", "geometry": {"type": "Point", "coordinates": [74.610518, 42.981861]}, "properties": {"id": 2479, "price": 1083000.0, "city": "Бишкек"}}, {"type": "Feature", "geometry": {"type": "Point", "coordinates": [74.708411, 43.030697]}, "properties": {"id": 2480, "price": 10308000.0, "city": "Бишкек"}}, {"type": "Feature", "geometry": {"type": "Point", "coordinates": [74.489686, 42.805119]}, "properties": {"id": 2481, "price": 4018000.0, "city": "Бишкек"}}, {"type": "Feature", "geometry": {"type": "Point", "coordinates": [74.690087, 42.677911]}, "properties": {"id": 2482, "price": 5040000.0, "city": "Бишкек"}}, {"type": "Feature", "geometry": {"type": "Point", "coordinates": [74.575195, 42.863449]}, "properties": {"id": 2483, "price": 2352000.0, "city": "Бишкек"}}, {"type": "Feature", "geometry": {"type": "Point", "coordinates": [74.733733, 42.798527]}, "properties": {"id": 2484, "price": 7162000.0, "city": "Бишкек"}}, {"type": "Feature", "geometry": {"type": "Point", "coordinates": [74.509787, 42.826117]}, "properties": {"id": 2485, "price": 6092000.0, "city": "Бишкек"}}, {"type": "Feature", "geometry": {"type": "Point", "coordinates": [74.561392, 42.854963]}, "properties": {"id": 2486, "price": 1626000.0, "city": "Бишкек"}}, {"type": "Feature", "geometry": {"type": "Point", "coordinates": [74.584899, 42.90152]}, "properties": {"id": 2487, "price": 2478000.0, "city": "Бишкек"}}, {"type": "Feature", "geometry": {"type": "Point", "coordinates": [74.597251, 42.922414]}, "properties": {"id": 2488, "price": 2044000.0, "city": "Бишкек"}}, {"type": "Feature", "geometry": {"type": "Point", "coordinates": [74.577528, 42.936813]}, "properties": {"id": 2489, "price": 56891000.0, "city": "Бишкек"}}, {"type": "Feature", "geometry": {"type": "Point", "coordinates": [74.610847, 43.030475]}, "properties": {"id": 2490, "price": 2692000.0, "city": "Бишкек"}}, {"type": "Feature", "geometry": {"type": "Point", "coordinates": [74.650837, 42.866754]}, "properties": {"id": 2491, "price": 7266000.0, "city": "Бишкек"}}, {"type": "Feature", "geometry": {"type": "Point", "coordinates": [74.719305, 42.825679]}, "properties": {"id": 2492, "price": 3283000.0, "city": "Бишкек"}}, {"type": "Feature", "geometry": {"type": "Point", "coordinates": [74.596502, 42.828732]}, "properties": {"id": 2493, "price": 7587000.0, "city": "Бишкек"}}, {"type": "Feature", "geometry": {"type": "Point", "coordinates": [74.610179, 42.89919]}, "properties": {"id": 2494, "price": 1226000.0, "city": "Бишкек"}}, {"type": "Feature", "geometry": {"type": "Point", "coordinates": [74.526024, 43.021279]}, "properties": {"id": 2495, "price": 1913000.0, "city": "Бишкек"}}, {"type": "Feature", "geometry": {"type": "Point", "coordinates": [74.589224, 42.648639]}, "properties": {"id": 2496, "price": 7391000.0, "city": "Бишкек"}}, {"type": "Feature", "geometry": {"type": "Point", "coordinates": [74.615712, 42.913353]}, "properties": {"id": 2497, "price": 56173000.0, "city": "Бишкек"}}, {"type": "Feature", "geometry": {"type": "Point", "coordinates": [74.562721, 42.711615]}, "properties": {"id": 2498, "price": 2955000.0, "city": "Бишкек"}}, {"type": "Feature", "geometry": {"type": "Point", "coordinates": [74.740598, 42.832799]}, "properties": {"id": 2499, "price": 3403000.0, "city": "Бишкек"}}, {"type": "Feature", "geometry": {"type": "Point", "coordinates": [74.382654, 42.797737]}, "properties": {"id": 2500, "price": 700000.0, "city": "Бишкек"}}, {"type": "Feature", "geometry": {"type": "Point", "coordinates": [74.72827, 42.901005]}, "properties": {"id": 2501, "price": 5158000.0, "city": "Бишкек"}}, {"type": "Feature", "geometry": {"type": "Point", "coordinates": [74.548061, 43.058465]}, "properties": {"id": 2502, "price": 20858000.0, "city": "Бишкек"}}, {"type": "Feature", "geometry": {"type": "Point", "coordinates": [74.774245, 42.93335]}, "properties": {"id": 2503, "price": 14410000.0, "city": "Бишкек"}}, {"type": "Feature", "geometry": {"type": "Point", "coordinates": [74.708897, 42.758152]}, "properties": {"id": 2504, "price": 14630000.0, "city": "Бишкек"}}, {"type": "Feature", "geometry": {"type": "Point", "coordinates": [74.773496, 42.929417]}, "properties": {"id": 2505, "price": 5149000.0, "city": "Бишкек"}}, {"type": "Feature", "geometry": {"type": "Point", "coordinates": [74.563404, 42.898759]}, "properties": {"id": 2506, "price": 7486000.0, "city": "Бишкек"}}, {"type": "Feature", "geometry": {"type": "Point", "coordinates": [74.707374, 42.864114]}, "properties": {"id": 2507, "price": 1648000.0, "city": "Бишкек"}}, {"type": "Feature", "geometry": {"type": "Point", "coordinates": [74.680105, 42.900466]}, "properties": {"id": 2508, "price": 4136000.0, "city": "Бишкек"}}, {"type": "Feature", "geometry": {"type": "Point", "coordinates": [74.608879, 42.665234]}, "properties": {"id": 2509, "price": 14817000.0, "city": "Бишкек"}}, {"type": "Feature", "geometry": {"type": "Point", "coordinates": [74.629499, 42.873614]}, "properties": {"id": 2510, "price": 17751000.0, "city": "Бишкек"}}, {"type": "Feature", "geometry": {"type": "Point", "coordinates": [74.658341, 42.898702]}, "properties": {"id": 2511, "price": 705000.0, "city": "Бишкек"}}, {"type": "Feature", "geometry": {"type": "Point", "coordinates": [74.52667, 42.992841]}, "properties": {"id": 2512, "price": 1302000.0, "city": "Бишкек"}}, {"type": "Feature", "geometry": {"type": "Point", "coordinates": [74.522506, 42.804006]}, "properties": {"id": 2513, "price": 784000.0, "city": "Бишкек"}}, {"type": "Feature", "geometry": {"type": "Point", "coordinates": [74.612043, 42.999859]}, "properties": {"id": 2514, "price": 6676000.0, "city": "Бишкек"}}, {"type": "Feature", "geometry": {"type": "Point", "coordinates": [74.473928, 43.048401]}, "properties": {"id": 2515, "price": 2312000.0, "city": "Бишкек"}}, {"type": "Feature", "geometry": {"type": "Point", "coordinates": [74.774617, 42.811973]}, "properties": {"id": 2516, "price": 2169000.0, "city": "Бишкек"}}, {"type": "Feature", "geometry": {"type": "Point", "coordinates": [74.53441, 42.861353]}, "properties": {"id": 2517, "price": 5517000.0, "city": "Бишкек"}}, {"type": "Feature", "geometry": {"type": "Point", "coordinates": [74.814751, 42.946085]}, "properties": {"id": 2518, "price": 15462000.0, "city": "Бишкек"}}, {"type": "Feature", "geometry": {"type": "Point", "coordinates": [74.599648, 42.94089]}, "properties": {"id": 2519, "price": 2942000.0, "city": "Бишкек"}}, {"type": "Feature", "geometry": {"type": "Point", "coordinates": [74.632278, 43.037958]}, "properties": {"id": 2520, "price": 1494000.0, "city": "Бишкек"}}, {"type": "Feature", "geometry": {"type": "Point", "coordinates": [74.634616, 42.824007]}, "properties": {"id": 2521, "price": 47934000.0, "city": "Бишкек"}}, {"type": "Feature", "geometry": {"type": "Point", "coordinates": [74.547508, 42.785667]}, "properties": {"id": 2522, "price": 1797000.0, "city": "Бишкек"}}, {"type": "Feature", "geometry": {"type": "Point", "coordinates": [74.691099, 42.89159]}, "properties": {"id": 2523, "price": 7136000.0, "city": "Бишкек"}}, {"type": "Feature", "geometry": {"type": "Point", "coordinates": [74.681965, 42.91556]}, "properties": {"id": 2524, "price": 5477000.0, "city": "Бишкек"}}, {"type": "Feature", "geometry": {"type": "Point", "coordinates": [74.67633, 42.799773]}, "properties": {"id": 2525, "price": 1094000.0, "city": "Бишкек"}}, {"type": "Feature", "geometry": {"type": "Point", "coordinates": [74.654732, 42.971922]}, "properties": {"id": 2526, "price": 1332000.0, "city": "Бишкек"}}, {"type": "Feature", "geometry": {"type": "Point", "coordinates": [74.522876, 42.850736]}, "properties": {"id": 2527, "price": 2061000.0, "city": "Бишкек"}}, {"type": "Feature", "geometry": {"type": "Point", "coordinates": [74.789386, 42.733866]}, "properties": {"id": 2528, "price": 52410000.0, "city": "Бишкек"}}, {"type": "Feature", "geometry": {"type": "Point", "coordinates": [74.470671, 42.783583]}, "properties": {"id": 2529, "price": 2590000.0, "city": "Бишкек"}}, {"type": "Feature", "geometry": {"type": "Point", "coordinates": [74.515508, 42.917111]}, "properties": {"id": 2530, "price": 16825000.0, "city": "Бишкек"}}, {"type": "Feature", "geometry": {"type": "Point", "coordinates": [74.657229, 42.891492]}, "properties": {"id": 2531, "price": 6606000.0, "city": "Бишкек"}}, {"type": "Feature", "geometry": {"type": "Point", "coordinates": [74.52572, 42.696745]}, "properties": {"id": 2532, "price": 38540000.0, "city": "Бишкек"}}, {"type": "Feature", "geometry": {"type": "Point", "coordinates": [74.495837, 42.817501]}, "properties": {"id": 2533, "price": 3813000.0, "city": "Бишкек"}}, {"type": "Feature", "geometry": {"type": "Point", "coordinates": [74.490664, 42.986888]}, "properties": {"id": 2534, "price": 25275000.0, "city": "Бишкек"}}, {"type": "Feature", "geometry": {"type": "Point", "coordinates": [74.790682, 42.891679]}, "properties": {"id": 2535, "price": 23421000.0, "city": "Бишкек"}}, {"type": "Feature", "geometry": {"type": "Point", "coordinates": [74.612253, 42.999711]}, "properties": {"id": 2536, "price": 1547000.0, "city": "Бишкек"}}, {"type": "Feature", "geometry": {"type": "Point", "coordinates": [74.541338, 42.811692]}, "properties": {"id": 2537, "price": 6912000.0, "city": "Бишкек"}}, {"type": "Feature", "geometry": {"type": "Point", "coordinates": [74.662788, 42.747436]}, "properties": {"id": 2538, "price": 1964000.0, "city": "Бишкек"}}, {"type": "Feature", "geometry": {"type": "Point", "coordinates": [74.578384, 42.945318]}, "properties": {"id": 2539, "price": 1711000.0, "city": "Бишкек"}}, {"type": "Feature", "geometry": {"type": "Point", "coordinates": [74.508007, 42.915922]}, "properties": {"id": 2540, "price": 39208000.0, "city": "Бишкек"}}, {"type": "Feature", "geometry": {"type": "Point", "coordinates": [74.651356, 42.816455]}, "properties": {"id": 2541, "price": 2853000.0, "city": "Бишкек"}}, {"type": "Feature", "geometry": {"type": "Point", "coordinates": [74.589492, 43.010001]}, "properties": {"id": 2542, "price": 754000.0, "city": "Бишкек"}}, {"type": "Feature", "geometry": {"type": "Point", "coordinates": [74.684956, 43.028721]}, "properties": {"id": 2543, "price": 2686000.0, "city": "Бишкек"}}, {"type": "Feature", "geometry": {"type": "Point", "coordinates": [74.710555, 42.975741]}, "properties": {"id": 2544, "price": 2083000.0, "city": "Бишкек"}}, {"type": "Feature", "geometry": {"type": "Point", "coordinates": [74.659131, 42.889712]}, "properties": {"id": 2545, "price": 2243000.0, "city": "Бишкек"}}, {"type": "Feature", "geometry": {"type": "Point", "coordinates": [74.696512, 42.773425]}, "properties": {"id": 2546, "price": 2322000.0, "city": "Бишкек"}}, {"type": "Feature", "geometry": {"type": "Point", "coordinates": [74.759128, 42.933643]}, "properties": {"id": 2547, "price": 1218000.0, "city": "Бишкек"}}, {"type": "Feature", "geometry": {"type": "Point", "coordinates": [74.526346, 42.696847]}, "properties": {"id": 2548, "price": 6592000.0, "city": "Бишкек"}}, {"type": "Feature", "geometry": {"type": "Point", "coordinates": [74.537342, 42.819795]}, "properties": {"id": 2549, "price": 1665000.0, "city": "Бишкек"}}, {"type": "Feature", "geometry": {"type": "Point", "coordinates": [74.538828, 42.869504]}, "properties": {"id": 2550, "price": 1491000.0, "city": "Бишкек"}}, {"type": "Feature", "geometry": {"type": "Point", "coordinates": [74.65794, 42.78152]}, "properties": {"id": 2551, "price": 7379000.0, "city": "Бишкек"}}, {"type": "Feature", "geometry": {"type": "Point", "coordinates": [74.667543, 42.944197]}, "properties": {"id": 2552, "price": 12020000.0, "city": "Бишкек"}}, {"type": "Feature", "geometry": {"type": "Point", "coordinates": [74.490445, 42.953882]}, "properties": {"id": 2553, "price": 7868000.0, "city": "Бишкек"}}, {"type": "Feature", "geometry": {"type": "Point", "coordinates": [74.569598, 42.833617]}, "properties": {"id": 2554, "price": 2833000.0, "city": "Бишкек"}}, {"type": "Feature", "geometry": {"type": "Point", "coordinates": [74.631546, 42.862639]}, "properties": {"id": 2555, "price": 7040000.0, "city": "Бишкек"}}, {"type": "Feature", "geometry": {"type": "Point", "coordinates": [74.438353, 42.862789]}, "properties": {"id": 2556, "price": 5907000.0, "city": "Бишкек"}}, {"type": "Feature", "geometry": {"type": "Point", "coordinates": [74.573447, 42.93236]}, "properties": {"id": 2557, "price": 8391000.0, "city": "Бишкек"}}, {"type": "Feature", "geometry": {"type": "Point", "coordinates": [74.597642, 42.777729]}, "properties": {"id": 2558, "price": 23138000.0, "city": "Бишкек"}}, {"type": "Feature", "geometry": {"type": "Point", "coordinates": [74.819266, 42.983922]}, "properties": {"id": 2559, "price": 1808000.0, "city": "Бишкек"}}, {"type": "Feature", "geometry": {"type": "Point", "coordinates": [74.499676, 42.817765]}, "properties": {"id": 2560, "price": 6665000.0, "city": "Бишкек"}}, {"type": "Feature", "geometry": {"type": "Point", "coordinates": [74.682696, 42.774422]}, "properties": {"id": 2561, "price": 1734000.0, "city": "Бишкек"}}, {"type": "Feature", "geometry": {"type": "Point", "coordinates": [74.505615, 42.858097]}, "properties": {"id": 2562, "price": 2606000.0, "city": "Бишкек"}}, {"type": "Feature", "geometry": {"type": "Point", "coordinates": [74.592206, 42.946678]}, "properties": {"id": 2563, "price": 2442000.0, "city": "Бишкек"}}, {"type": "Feature", "geometry": {"type": "Point", "coordinates": [74.540838, 42.958725]}, "properties": {"id": 2564, "price": 9385000.0, "city": "Бишкек"}}, {"type": "Feature", "geometry": {"type": "Point", "coordinates": [74.621335, 43.036808]}, "properties": {"id": 2565, "price": 12343000.0, "city": "Бишкек"}}, {"type": "Feature", "geometry": {"type": "Point", "coordinates": [74.541237, 42.969754]}, "properties": {"id": 2566, "price": 46133000.0, "city": "Бишкек"}}, {"type": "Feature", "geometry": {"type": "Point", "coordinates": [74.526027, 42.807567]}, "properties": {"id": 2567, "price": 5847000.0, "city": "Бишкек"}}, {"type": "Feature", "geometry": {"type": "Point", "coordinates": [74.636205, 42.828765]}, "properties": {"id": 2568, "price": 6882000.0, "city": "Бишкек"}}, {"type": "Feature", "geometry": {"type": "Point", "coordinates": [74.501334, 42.947308]}, "properties": {"id": 2569, "price": 1225000.0, "city": "Бишкек"}}, {"type": "Feature", "geometry": {"type": "Point", "coordinates": [74.592265, 42.959072]}, "properties": {"id": 2570, "price": 1610000.0, "city": "Бишкек"}}, {"type": "Feature", "geometry": {"type": "Point", "coordinates": [74.742475, 42.860837]}, "properties": {"id": 2571, "price": 6863000.0, "city": "Бишкек"}}, {"type": "Feature", "geometry": {"type": "Point", "coordinates": [74.777537, 42.754273]}, "properties": {"id": 2572, "price": 890000.0, "city": "Бишкек"}}, {"type": "Feature", "geometry": {"type": "Point", "coordinates": [74.601524, 43.001331]}, "properties": {"id": 2573, "price": 49714000.0, "city": "Бишкек"}}, {"type": "Feature", "geometry": {"type": "Point", "coordinates": [74.630656, 42.893383]}, "properties": {"id": 2574, "price": 6450000.0, "city": "Бишкек"}}, {"type": "Feature", "geometry": {"type": "Point", "coordinates": [74.665385, 42.871232]}, "properties": {"id": 2575, "price": 19023000.0, "city": "Бишкек"}}, {"type": "Feature", "geometry": {"type": "Point", "coordinates": [74.689323, 42.821661]}, "properties": {"id": 2576, "price": 5785000.0, "city": "Бишкек"}}, {"type": "Feature", "geometry": {"type": "Point", "coordinates": [74.600288, 42.825684]}, "properties": {"id": 2577, "price": 18780000.0, "city": "Бишкек"}}, {"type": "Feature", "geometry": {"type": "Point", "coordinates": [74.495977, 42.799319]}, "properties": {"id": 2578, "price": 21810000.0, "city": "Бишкек"}}, {"type": "Feature", "geometry": {"type": "Point", "coordinates": [74.605585, 42.781192]}, "properties": {"id": 2579, "price": 5044000.0, "city": "Бишкек"}}, {"type": "Feature", "geometry": {"type": "Point", "coordinates": [74.431809, 42.933521]}, "properties": {"id": 2580, "price": 1745000.0, "city": "Бишкек"}}, {"type": "Feature", "geometry": {"type": "Point", "coordinates": [74.654421, 42.922252]}, "properties": {"id": 2581, "price": 18996000.0, "city": "Бишкек"}}, {"type": "Feature", "geometry": {"type": "Point", "coordinates": [74.650762, 42.858377]}, "properties": {"id": 2582, "price": 15123000.0, "city": "Бишкек"}}, {"type": "Feature", "geometry": {"type": "Point", "coordinates": [74.513172, 42.980222]}, "properties": {"id": 2583, "price": 5193000.0, "city": "Бишкек"}}, {"type": "Feature", "geometry": {"type": "Point", "coordinates": [74.479211, 42.867351]}, "properties": {"id": 2584, "price": 23876000.0, "city": "Бишкек"}}, {"type": "Feature", "geometry": {"type": "Point", "coordinates": [74.585424, 42.961934]}, "properties": {"id": 2585, "price": 7487000.0, "city": "Бишкек"}}, {"type": "Feature", "geometry": {"type": "Point", "coordinates": [74.44316, 42.781907]}, "properties": {"id": 2586, "price": 4614000.0, "city": "Бишкек"}}, {"type": "Feature", "geometry": {"type": "Point", "coordinates": [74.586014, 42.931563]}, "properties": {"id": 2587, "price": 2554000.0, "city": "Бишкек"}}, {"type": "Feature", "geometry": {"type": "Point", "coordinates": [74.583173, 42.575048]}, "properties": {"id": 2588, "price": 1846000.0, "city": "Бишкек"}}, {"type": "Feature", "geometry": {"type": "Point", "coordinates": [74.489066, 42.811726]}, "properties": {"id": 2589, "price": 1283000.0, "city": "Бишкек"}}, {"type": "Feature", "geometry": {"type": "Point", "coordinates": [74.671013, 42.92883]}, "properties": {"id": 2590, "price": 7427000.0, "city": "Бишкек"}}, {"type": "Feature", "geometry": {"type": "Point", "coordinates": [74.558693, 43.091586]}, "properties": {"id": 2591, "price": 50139000.0, "city": "Бишкек"}}, {"type": "Feature", "geometry": {"type": "Point", "coordinates": [74.744027, 42.806925]}, "properties": {"id": 2592, "price": 1096000.0, "city": "Бишкек"}}, {"type": "Feature", "geometry": {"type": "Point", "coordinates": [74.700972, 42.732338]}, "properties": {"id": 2593, "price": 2766000.0, "city": "Бишкек"}}, {"type": "Feature", "geometry": {"type": "Point", "coordinates": [74.73285, 42.843507]}, "properties": {"id": 2594, "price": 8080000.0, "city": "Бишкек"}}, {"type": "Feature", "geometry": {"type": "Point", "coordinates": [74.623524, 42.854749]}, "properties": {"id": 2595, "price": 2860000.0, "city": "Бишкек"}}, {"type": "Feature", "geometry": {"type": "Point", "coordinates": [74.465854, 42.804422]}, "properties": {"id": 2596, "price": 7155000.0, "city": "Бишкек"}}, {"type": "Feature", "geometry": {"type": "Point", "coordinates": [74.598773, 42.920879]}, "properties": {"id": 2597, "price": 18137000.0, "city": "Бишкек"}}, {"type": "Feature", "geometry": {"type": "Point", "coordinates": [74.512221, 42.911017]}, "properties": {"id": 2598, "price": 2675000.0, "city": "Бишкек"}}, {"type": "Feature", "geometry": {"type": "Point", "coordinates": [74.774244, 42.867547]}, "properties": {"id": 2599, "price": 1449000.0, "city": "Бишкек"}}, {"type": "Feature", "geometry": {"type": "Point", "coordinates": [74.768306, 42.959232]}, "properties": {"id": 2600, "price": 11925000.0, "city": "Бишкек"}}, {"type": "Feature", "geometry": {"type": "Point", "coordinates": [74.531891, 42.871035]}, "properties": {"id": 2601, "price": 5564000.0, "city": "Бишкек"}}, {"type": "Feature", "geometry": {"type": "Point", "coordinates": [74.638692, 42.720208]}, "properties": {"id": 2602, "price": 2819000.0, "city": "Бишкек"}}, {"type": "Feature", "geometry": {"type": "Point", "coordinates": [74.400134, 42.968947]}, "properties": {"id": 2603, "price": 11810000.0, "city": "Бишкек"}}, {"type": "Feature", "geometry": {"type": "Point", "coordinates": [74.692142, 42.751101]}, "properties": {"id": 2604, "price": 8428000.0, "city": "Бишкек"}}, {"type": "Feature", "geometry": {"type": "Point", "coordinates": [74.603804, 42.865137]}, "properties": {"id": 2605, "price": 1503000.0, "city": "Бишкек"}}, {"type": "Feature", "geometry": {"type": "Point", "coordinates": [74.752352, 42.822307]}, "properties": {"id": 2606, "price": 963000.0, "city": "Бишкек"}}, {"type": "Feature", "geometry": {"type": "Point", "coordinates": [74.67573, 42.72488]}, "properties": {"id": 2607, "price": 1077000.0, "city": "Бишкек"}}, {"type": "Feature", "geometry": {"type": "Point", "coordinates": [74.786706, 42.701978]}, "properties": {"id": 2608, "price": 16993000.0, "city": "Бишкек"}}, {"type": "Feature", "geometry": {"type": "Point", "coordinates": [74.64951, 42.87535]}, "properties": {"id": 2609, "price": 4043000.0, "city": "Бишкек"}}, {"type": "Feature", "geometry": {"type": "Point", "coordinates": [74.657624, 42.968237]}, "properties": {"id": 2610, "price": 1513000.0, "city": "Бишкек"}}, {"type": "Feature", "geometry": {"type": "Point", "coordinates": [74.489045, 42.802911]}, "properties": {"id": 2611, "price": 6285000.0, "city": "Бишкек"}}, {"type": "Feature", "geometry": {"type": "Point", "coordinates": [74.648138, 42.951052]}, "properties": {"id": 2612, "price": 1301000.0, "city": "Бишкек"}}, {"type": "Feature", "geometry": {"type": "Point", "coordinates": [74.434475, 42.891332]}, "properties": {"id": 2613, "price": 4786000.0, "city": "Бишкек"}}, {"type": "Feature", "geometry": {"type": "Point", "coordinates": [74.567463, 42.879978]}, "properties": {"id": 2614, "price": 2714000.0, "city": "Бишкек"}}, {"type": "Feature", "geometry": {"type": "Point", "coordinates": [74.614765, 42.792341]}, "properties": {"id": 2615, "price": 33016000.0, "city": "Бишкек"}}, {"type": "Feature", "geometry": {"type": "Point", "coordinates": [74.586253, 42.832308]}, "properties": {"id": 2616, "price": 4595000.0, "city": "Бишкек"}}, {"type": "Feature", "geometry": {"type": "Point", "coordinates": [74.729047, 42.97572]}, "properties": {"id": 2617, "price": 17284000.0, "city": "Бишкек"}}, {"type": "Feature", "geometry": {"type": "Point", "coordinates": [74.432404, 42.893034]}, "properties": {"id": 2618, "price": 5060000.0, "city": "Бишкек"}}, {"type": "Feature", "geometry": {"type": "Point", "coordinates": [74.620076, 42.957147]}, "properties": {"id": 2619, "price": 7449000.0, "city": "Бишкек"}}, {"type": "Feature", "geometry": {"type": "Point", "coordinates": [74.619454, 42.83993]}, "properties": {"id": 2620, "price": 11139000.0, "city": "Бишкек"}}, {"type": "Feature", "geometry": {"type": "Point", "coordinates": [74.571123, 42.965396]}, "properties": {"id": 2621, "price": 4993000.0, "city": "Бишкек"}}, {"type": "Feature", "geometry": {"type": "Point", "coordinates": [74.679563, 42.833243]}, "properties": {"id": 2622, "price": 12078000.0, "city": "Бишкек"}}, {"type": "Feature", "geometry": {"type": "Point", "coordinates": [74.648051, 42.796543]}, "properties": {"id": 2623, "price": 5863000.0, "city": "Бишкек"}}, {"type": "Feature", "geometry": {"type": "Point", "coordinates": [74.646228, 42.933427]}, "properties": {"id": 2624, "price": 7739000.0, "city": "Бишкек"}}, {"type": "Feature", "geometry": {"type": "Point", "coordinates": [74.544481, 42.816168]}, "properties": {"id": 2625, "price": 3100000.0, "city": "Бишкек"}}, {"type": "Feature", "geometry": {"type": "Point", "coordinates": [74.580935, 42.697247]}, "properties": {"id": 2626, "price": 2291000.0, "city": "Бишкек"}}, {"type": "Feature", "geometry": {"type": "Point", "coordinates": [74.757549, 42.785189]}, "properties": {"id": 2627, "price": 6275000.0, "city": "Бишкек"}}, {"type": "Feature", "geometry": {"type": "Point", "coordinates": [74.518027, 42.863515]}, "properties": {"id": 2628, "price": 977000.0, "city": "Бишкек"}}, {"type": "Feature", "geometry": {"type": "Point", "coordinates": [74.418966, 42.830515]}, "properties": {"id": 2629, "price": 2523000.0, "city": "Бишкек"}}, {"type": "Feature", "geometry": {"type": "Point", "coordinates": [74.688172, 42.826823]}, "properties": {"id": 2630, "price": 2360000.0, "city": "Бишкек"}}, {"type": "Feature", "geometry": {"type": "Point", "coordinates": [74.637405, 42.864623]}, "properties": {"id": 2631, "price": 2857000.0, "city": "Бишкек"}}, {"type": "Feature", "geometry": {"type": "Point", "coordinates": [74.69275, 42.935095]}, "properties": {"id": 2632, "price": 3785000.0, "city": "Бишкек"}}, {"type": "Feature", "geometry": {"type": "Point", "coordinates": [74.589225, 42.943154]}, "properties": {"id": 2633, "price": 10968000.0, "city": "Бишкек"}}, {"type": "Feature", "geometry": {"type": "Point", "coordinates": [74.604974, 42.925467]}, "properties": {"id": 2634, "price": 15863000.0, "city": "Бишкек"}}, {"type": "Feature", "geometry": {"type": "Point", "coordinates": [74.723744, 42.995181]}, "properties": {"id": 2635, "price": 804000.0, "city": "Бишкек"}}, {"type": "Feature", "geometry": {"type": "Point", "coordinates": [74.755294, 42.946258]}, "properties": {"id": 2636, "price": 12985000.0, "city": "Бишкек"}}, {"type": "Feature", "geometry": {"type": "Point", "coordinates": [74.799724, 42.892019]}, "properties": {"id": 2637, "price": 3759000.0, "city": "Бишкек"}}, {"type": "Feature", "geometry": {"type": "Point", "coordinates": [74.596476, 42.697917]}, "properties": {"id": 2638, "price": 2054000.0, "city": "Бишкек"}}, {"type": "Feature", "geometry": {"type": "Point", "coordinates": [74.578512, 42.956382]}, "properties": {"id": 2639, "price": 3117000.0, "city": "Бишкек"}}, {"type": "Feature", "geometry": {"type": "Point", "coordinates": [74.602069, 42.941136]}, "properties": {"id": 2640, "price": 2175000.0, "city": "Бишкек"}}, {"type": "Feature", "geometry": {"type": "Point", "coordinates": [74.530562, 42.88943]}, "properties": {"id": 2641, "price": 2921000.0, "city": "Бишкек"}}, {"type": "Feature", "geometry": {"type": "Point", "coordinates": [74.505612, 42.831625]}, "properties": {"id": 2642, "price": 41328000.0, "city": "Бишкек"}}, {"type": "Feature", "geometry": {"type": "Point", "coordinates": [74.61283, 42.893224]}, "properties": {"id": 2643, "price": 4968000.0, "city": "Бишкек"}}, {"type": "Feature", "geometry": {"type": "Point", "coordinates": [74.524538, 42.96479]}, "properties": {"id": 2644, "price": 1138000.0, "city": "Бишкек"}}, {"type": "Feature", "geometry": {"type": "Point", "coordinates": [74.711619, 42.858976]}, "properties": {"id": 2645, "price": 1488000.0, "city": "Бишкек"}}, {"type": "Feature", "geometry": {"type": "Point", "coordinates": [74.479856, 42.819144]}, "properties": {"id": 2646, "price": 2543000.0, "city": "Бишкек"}}, {"type": "Feature", "geometry": {"type": "Point", "coordinates": [74.656461, 42.867823]}, "properties": {"id": 2647, "price": 2676000.0, "city": "Бишкек"}}, {"type": "Feature", "geometry": {"type": "Point", "coordinates": [74.536508, 42.879452]}, "properties": {"id": 2648, "price": 2080000.0, "city": "Бишкек"}}, {"type": "Feature", "geometry": {"type": "Point", "coordinates": [74.454173, 42.901143]}, "properties": {"id": 2649, "price": 4162000.0, "city": "Бишкек"}}, {"type": "Feature", "geometry": {"type": "Point", "coordinates": [74.620519, 42.798847]}, "properties": {"id": 2650, "price": 1411000.0, "city": "Бишкек"}}, {"type": "Feature", "geometry": {"type": "Point", "coordinates": [74.66369, 42.946046]}, "properties": {"id": 2651, "price": 5033000.0, "city": "Бишкек"}}, {"type": "Feature", "geometry": {"type": "Point", "coordinates": [74.765238, 42.87996]}, "properties": {"id": 2652, "price": 17536000.0, "city": "Бишкек"}}, {"type": "Feature", "geometry": {"type": "Point", "coordinates": [74.529077, 42.850117]}, "properties": {"id": 2653, "price": 4609000.0, "city": "Бишкек"}}, {"type": "Feature", "geometry": {"type": "Point", "coordinates": [74.58148, 42.758389]}, "properties": {"id": 2654, "price": 19913000.0, "city": "Бишкек"}}, {"type": "Feature", "geometry": {"type": "Point", "coordinates": [74.653279, 42.897668]}, "properties": {"id": 2655, "price": 4878000.0, "city": "Бишкек"}}, {"type": "Feature", "geometry": {"type": "Point", "coordinates": [74.614773, 42.815183]}, "properties": {"id": 2656, "price": 9994000.0, "city": "Бишкек"}}, {"type": "Feature", "geometry": {"type": "Point", "coordinates": [74.365178, 42.976736]}, "properties": {"id": 2657, "price": 1618000.0, "city": "Бишкек"}}, {"type": "Feature", "geometry": {"type": "Point", "coordinates": [74.698341, 43.032987]}, "properties": {"id": 2658, "price": 6745000.0, "city": "Бишкек"}}, {"type": "Feature", "geometry": {"type": "Point", "coordinates": [74.515608, 42.84516]}, "properties": {"id": 2659, "price": 1645000.0, "city": "Бишкек"}}, {"type": "Feature", "geometry": {"type": "Point", "coordinates": [74.550245, 43.091798]}, "properties": {"id": 2660, "price": 5612000.0, "city": "Бишкек"}}, {"type": "Feature", "geometry": {"type": "Point", "coordinates": [74.539931, 42.810805]}, "properties": {"id": 2661, "price": 3708000.0, "city": "Бишкек"}}, {"type": "Feature", "geometry": {"type": "Point", "coordinates": [74.545284, 42.864754]}, "properties": {"id": 2662, "price": 6572000.0, "city": "Бишкек"}}, {"type": "Feature", "geometry": {"type": "Point", "coordinates": [74.536693, 42.86536]}, "properties": {"id": 2663, "price": 7681000.0, "city": "Бишкек"}}, {"type": "Feature", "geometry": {"type": "Point", "coordinates": [74.755329, 42.804012]}, "properties": {"id": 2664, "price": 9624000.0, "city": "Бишкек"}}, {"type": "Feature", "geometry": {"type": "Point", "coordinates": [74.426334, 42.845905]}, "properties": {"id": 2665, "price": 1599000.0, "city": "Бишкек"}}, {"type": "Feature", "geometry": {"type": "Point", "coordinates": [74.634033, 42.904789]}, "properties": {"id": 2666, "price": 32474000.0, "city": "Бишкек"}}, {"type": "Feature", "geometry": {"type": "Point", "coordinates": [74.670941, 43.016853]}, "properties": {"id": 2667, "price": 4655000.0, "city": "Бишкек"}}, {"type": "Feature", "geometry": {"type": "Point", "coordinates": [74.716476, 42.916728]}, "properties": {"id": 2668, "price": 1441000.0, "city": "Бишкек"}}, {"type": "Feature", "geometry": {"type": "Point", "coordinates": [74.545503, 42.848601]}, "properties": {"id": 2669, "price": 7639000.0, "city": "Бишкек"}}, {"type": "Feature", "geometry": {"type": "Point", "coordinates": [74.583677, 43.057811]}, "properties": {"id": 2670, "price": 15014000.0, "city": "Бишкек"}}, {"type": "Feature", "geometry": {"type": "Point", "coordinates": [74.564168, 43.006065]}, "properties": {"id": 2671, "price": 4274000.0, "city": "Бишкек"}}, {"type": "Feature", "geometry": {"type": "Point", "coordinates": [74.470285, 42.837194]}, "properties": {"id": 2672, "price": 966000.0, "city": "Бишкек"}}, {"type": "Feature", "geometry": {"type": "Point", "coordinates": [74.602374, 42.794144]}, "properties": {"id": 2673, "price": 846000.0, "city": "Бишкек"}}, {"type": "Feature", "geometry": {"type": "Point", "coordinates": [74.650829, 42.747284]}, "properties": {"id": 2674, "price": 11962000.0, "city": "Бишкек"}}, {"type": "Feature", "geometry": {"type": "Point", "coordinates": [74.630637, 42.741942]}, "properties": {"id": 2675, "price": 2538000.0, "city": "Бишкек"}}, {"type": "Feature", "geometry": {"type": "Point", "coordinates": [74.714831, 42.767132]}, "properties": {"id": 2676, "price": 3840000.0, "city": "Бишкек"}}, {"type": "Feature", "geometry": {"type": "Point", "coordinates": [74.674755, 42.580588]}, "properties": {"id": 2677, "price": 2528000.0, "city": "Бишкек"}}, {"type": "Feature", "geometry": {"type": "Point", "coordinates": [74.648539, 42.922366]}, "properties": {"id": 2678, "price": 11880000.0, "city": "Бишкек"}}, {"type": "Feature", "geometry": {"type": "Point", "coordinates": [74.638191, 42.854688]}, "properties": {"id": 2679, "price": 5198000.0, "city": "Бишкек"}}, {"type": "Feature", "geometry": {"type": "Point", "coordinates": [74.566814, 42.79803]}, "properties": {"id": 2680, "price": 3586000.0, "city": "Бишкек"}}, {"type": "Feature", "geometry": {"type": "Point", "coordinates": [74.521733, 42.838686]}, "properties": {"id": 2681, "price": 5372000.0, "city": "Бишкек"}}, {"type": "Feature", "geometry": {"type": "Point", "coordinates": [74.566225, 42.987066]}, "properties": {"id": 2682, "price": 7416000.0, "city": "Бишкек"}}, {"type": "Feature", "geometry": {"type": "Point", "coordinates": [74.748702, 42.665914]}, "properties": {"id": 2683, "price": 53344000.0, "city": "Бишкек"}}, {"type": "Feature", "geometry": {"type": "Point", "coordinates": [74.566171, 42.688811]}, "properties": {"id": 2684, "price": 5450000.0, "city": "Бишкек"}}, {"type": "Feature", "geometry": {"type": "Point", "coordinates": [74.649061, 42.727059]}, "properties": {"id": 2685, "price": 5177000.0, "city": "Бишкек"}}, {"type": "Feature", "geometry": {"type": "Point", "coordinates": [74.599105, 42.893064]}, "properties": {"id": 2686, "price": 5330000.0, "city": "Бишкек"}}, {"type": "Feature", "geometry": {"type": "Point", "coordinates": [74.534442, 42.733076]}, "properties": {"id": 2687, "price": 1944000.0, "city": "Бишкек"}}, {"type": "Feature", "geometry": {"type": "Point", "coordinates": [74.848974, 42.871476]}, "properties": {"id": 2688, "price": 3895000.0, "city": "Бишкек"}}, {"type": "Feature", "geometry": {"type": "Point", "coordinates": [74.611982, 42.859953]}, "properties": {"id": 2689, "price": 5630000.0, "city": "Бишкек"}}, {"type": "Feature", "geometry": {"type": "Point", "coordinates": [74.698359, 42.877641]}, "properties": {"id": 2690, "price": 1485000.0, "city": "Бишкек"}}, {"type": "Feature", "geometry": {"type": "Point", "coordinates": [74.60687, 43.100168]}, "properties": {"id": 2691, "price": 3168000.0, "city": "Бишкек"}}, {"type": "Feature", "geometry": {"type": "Point", "coordinates": [74.594378, 42.987349]}, "properties": {"id": 2692, "price": 2269000.0, "city": "Бишкек"}}, {"type": "Feature", "geometry": {"type": "Point", "coordinates": [74.609526, 43.014685]}, "properties": {"id": 2693, "price": 52933000.0, "city": "Бишкек"}}, {"type": "Feature", "geometry": {"type": "Point", "coordinates": [74.761762, 42.701005]}, "properties": {"id": 2694, "price": 45290000.0, "city": "Бишкек"}}, {"type": "Feature", "geometry": {"type": "Point", "coordinates": [74.499149, 42.881498]}, "properties": {"id": 2695, "price": 17007000.0, "city": "Бишкек"}}, {"type": "Feature", "geometry": {"type": "Point", "coordinates": [74.622053, 42.84849]}, "properties": {"id": 2696, "price": 2746000.0, "city": "Бишкек"}}, {"type": "Feature", "geometry": {"type": "Point", "coordinates": [74.705489, 43.008571]}, "properties": {"id": 2697, "price": 9580000.0, "city": "Бишкек"}}, {"type": "Feature", "geometry": {"type": "Point", "coordinates": [74.443003, 42.96821]}, "properties": {"id": 2698, "price": 2130000.0, "city": "Бишкек"}}, {"type": "Feature", "geometry": {"type": "Point", "coordinates": [74.654062, 42.891886]}, "properties": {"id": 2699, "price": 7917000.0, "city": "Бишкек"}}, {"type": "Feature", "geometry": {"type": "Point", "coordinates": [74.659605, 43.004181]}, "properties": {"id": 2700, "price": 2609000.0, "city": "Бишкек"}}, {"type": "Feature", "geometry": {"type": "Point", "coordinates": [74.662688, 42.803459]}, "properties": {"id": 2701, "price": 18869000.0, "city": "Бишкек"}}, {"type": "Feature", "geometry": {"type": "Point", "coordinates": [74.406777, 42.749872]}, "properties": {"id": 2702, "price": 7703000.0, "city": "Бишкек"}}, {"type": "Feature", "geometry": {"type": "Point", "coordinates": [74.455713, 42.983595]}, "properties": {"id": 2703, "price": 3325000.0, "city": "Бишкек"}}, {"type": "Feature", "geometry": {"type": "Point", "coordinates": [74.665802, 42.769477]}, "properties": {"id": 2704, "price": 9008000.0, "city": "Бишкек"}}, {"type": "Feature", "geometry": {"type": "Point", "coordinates": [74.536936, 42.902555]}, "properties": {"id": 2705, "price": 1813000.0, "city": "Бишкек"}}, {"type": "Feature", "geometry": {"type": "Point", "coordinates": [74.689329, 43.021314]}, "properties": {"id": 2706, "price": 8039000.0, "city": "Бишкек"}}, {"type": "Feature", "geometry": {"type": "Point", "coordinates": [74.598376, 42.9665]}, "properties": {"id": 2707, "price": 1964000.0, "city": "Бишкек"}}, {"type": "Feature", "geometry": {"type": "Point", "coordinates": [74.56941, 42.752649]}, "properties": {"id": 2708, "price": 3581000.0, "city": "Бишкек"}}, {"type": "Feature", "geometry": {"type": "Point", "coordinates": [74.748438, 42.961735]}, "properties": {"id": 2709, "price": 2019000.0, "city": "Бишкек"}}, {"type": "Feature", "geometry": {"type": "Point", "coordinates": [74.778886, 42.838182]}, "properties": {"id": 2710, "price": 10610000.0, "city": "Бишкек"}}, {"type": "Feature", "geometry": {"type": "Point", "coordinates": [74.583171, 42.903801]}, "properties": {"id": 2711, "price": 10961000.0, "city": "Бишкек"}}, {"type": "Feature", "geometry": {"type": "Point", "coordinates": [74.686976, 42.752245]}, "properties": {"id": 2712, "price": 27643000.0, "city": "Бишкек"}}, {"type": "Feature", "geometry": {"type": "Point", "coordinates": [74.614155, 42.821267]}, "properties": {"id": 2713, "price": 2294000.0, "city": "Бишкек"}}, {"type": "Feature", "geometry": {"type": "Point", "coordinates": [74.636246, 42.924079]}, "properties": {"id": 2714, "price": 1142000.0, "city": "Бишкек"}}, {"type": "Feature", "geometry": {"type": "Point", "coordinates": [74.690665, 43.066569]}, "properties": {"id": 2715, "price": 1308000.0, "city": "Бишкек"}}, {"type": "Feature", "geometry": {"type": "Point", "coordinates": [74.586835, 42.800425]}, "properties": {"id": 2716, "price": 5893000.0, "city": "Бишкек"}}, {"type": "Feature", "geometry": {"type": "Point", "coordinates": [74.528804, 42.991132]}, "properties": {"id": 2717, "price": 6155000.0, "city": "Бишкек"}}, {"type": "Feature", "geometry": {"type": "Point", "coordinates": [74.62564, 42.850771]}, "properties": {"id": 2718, "price": 12628000.0, "city": "Бишкек"}}, {"type": "Feature", "geometry": {"type": "Point", "coordinates": [74.545362, 42.858354]}, "properties": {"id": 2719, "price": 12163000.0, "city": "Бишкек"}}, {"type": "Feature", "geometry": {"type": "Point", "coordinates": [74.678811, 42.709124]}, "properties": {"id": 2720, "price": 2279000.0, "city": "Бишкек"}}, {"type": "Feature", "geometry": {"type": "Point", "coordinates": [74.424044, 42.870148]}, "properties": {"id": 2721, "price": 9089000.0, "city": "Бишкек"}}, {"type": "Feature", "geometry": {"type": "Point", "coordinates": [74.623527, 42.798144]}, "properties": {"id": 2722, "price": 3157000.0, "city": "Бишкек"}}, {"type": "Feature", "geometry": {"type": "Point", "coordinates": [74.721951, 42.971724]}, "properties": {"id": 2723, "price": 936000.0, "city": "Бишкек"}}, {"type": "Feature", "geometry": {"type": "Point", "coordinates": [74.529701, 42.824528]}, "properties": {"id": 2724, "price": 5942000.0, "city": "Бишкек"}}, {"type": "Feature", "geometry": {"type": "Point", "coordinates": [74.76415, 42.907414]}, "properties": {"id": 2725, "price": 7347000.0, "city": "Бишкек"}}, {"type": "Feature", "geometry": {"type": "Point", "coordinates": [74.716681, 42.879789]}, "properties": {"id": 2726, "price": 2155000.0, "city": "Бишкек"}}, {"type": "Feature", "geometry": {"type": "Point", "coordinates": [74.790878, 43.004774]}, "properties": {"id": 2727, "price": 1720000.0, "city": "Бишкек"}}, {"type": "Feature", "geometry": {"type": "Point", "coordinates": [74.620388, 42.893907]}, "properties": {"id": 2728, "price": 13477000.0, "city": "Бишкек"}}, {"type": "Feature", "geometry": {"type": "Point", "coordinates": [74.51729, 42.825513]}, "properties": {"id": 2729, "price": 7170000.0, "city": "Бишкек"}}, {"type": "Feature", "geometry": {"type": "Point", "coordinates": [74.610636, 42.971247]}, "properties": {"id": 2730, "price": 2229000.0, "city": "Бишкек"}}, {"type": "Feature", "geometry": {"type": "Point", "coordinates": [74.529789, 43.127299]}, "properties": {"id": 2731, "price": 17158000.0, "city": "Бишкек"}}, {"type": "Feature", "geometry": {"type": "Point", "coordinates": [74.708792, 42.805221]}, "properties": {"id": 2732, "price": 6870000.0, "city": "Бишкек"}}, {"type": "Feature", "geometry": {"type": "Point", "coordinates": [74.7092, 42.845745]}, "properties": {"id": 2733, "price": 1829000.0, "city": "Бишкек"}}, {"type": "Feature", "geometry": {"type": "Point", "coordinates": [74.79651, 42.776796]}, "properties": {"id": 2734, "price": 57714000.0, "city": "Бишкек"}}, {"type": "Feature", "geometry": {"type": "Point", "coordinates": [74.697472, 43.128662]}, "properties": {"id": 2735, "price": 9559000.0, "city": "Бишкек"}}, {"type": "Feature", "geometry": {"type": "Point", "coordinates": [74.485636, 43.094409]}, "properties": {"id": 2736, "price": 32371000.0, "city": "Бишкек"}}, {"type": "Feature", "geometry": {"type": "Point", "coordinates": [74.630049, 42.69566]}, "properties": {"id": 2737, "price": 3827000.0, "city": "Бишкек"}}, {"type": "Feature", "geometry": {"type": "Point", "coordinates": [74.668692, 42.874899]}, "properties": {"id": 2738, "price": 11615000.0, "city": "Бишкек"}}, {"type": "Feature", "geometry": {"type": "Point", "coordinates": [74.676443, 42.910116]}, "properties": {"id": 2739, "price": 816000.0, "city": "Бишкек"}}, {"type": "Feature", "geometry": {"type": "Point", "coordinates": [74.617228, 43.026456]}, "properties": {"id": 2740, "price": 12491000.0, "city": "Бишкек"}}, {"type": "Feature", "geometry": {"type": "Point", "coordinates": [74.521187, 42.887644]}, "properties": {"id": 2741, "price": 6434000.0, "city": "Бишкек"}}, {"type": "Feature", "geometry": {"type": "Point", "coordinates": [74.542328, 42.665037]}, "properties": {"id": 2742, "price": 7157000.0, "city": "Бишкек"}}, {"type": "Feature", "geometry": {"type": "Point", "coordinates": [74.56611, 42.711277]}, "properties": {"id": 2743, "price": 908000.0, "city": "Бишкек"}}, {"type": "Feature", "geometry": {"type": "Point", "coordinates": [74.616583, 42.82124]}, "properties": {"id": 2744, "price": 18776000.0, "city": "Бишкек"}}, {"type": "Feature", "geometry": {"type": "Point", "coordinates": [74.680945, 42.728011]}, "properties": {"id": 2745, "price": 4969000.0, "city": "Бишкек"}}, {"type": "Feature", "geometry": {"type": "Point", "coordinates": [74.716425, 42.924976]}, "properties": {"id": 2746, "price": 15037000.0, "city": "Бишкек"}}, {"type": "Feature", "geometry": {"type": "Point", "coordinates": [74.636429, 43.009394]}, "properties": {"id": 2747, "price": 12430000.0, "city": "Бишкек"}}, {"type": "Feature", "geometry": {"type": "Point", "coordinates": [74.512593, 43.031881]}, "properties": {"id": 2748, "price": 6758000.0, "city": "Бишкек"}}, {"type": "Feature", "geometry": {"type": "Point", "coordinates": [74.735984, 42.800959]}, "properties": {"id": 2749, "price": 1051000.0, "city": "Бишкек"}}, {"type": "Feature", "geometry": {"type": "Point", "coordinates": [74.637988, 42.978368]}, "properties": {"id": 2750, "price": 2170000.0, "city": "Бишкек"}}, {"type": "Feature", "geometry": {"type": "Point", "coordinates": [74.539057, 42.911458]}, "properties": {"id": 2751, "price": 7106000.0, "city": "Бишкек"}}, {"type": "Feature", "geometry": {"type": "Point", "coordinates": [74.858468, 42.929366]}, "properties": {"id": 2752, "price": 3818000.0, "city": "Бишкек"}}, {"type": "Feature", "geometry": {"type": "Point", "coordinates": [74.534008, 42.701888]}, "properties": {"id": 2753, "price": 3413000.0, "city": "Бишкек"}}, {"type": "Feature", "geometry": {"type": "Point", "coordinates": [74.594119, 42.832038]}, "properties": {"id": 2754, "price": 17643000.0, "city": "Бишкек"}}, {"type": "Feature", "geometry": {"type": "Point", "coordinates": [74.699603, 42.881327]}, "properties": {"id": 2755, "price": 4920000.0, "city": "Бишкек"}}, {"type": "Feature", "geometry": {"type": "Point", "coordinates": [74.501449, 42.907009]}, "properties": {"id": 2756, "price": 36068000.0, "city": "Бишкек"}}, {"type": "Feature", "geometry": {"type": "Point", "coordinates": [74.623568, 42.790405]}, "properties": {"id": 2757, "price": 2122000.0, "city": "Бишкек"}}, {"type": "Feature", "geometry": {"type": "Point", "coordinates": [74.468961, 42.765446]}, "properties": {"id": 2758, "price": 4864000.0, "city": "Бишкек"}}, {"type": "Feature", "geometry": {"type": "Point", "coordinates": [74.523105, 42.889546]}, "properties": {"id": 2759, "price": 4824000.0, "city": "Бишкек"}}, {"type": "Feature", "geometry": {"type": "Point", "coordinates": [74.674361, 42.600511]}, "properties": {"id": 2760, "price": 4917000.0, "city": "Бишкек"}}, {"type": "Feature", "geometry": {"type": "Point", "coordinates": [74.586191, 42.823777]}, "properties": {"id": 2761, "price": 2842000.0, "city": "Бишкек"}}, {"type": "Feature", "geometry": {"type": "Point", "coordinates": [74.556207, 42.83899]}, "properties": {"id": 2762, "price": 16732000.0, "city": "Бишкек"}}, {"type": "Feature", "geometry": {"type": "Point", "coordinates": [74.581906, 42.883403]}, "properties": {"id": 2763, "price": 892000.0, "city": "Бишкек"}}, {"type": "Feature", "geometry": {"type": "Point", "coordinates": [74.516753, 42.880833]}, "properties": {"id": 2764, "price": 16237000.0, "city": "Бишкек"}}, {"type": "Feature", "geometry": {"type": "Point", "coordinates": [74.610873, 42.965329]}, "properties": {"id": 2765, "price": 2566000.0, "city": "Бишкек"}}, {"type": "Feature", "geometry": {"type": "Point", "coordinates": [74.551696, 42.857947]}, "properties": {"id": 2766, "price": 3088000.0, "city": "Бишкек"}}, {"type": "Feature", "geometry": {"type": "Point", "coordinates": [74.547951, 43.001419]}, "properties": {"id": 2767, "price": 4786000.0, "city": "Бишкек"}}, {"type": "Feature", "geometry": {"type": "Point", "coordinates": [74.771714, 42.911956]}, "properties": {"id": 2768, "price": 802000.0, "city": "Бишкек"}}, {"type": "Feature", "geometry": {"type": "Point", "coordinates": [74.745677, 42.964788]}, "properties": {"id": 2769, "price": 5156000.0, "city": "Бишкек"}}, {"type": "Feature", "geometry": {"type": "Point", "coordinates": [74.570902, 43.138609]}, "properties": {"id": 2770, "price": 4221000.0, "city": "Бишкек"}}, {"type": "Feature", "geometry": {"type": "Point", "coordinates": [74.698977, 42.705792]}, "properties": {"id": 2771, "price": 14283000.0, "city": "Бишкек"}}, {"type": "Feature", "geometry": {"type": "Point", "coordinates": [74.573648, 42.884907]}, "properties": {"id": 2772, "price": 3734000.0, "city": "Бишкек"}}, {"type": "Feature", "geometry": {"type": "Point", "coordinates": [74.753214, 42.853937]}, "properties": {"id": 2773, "price": 12583000.0, "city": "Бишкек"}}, {"type": "Feature", "geometry": {"type": "Point", "coordinates": [74.652396, 42.86959]}, "properties": {"id": 2774, "price": 49971000.0, "city": "Бишкек"}}, {"type": "Feature", "geometry": {"type": "Point", "coordinates": [74.593393, 42.884553]}, "properties": {"id": 2775, "price": 30274000.0, "city": "Бишкек"}}, {"type": "Feature", "geometry": {"type": "Point", "coordinates": [74.493526, 42.704849]}, "properties": {"id": 2776, "price": 13201000.0, "city": "Бишкек"}}, {"type": "Feature", "geometry": {"type": "Point", "coordinates": [74.660742, 42.918174]}, "properties": {"id": 2777, "price": 1328000.0, "city": "Бишкек"}}, {"type": "Feature", "geometry": {"type": "Point", "coordinates": [74.416707, 42.85731]}, "properties": {"id": 2778, "price": 2517000.0, "city": "Бишкек"}}, {"type": "Feature", "geometry": {"type": "Point", "coordinates": [74.53256, 42.955008]}, "properties": {"id": 2779, "price": 13243000.0, "city": "Бишкек"}}, {"type": "Feature", "geometry": {"type": "Point", "coordinates": [74.608786, 42.701055]}, "properties": {"id": 2780, "price": 2211000.0, "city": "Бишкек"}}, {"type": "Feature", "geometry": {"type": "Point", "coordinates": [74.438582, 42.740587]}, "properties": {"id": 2781, "price": 4363000.0, "city": "Бишкек"}}, {"type": "Feature", "geometry": {"type": "Point", "coordinates": [74.595973, 42.885306]}, "properties": {"id": 2782, "price": 3649000.0, "city": "Бишкек"}}, {"type": "Feature", "geometry": {"type": "Point", "coordinates": [74.597741, 43.009028]}, "properties": {"id": 2783, "price": 32726000.0, "city": "Бишкек"}}, {"type": "Feature", "geometry": {"type": "Point", "coordinates": [74.615623, 42.89339]}, "properties": {"id": 2784, "price": 753000.0, "city": "Бишкек"}}, {"type": "Feature", "geometry": {"type": "Point", "coordinates": [74.575045, 43.027955]}, "properties": {"id": 2785, "price": 15055000.0, "city": "Бишкек"}}, {"type": "Feature", "geometry": {"type": "Point", "coordinates": [74.553057, 42.807709]}, "properties": {"id": 2786, "price": 7649000.0, "city": "Бишкек"}}, {"type": "Feature", "geometry": {"type": "Point", "coordinates": [74.703176, 42.881799]}, "properties": {"id": 2787, "price": 1667000.0, "city": "Бишкек"}}, {"type": "Feature", "geometry": {"type": "Point", "coordinates": [74.452143, 42.913614]}, "properties": {"id": 2788, "price": 2275000.0, "city": "Бишкек"}}, {"type": "Feature", "geometry": {"type": "Point", "coordinates": [74.576447, 42.806573]}, "properties": {"id": 2789, "price": 2646000.0, "city": "Бишкек"}}, {"type": "Feature", "geometry": {"type": "Point", "coordinates": [74.750585, 42.846145]}, "properties": {"id": 2790, "price": 4726000.0, "city": "Бишкек"}}, {"type": "Feature", "geometry": {"type": "Point", "coordinates": [74.688506, 43.15388]}, "properties": {"id": 2791, "price": 4459000.0, "city": "Бишкек"}}, {"type": "Feature", "geometry": {"type": "Point", "coordinates": [74.552405, 43.011977]}, "properties": {"id": 2792, "price": 2100000.0, "city": "Бишкек"}}, {"type": "Feature", "geometry": {"type": "Point", "coordinates": [74.658711, 42.955238]}, "properties": {"id": 2793, "price": 7979000.0, "city": "Бишкек"}}, {"type": "Feature", "geometry": {"type": "Point", "coordinates": [74.87856, 42.914061]}, "properties": {"id": 2794, "price": 5454000.0, "city": "Бишкек"}}, {"type": "Feature", "geometry": {"type": "Point", "coordinates": [74.63381, 43.098974]}, "properties": {"id": 2795, "price": 2057000.0, "city": "Бишкек"}}, {"type": "Feature", "geometry": {"type": "Point", "coordinates": [74.638673, 42.838003]}, "properties": {"id": 2796, "price": 2981000.0, "city": "Бишкек"}}, {"type": "Feature", "geometry": {"type": "Point", "coordinates": [74.555563, 42.847624]}, "properties": {"id": 2797, "price": 2466000.0, "city": "Бишкек"}}, {"type": "Feature", "geometry": {"type": "Point", "coordinates": [74.602329, 42.773821]}, "properties": {"id": 2798, "price": 6756000.0, "city": "Бишкек"}}, {"type": "Feature", "geometry": {"type": "Point", "coordinates": [74.494446, 42.9411]}, "properties": {"id": 2799, "price": 1472000.0, "city": "Бишкек"}}, {"type": "Feature", "geometry": {"type": "Point", "coordinates": [74.775945, 43.00267]}, "properties": {"id": 2800, "price": 50470000.0, "city": "Бишкек"}}, {"type": "Feature", "geometry": {"type": "Point", "coordinates": [74.561035, 42.987398]}, "properties": {"id": 2801, "price": 7295000.0, "city": "Бишкек"}}, {"type": "Feature", "geometry": {"type": "Point", "coordinates": [74.500593, 42.878224]}, "properties": {"id": 2802, "price": 13393000.0, "city": "Бишкек"}}, {"type": "Feature", "geometry": {"type": "Point", "coordinates": [74.667728, 42.845827]}, "properties": {"id": 2803, "price": 1878000.0, "city": "Бишкек"}}, {"type": "Feature", "geometry": {"type": "Point", "coordinates": [74.55592, 42.971067]}, "properties": {"id": 2804, "price": 2777000.0, "city": "Бишкек"}}, {"type": "Feature", "geometry": {"type": "Point", "coordinates": [74.504049, 42.971955]}, "properties": {"id": 2805, "price": 36412000.0, "city": "Бишкек"}}, {"type": "Feature", "geometry": {"type": "Point", "coordinates": [74.521276, 42.769598]}, "properties": {"id": 2806, "price": 2088000.0, "city": "Бишкек"}}, {"type": "Feature", "geometry": {"type": "Point", "coordinates": [74.74749, 42.873673]}, "properties": {"id": 2807, "price": 19346000.0, "city": "Бишкек"}}, {"type": "Feature", "geometry": {"type": "Point", "coordinates": [74.57776, 42.942172]}, "properties": {"id": 2808, "price": 5360000.0, "city": "Бишкек"}}, {"type": "Feature", "geometry": {"type": "Point", "coordinates": [74.693091, 42.926627]}, "properties": {"id": 2809, "price": 18602000.0, "city": "Бишкек"}}, {"type": "Feature", "geometry": {"type": "Point", "coordinates": [74.540383, 42.770177]}, "properties": {"id": 2810, "price": 18204000.0, "city": "Бишкек"}}, {"type": "Feature", "geometry": {"type": "Point", "coordinates": [74.662921, 42.956076]}, "properties": {"id": 2811, "price": 10103000.0, "city": "Бишкек"}}, {"type": "Feature", "geometry": {"type": "Point", "coordinates": [74.820368, 42.787823]}, "properties": {"id": 2812, "price": 1303000.0, "city": "Бишкек"}}, {"type": "Feature", "geometry": {"type": "Point", "coordinates": [74.665871, 42.832668]}, "properties": {"id": 2813, "price": 4225000.0, "city": "Бишкек"}}, {"type": "Feature", "geometry": {"type": "Point", "coordinates": [74.371111, 42.691805]}, "properties": {"id": 2814, "price": 19674000.0, "city": "Бишкек"}}, {"type": "Feature", "geometry": {"type": "Point", "coordinates": [74.563654, 42.874534]}, "properties": {"id": 2815, "price": 4656000.0, "city": "Бишкек"}}, {"type": "Feature", "geometry": {"type": "Point", "coordinates": [74.663845, 42.846274]}, "properties": {"id": 2816, "price": 7812000.0, "city": "Бишкек"}}, {"type": "Feature", "geometry": {"type": "Point", "coordinates": [74.637811, 42.875708]}, "properties": {"id": 2817, "price": 7335000.0, "city": "Бишкек"}}, {"type": "Feature", "geometry": {"type": "Point", "coordinates": [74.811206, 42.869015]}, "properties": {"id": 2818, "price": 1601000.0, "city": "Бишкек"}}, {"type": "Feature", "geometry": {"type": "Point", "coordinates": [74.602208, 43.032948]}, "properties": {"id": 2819, "price": 2464000.0, "city": "Бишкек"}}, {"type": "Feature", "geometry": {"type": "Point", "coordinates": [74.537729, 42.775945]}, "properties": {"id": 2820, "price": 1754000.0, "city": "Бишкек"}}, {"type": "Feature", "geometry": {"type": "Point", "coordinates": [74.599708, 42.792275]}, "properties": {"id": 2821, "price": 7112000.0, "city": "Бишкек"}}, {"type": "Feature", "geometry": {"type": "Point", "coordinates": [74.623377, 42.780226]}, "properties": {"id": 2822, "price": 14139000.0, "city": "Бишкек"}}, {"type": "Feature", "geometry": {"type": "Point", "coordinates": [74.549815, 42.789154]}, "properties": {"id": 2823, "price": 950000.0, "city": "Бишкек"}}, {"type": "Feature", "geometry": {"type": "Point", "coordinates": [74.597547, 43.060801]}, "properties": {"id": 2824, "price": 9341000.0, "city": "Бишкек"}}, {"type": "Feature", "geometry": {"type": "Point", "coordinates": [74.662512, 42.964709]}, "properties": {"id": 2825, "price": 2791000.0, "city": "Бишкек"}}, {"type": "Feature", "geometry": {"type": "Point", "coordinates": [74.631589, 42.808716]}, "properties": {"id": 2826, "price": 2141000.0, "city": "Бишкек"}}, {"type": "Feature", "geometry": {"type": "Point", "coordinates": [74.803639, 42.970738]}, "properties": {"id": 2827, "price": 4224000.0, "city": "Бишкек"}}, {"type": "Feature", "geometry": {"type": "Point", "coordinates": [74.606947, 42.958098]}, "properties": {"id": 2828, "price": 6937000.0, "city": "Бишкек"}}, {"type": "Feature", "geometry": {"type": "Point", "coordinates": [74.571811, 42.75145]}, "properties": {"id": 2829, "price": 6807000.0, "city": "Бишкек"}}, {"type": "Feature", "geometry": {"type": "Point", "coordinates": [74.661515, 42.940734]}, "properties": {"id": 2830, "price": 1490000.0, "city": "Бишкек"}}, {"type": "Feature", "geometry": {"type": "Point", "coordinates": [74.558226, 42.937616]}, "properties": {"id": 2831, "price": 26332000.0, "city": "Бишкек"}}, {"type": "Feature", "geometry": {"type": "Point", "coordinates": [74.536505, 42.789934]}, "properties": {"id": 2832, "price": 4474000.0, "city": "Бишкек"}}, {"type": "Feature", "geometry": {"type": "Point", "coordinates": [74.606133, 42.720595]}, "properties": {"id": 2833, "price": 1302000.0, "city": "Бишкек"}}, {"type": "Feature", "geometry": {"type": "Point", "coordinates": [74.505905, 42.969233]}, "properties": {"id": 2834, "price": 1108000.0, "city": "Бишкек"}}, {"type": "Feature", "geometry": {"type": "Point", "coordinates": [74.568926, 42.99982]}, "properties": {"id": 2835, "price": 2331000.0, "city": "Бишкек"}}, {"type": "Feature", "geometry": {"type": "Point", "coordinates": [74.602691, 42.541531]}, "properties": {"id": 2836, "price": 6092000.0, "city": "Бишкек"}}, {"type": "Feature", "geometry": {"type": "Point", "coordinates": [74.656247, 42.955212]}, "properties": {"id": 2837, "price": 2646000.0, "city": "Бишкек"}}, {"type": "Feature", "geometry": {"type": "Point", "coordinates": [74.57413, 42.963653]}, "properties": {"id": 2838, "price": 13823000.0, "city": "Бишкек"}}, {"type": "Feature", "geometry": {"type": "Point", "coordinates": [74.671593, 42.981236]}, "properties": {"id": 2839, "price": 2753000.0, "city": "Бишкек"}}, {"type": "Feature", "geometry": {"type": "Point", "coordinates": [74.853574, 42.896243]}, "properties": {"id": 2840, "price": 1342000.0, "city": "Бишкек"}}, {"type": "Feature", "geometry": {"type": "Point", "coordinates": [74.625181, 42.954317]}, "properties": {"id": 2841, "price": 17471000.0, "city": "Бишкек"}}, {"type": "Feature", "geometry": {"type": "Point", "coordinates": [74.557007, 42.798637]}, "properties": {"id": 2842, "price": 7564000.0, "city": "Бишкек"}}, {"type": "Feature", "geometry": {"type": "Point", "coordinates": [74.77141, 42.768294]}, "properties": {"id": 2843, "price": 17397000.0, "city": "Бишкек"}}, {"type": "Feature", "geometry": {"type": "Point", "coordinates": [74.541018, 42.86373]}, "properties": {"id": 2844, "price": 2194000.0, "city": "Бишкек"}}, {"type": "Feature", "geometry": {"type": "Point", "coordinates": [74.575546, 42.901765]}, "properties": {"id": 2845, "price": 761000.0, "city": "Бишкек"}}, {"type": "Feature", "geometry": {"type": "Point", "coordinates": [74.49536, 42.833952]}, "properties": {"id": 2846, "price": 18471000.0, "city": "Бишкек"}}, {"type": "Feature", "geometry": {"type": "Point", "coordinates": [74.645558, 42.868332]}, "properties": {"id": 2847, "price": 4240000.0, "city": "Бишкек"}}, {"type": "Feature", "geometry": {"type": "Point", "coordinates": [74.605944, 43.038487]}, "properties": {"id": 2848, "price": 6254000.0, "city": "Бишкек"}}, {"type": "Feature", "geometry": {"type": "Point", "coordinates": [74.616921, 43.027499]}, "properties": {"id": 2849, "price": 3201000.0, "city": "Бишкек"}}, {"type": "Feature", "geometry": {"type": "Point", "coordinates": [74.514124, 42.794355]}, "properties": {"id": 2850, "price": 1056000.0, "city": "Бишкек"}}, {"type": "Feature", "geometry": {"type": "Point", "coordinates": [74.629813, 42.84289]}, "properties": {"id": 2851, "price": 40902000.0, "city": "Бишкек"}}, {"type": "Feature", "geometry": {"type": "Point", "coordinates": [74.678874, 42.901418]}, "properties": {"id": 2852, "price": 5906000.0, "city": "Бишкек"}}, {"type": "Feature", "geometry": {"type": "Point", "coordinates": [74.491226, 42.902223]}, "properties": {"id": 2853, "price": 11826000.0, "city": "Бишкек"}}, {"type": "Feature", "geometry": {"type": "Point", "coordinates": [74.568125, 42.825294]}, "properties": {"id": 2854, "price": 800000.0, "city": "Бишкек"}}, {"type": "Feature", "geometry": {"type": "Point", "coordinates": [74.652778, 42.992868]}, "properties": {"id": 2855, "price": 1769000.0, "city": "Бишкек"}}, {"type": "Feature", "geometry": {"type": "Point", "coordinates": [74.4925, 42.818889]}, "properties": {"id": 2856, "price": 9338000.0, "city": "Бишкек"}}, {"type": "Feature", "geometry": {"type": "Point", "coordinates": [74.743312, 42.761212]}, "properties": {"id": 2857, "price": 2534000.0, "city": "Бишкек"}}, {"type": "Feature", "geometry": {"type": "Point", "coordinates": [74.529128, 42.801905]}, "properties": {"id": 2858, "price": 2411000.0, "city": "Бишкек"}}, {"type": "Feature", "geometry": {"type": "Point", "coordinates": [74.518546, 42.805331]}, "properties": {"id": 2859, "price": 1818000.0, "city": "Бишкек"}}, {"type": "Feature", "geometry": {"type": "Point", "coordinates": [74.367216, 42.852684]}, "properties": {"id": 2860, "price": 2681000.0, "city": "Бишкек"}}, {"type": "Feature", "geometry": {"type": "Point", "coordinates": [74.612693, 42.954846]}, "properties": {"id": 2861, "price": 4544000.0, "city": "Бишкек"}}, {"type": "Feature", "geometry": {"type": "Point", "coordinates": [74.356449, 42.975777]}, "properties": {"id": 2862, "price": 39503000.0, "city": "Бишкек"}}, {"type": "Feature", "geometry": {"type": "Point", "coordinates": [74.498171, 43.120089]}, "properties": {"id": 2863, "price": 3816000.0, "city": "Бишкек"}}, {"type": "Feature", "geometry": {"type": "Point", "coordinates": [74.709667, 42.917185]}, "properties": {"id": 2864, "price": 2821000.0, "city": "Бишкек"}}, {"type": "Feature", "geometry": {"type": "Point", "coordinates": [74.478648, 42.924396]}, "properties": {"id": 2865, "price": 3913000.0, "city": "Бишкек"}}, {"type": "Feature", "geometry": {"type": "Point", "coordinates": [74.642723, 42.707717]}, "properties": {"id": 2866, "price": 1804000.0, "city": "Бишкек"}}, {"type": "Feature", "geometry": {"type": "Point", "coordinates": [74.559838, 42.985846]}, "properties": {"id": 2867, "price": 1320000.0, "city": "Бишкек"}}, {"type": "Feature", "geometry": {"type": "Point", "coordinates": [74.511709, 42.791969]}, "properties": {"id": 2868, "price": 975000.0, "city": "Бишкек"}}, {"type": "Feature", "geometry": {"type": "Point", "coordinates": [74.630255, 42.69998]}, "properties": {"id": 2869, "price": 15321000.0, "city": "Бишкек"}}, {"type": "Feature", "geometry": {"type": "Point", "coordinates": [74.750263, 43.083727]}, "properties": {"id": 2870, "price": 46140000.0, "city": "Бишкек"}}, {"type": "Feature", "geometry": {"type": "Point", "coordinates": [74.654135, 42.705775]}, "properties": {"id": 2871, "price": 2839000.0, "city": "Бишкек"}}, {"type": "Feature", "geometry": {"type": "Point", "coordinates": [74.418288, 42.909094]}, "properties": {"id": 2872, "price": 948000.0, "city": "Бишкек"}}, {"type": "Feature", "geometry": {"type": "Point", "coordinates": [74.565266, 42.955435]}, "properties": {"id": 2873, "price": 13396000.0, "city": "Бишкек"}}, {"type": "Feature", "geometry": {"type": "Point", "coordinates": [74.523004, 42.919838]}, "properties": {"id": 2874, "price": 6811000.0, "city": "Бишкек"}}, {"type": "Feature", "geometry": {"type": "Point", "coordinates": [74.395377, 43.02379]}, "properties": {"id": 2875, "price": 7027000.0, "city": "Бишкек"}}, {"type": "Feature", "geometry": {"type": "Point", "coordinates": [74.780796, 42.847882]}, "properties": {"id": 2876, "price": 2290000.0, "city": "Бишкек"}}, {"type": "Feature", "geometry": {"type": "Point", "coordinates": [74.653039, 43.028077]}, "properties": {"id": 2877, "price": 1496000.0, "city": "Бишкек"}}, {"type": "Feature", "geometry": {"type": "Point", "coordinates": [74.53502, 43.033798]}, "properties": {"id": 2878, "price": 1944000.0, "city": "Бишкек"}}, {"type": "Feature", "geometry": {"type": "Point", "coordinates": [74.633928, 42.940697]}, "properties": {"id": 2879, "price": 7282000.0, "city": "Бишкек"}}, {"type": "Feature", "geometry": {"type": "Point", "coordinates": [74.670648, 42.921026]}, "properties": {"id": 2880, "price": 1751000.0, "city": "Бишкек"}}, {"type": "Feature", "geometry": {"type": "Point", "coordinates": [74.591969, 42.763769]}, "properties": {"id": 2881, "price": 21840000.0, "city": "Бишкек"}}, {"type": "Feature", "geometry": {"type": "Point", "coordinates": [74.52997, 42.746068]}, "properties": {"id": 2882, "price": 39482000.0, "city": "Бишкек"}}, {"type": "Feature", "geometry": {"type": "Point", "coordinates": [74.58648, 43.008773]}, "properties": {"id": 2883, "price": 3507000.0, "city": "Бишкек"}}, {"type": "Feature", "geometry": {"type": "Point", "coordinates": [74.560821, 42.812788]}, "properties": {"id": 2884, "price": 7618000.0, "city": "Бишкек"}}, {"type": "Feature", "geometry": {"type": "Point", "coordinates": [74.653356, 42.909099]}, "properties": {"id": 2885, "price": 11895000.0, "city": "Бишкек"}}, {"type": "Feature", "geometry": {"type": "Point", "coordinates": [74.628523, 42.772548]}, "properties": {"id": 2886, "price": 961000.0, "city": "Бишкек"}}, {"type": "Feature", "geometry": {"type": "Point", "coordinates": [74.592014, 42.938281]}, "properties": {"id": 2887, "price": 1189000.0, "city": "Бишкек"}}, {"type": "Feature", "geometry": {"type": "Point", "coordinates": [74.459973, 42.799748]}, "properties": {"id": 2888, "price": 1874000.0, "city": "Бишкек"}}, {"type": "Feature", "geometry": {"type": "Point", "coordinates": [74.606791, 42.894913]}, "properties": {"id": 2889, "price": 8816000.0, "city": "Бишкек"}}, {"type": "Feature", "geometry": {"type": "Point", "coordinates": [74.647461, 42.720941]}, "properties": {"id": 2890, "price": 2648000.0, "city": "Бишкек"}}, {"type": "Feature", "geometry": {"type": "Point", "coordinates": [74.702107, 42.813585]}, "properties": {"id": 2891, "price": 10210000.0, "city": "Бишкек"}}, {"type": "Feature", "geometry": {"type": "Point", "coordinates": [74.503247, 42.896574]}, "properties": {"id": 2892, "price": 2226000.0, "city": "Бишкек"}}, {"type": "Feature", "geometry": {"type": "Point", "coordinates": [74.590341, 42.800985]}, "properties": {"id": 2893, "price": 8278000.0, "city": "Бишкек"}}, {"type": "Feature", "geometry": {"type": "Point", "coordinates": [74.687535, 42.944627]}, "properties": {"id": 2894, "price": 5432000.0, "city": "Бишкек"}}, {"type": "Feature", "geometry": {"type": "Point", "coordinates": [74.729266, 42.911042]}, "properties": {"id": 2895, "price": 40490000.0, "city": "Бишкек"}}, {"type": "Feature", "geometry": {"type": "Point", "coordinates": [74.718868, 42.885496]}, "properties": {"id": 2896, "price": 1810000.0, "city": "Бишкек"}}, {"type": "Feature", "geometry": {"type": "Point", "coordinates": [74.664985, 42.705959]}, "properties": {"id": 2897, "price": 5874000.0, "city": "Бишкек"}}, {"type": "Feature", "geometry": {"type": "Point", "coordinates": [74.50403, 42.752874]}, "properties": {"id": 2898, "price": 7871000.0, "city": "Бишкек"}}, {"type": "Feature", "geometry": {"type": "Point", "coordinates": [74.63573, 42.753679]}, "properties": {"id": 2899, "price": 18156000.0, "city": "Бишкек"}}, {"type": "Feature", "geometry": {"type": "Point", "coordinates": [74.804863, 42.993048]}, "properties": {"id": 2900, "price": 7965000.0, "city": "Бишкек"}}, {"type": "Feature", "geometry": {"type": "Point", "coordinates": [74.614246, 42.703895]}, "properties": {"id": 2901, "price": 4384000.0, "city": "Бишкек"}}, {"type": "Feature", "geometry": {"type": "Point", "coordinates": [74.415636, 42.936713]}, "properties": {"id": 2902, "price": 15805000.0, "city": "Бишкек"}}, {"type": "Feature", "geometry": {"type": "Point", "coordinates": [74.741733, 42.938589]}, "properties": {"id": 2903, "price": 1867000.0, "city": "Бишкек"}}, {"type": "Feature", "geometry": {"type": "Point", "coordinates": [74.546811, 42.70127]}, "properties": {"id": 2904, "price": 3107000.0, "city": "Бишкек"}}, {"type": "Feature", "geometry": {"type": "Point", "coordinates": [74.602131, 42.869491]}, "properties": {"id": 2905, "price": 8226000.0, "city": "Бишкек"}}, {"type": "Feature", "geometry": {"type": "Point", "coordinates": [74.628562, 42.978883]}, "properties": {"id": 2906, "price": 1135000.0, "city": "Бишкек"}}, {"type": "Feature", "geometry": {"type": "Point", "coordinates": [74.571596, 42.795479]}, "properties": {"id": 2907, "price": 6327000.0, "city": "Бишкек"}}, {"type": "Feature", "geometry": {"type": "Point", "coordinates": [74.628524, 42.744906]}, "properties": {"id": 2908, "price": 7402000.0, "city": "Бишкек"}}, {"type": "Feature", "geometry": {"type": "Point", "coordinates": [74.650862, 42.831973]}, "properties": {"id": 2909, "price": 10474000.0, "city": "Бишкек"}}, {"type": "Feature", "geometry": {"type": "Point", "coordinates": [74.621807, 42.895557]}, "properties": {"id": 2910, "price": 7223000.0, "city": "Бишкек"}}, {"type": "Feature", "geometry": {"type": "Point", "coordinates": [74.635141, 42.752095]}, "properties": {"id": 2911, "price": 33098000.0, "city": "Бишкек"}}, {"type": "Feature", "geometry": {"type": "Point", "coordinates": [74.583339, 42.94091]}, "properties": {"id": 2912, "price": 1327000.0, "city": "Бишкек"}}, {"type": "Feature", "geometry": {"type": "Point", "coordinates": [74.541508, 42.911021]}, "properties": {"id": 2913, "price": 28689000.0, "city": "Бишкек"}}, {"type": "Feature", "geometry": {"type": "Point", "coordinates": [74.578795, 42.917474]}, "properties": {"id": 2914, "price": 13276000.0, "city": "Бишкек"}}, {"type": "Feature", "geometry": {"type": "Point", "coordinates": [74.66112, 42.790871]}, "properties": {"id": 2915, "price": 6720000.0, "city": "Бишкек"}}, {"type": "Feature", "geometry": {"type": "Point", "coordinates": [74.606003, 42.776949]}, "properties": {"id": 2916, "price": 4996000.0, "city": "Бишкек"}}, {"type": "Feature", "geometry": {"type": "Point", "coordinates": [74.639129, 42.968684]}, "properties": {"id": 2917, "price": 9114000.0, "city": "Бишкек"}}, {"type": "Feature", "geometry": {"type": "Point", "coordinates": [74.712475, 43.071697]}, "properties": {"id": 2918, "price": 9460000.0, "city": "Бишкек"}}, {"type": "Feature", "geometry": {"type": "Point", "coordinates": [74.614302, 42.824]}, "properties": {"id": 2919, "price": 6024000.0, "city": "Бишкек"}}, {"type": "Feature", "geometry": {"type": "Point", "coordinates": [74.612026, 42.787298]}, "properties": {"id": 2920, "price": 2964000.0, "city": "Бишкек"}}, {"type": "Feature", "geometry": {"type": "Point", "coordinates": [74.64127, 42.784732]}, "properties": {"id": 2921, "price": 869000.0, "city": "Бишкек"}}, {"type": "Feature", "geometry": {"type": "Point", "coordinates": [74.600571, 42.877824]}, "properties": {"id": 2922, "price": 12804000.0, "city": "Бишкек"}}, {"type": "Feature", "geometry": {"type": "Point", "coordinates": [74.670717, 42.801552]}, "properties": {"id": 2923, "price": 53461000.0, "city": "Бишкек"}}, {"type": "Feature", "geometry": {"type": "Point", "coordinates": [74.434532, 42.952615]}, "properties": {"id": 2924, "price": 2999000.0, "city": "Бишкек"}}, {"type": "Feature", "geometry": {"type": "Point", "coordinates": [74.73609, 42.947293]}, "properties": {"id": 2925, "price": 5357000.0, "city": "Бишкек"}}, {"type": "Feature", "geometry": {"type": "Point", "coordinates": [74.688627, 42.85046]}, "properties": {"id": 2926, "price": 4616000.0, "city": "Бишкек"}}, {"type": "Feature", "geometry": {"type": "Point", "coordinates": [74.660168, 42.933132]}, "properties": {"id": 2927, "price": 3640000.0, "city": "Бишкек"}}, {"type": "Feature", "geometry": {"type": "Point", "coordinates": [74.698221, 43.002482]}, "properties": {"id": 2928, "price": 8734000.0, "city": "Бишкек"}}, {"type": "Feature", "geometry": {"type": "Point", "coordinates": [74.677043, 42.684744]}, "properties": {"id": 2929, "price": 4859000.0, "city": "Бишкек"}}, {"type": "Feature", "geometry": {"type": "Point", "coordinates": [74.561833, 42.90444]}, "properties": {"id": 2930, "price": 2847000.0, "city": "Бишкек"}}, {"type": "Feature", "geometry": {"type": "Point", "coordinates": [74.772904, 42.838997]}, "properties": {"id": 2931, "price": 10179000.0, "city": "Бишкек"}}, {"type": "Feature", "geometry": {"type": "Point", "coordinates": [74.647098, 42.841446]}, "properties": {"id": 2932, "price": 1794000.0, "city": "Бишкек"}}, {"type": "Feature", "geometry": {"type": "Point", "coordinates": [74.563856, 43.006115]}, "properties": {"id": 2933, "price": 30607000.0, "city": "Бишкек"}}, {"type": "Feature", "geometry": {"type": "Point", "coordinates": [74.536676, 43.032328]}, "properties": {"id": 2934, "price": 2733000.0, "city": "Бишкек"}}, {"type": "Feature", "geometry": {"type": "Point", "coordinates": [74.810308, 42.917868]}, "properties": {"id": 2935, "price": 21860000.0, "city": "Бишкек"}}, {"type": "Feature", "geometry": {"type": "Point", "coordinates": [74.515457, 42.968898]}, "properties": {"id": 2936, "price": 3791000.0, "city": "Бишкек"}}, {"type": "Feature", "geometry": {"type": "Point", "coordinates": [74.824562, 42.894591]}, "properties": {"id": 2937, "price": 2972000.0, "city": "Бишкек"}}, {"type": "Feature", "geometry": {"type": "Point", "coordinates": [74.698652, 42.948353]}, "properties": {"id": 2938, "price": 54246000.0, "city": "Бишкек"}}, {"type": "Feature", "geometry": {"type": "Point", "coordinates": [74.559896, 42.862311]}, "properties": {"id": 2939, "price": 6184000.0, "city": "Бишкек"}}, {"type": "Feature", "geometry": {"type": "Point", "coordinates": [74.569811, 42.978914]}, "properties": {"id": 2940, "price": 25128000.0, "city": "Бишкек"}}, {"type": "Feature", "geometry": {"type": "Point", "coordinates": [74.559261, 42.795237]}, "properties": {"id": 2941, "price": 6582000.0, "city": "Бишкек"}}, {"type": "Feature", "geometry": {"type": "Point", "coordinates": [74.447612, 42.897719]}, "properties": {"id": 2942, "price": 10355000.0, "city": "Бишкек"}}, {"type": "Feature", "geometry": {"type": "Point", "coordinates": [74.622305, 42.926356]}, "properties": {"id": 2943, "price": 29022000.0, "city": "Бишкек"}}, {"type": "Feature", "geometry": {"type": "Point", "coordinates": [74.651009, 42.896636]}, "properties": {"id": 2944, "price": 7435000.0, "city": "Бишкек"}}, {"type": "Feature", "geometry": {"type": "Point", "coordinates": [74.668728, 42.918578]}, "properties": {"id": 2945, "price": 2182000.0, "city": "Бишкек"}}, {"type": "Feature", "geometry": {"type": "Point", "coordinates": [74.484122, 43.112415]}, "properties": {"id": 2946, "price": 5600000.0, "city": "Бишкек"}}, {"type": "Feature", "geometry": {"type": "Point", "coordinates": [74.428711, 42.777939]}, "properties": {"id": 2947, "price": 9580000.0, "city": "Бишкек"}}, {"type": "Feature", "geometry": {"type": "Point", "coordinates": [74.48238, 42.943837]}, "properties": {"id": 2948, "price": 7673000.0, "city": "Бишкек"}}, {"type": "Feature", "geometry": {"type": "Point", "coordinates": [74.824659, 42.921006]}, "properties": {"id": 2949, "price": 3240000.0, "city": "Бишкек"}}, {"type": "Feature", "geometry": {"type": "Point", "coordinates": [74.632593, 42.934652]}, "properties": {"id": 2950, "price": 682000.0, "city": "Бишкек"}}, {"type": "Feature", "geometry": {"type": "Point", "coordinates": [74.628699, 42.817505]}, "properties": {"id": 2951, "price": 1973000.0, "city": "Бишкек"}}, {"type": "Feature", "geometry": {"type": "Point", "coordinates": [74.520864, 42.883903]}, "properties": {"id": 2952, "price": 7085000.0, "city": "Бишкек"}}, {"type": "Feature", "geometry": {"type": "Point", "coordinates": [74.515158, 42.823451]}, "properties": {"id": 2953, "price": 2091000.0, "city": "Бишкек"}}, {"type": "Feature", "geometry": {"type": "Point", "coordinates": [74.564194, 42.860365]}, "properties": {"id": 2954, "price": 2444000.0, "city": "Бишкек"}}, {"type": "Feature", "geometry": {"type": "Point", "coordinates": [74.692728, 42.832856]}, "properties": {"id": 2955, "price": 11063000.0, "city": "Бишкек"}}, {"type": "Feature", "geometry": {"type": "Point", "coordinates": [74.652714, 42.766332]}, "properties": {"id": 2956, "price": 6316000.0, "city": "Бишкек"}}, {"type": "Feature", "geometry": {"type": "Point", "coordinates": [74.567094, 42.794926]}, "properties": {"id": 2957, "price": 3316000.0, "city": "Бишкек"}}, {"type": "Feature", "geometry": {"type": "Point", "coordinates": [74.517089, 42.981907]}, "properties": {"id": 2958, "price": 25049000.0, "city": "Бишкек"}}, {"type": "Feature", "geometry": {"type": "Point", "coordinates": [74.628039, 42.984044]}, "properties": {"id": 2959, "price": 1921000.0, "city": "Бишкек"}}, {"type": "Feature", "geometry": {"type": "Point", "coordinates": [74.554614, 43.069545]}, "properties": {"id": 2960, "price": 1647000.0, "city": "Бишкек"}}, {"type": "Feature", "geometry": {"type": "Point", "coordinates": [74.653618, 42.870504]}, "properties": {"id": 2961, "price": 14057000.0, "city": "Бишкек"}}, {"type": "Feature", "geometry": {"type": "Point", "coordinates": [74.421747, 43.017487]}, "properties": {"id": 2962, "price": 27795000.0, "city": "Бишкек"}}, {"type": "Feature", "geometry": {"type": "Point", "coordinates": [74.650157, 42.814799]}, "properties": {"id": 2963, "price": 2360000.0, "city": "Бишкек"}}, {"type": "Feature", "geometry": {"type": "Point", "coordinates": [74.529841, 42.982255]}, "properties": {"id": 2964, "price": 2664000.0, "city": "Бишкек"}}, {"type": "Feature", "geometry": {"type": "Point", "coordinates": [74.434933, 42.846472]}, "properties": {"id": 2965, "price": 4152000.0, "city": "Бишкек"}}, {"type": "Feature", "geometry": {"type": "Point", "coordinates": [74.728517, 42.834501]}, "properties": {"id": 2966, "price": 3501000.0, "city": "Бишкек"}}, {"type": "Feature", "geometry": {"type": "Point", "coordinates": [74.683916, 42.996978]}, "properties": {"id": 2967, "price": 7216000.0, "city": "Бишкек"}}, {"type": "Feature", "geometry": {"type": "Point", "coordinates": [74.612598, 42.817167]}, "properties": {"id": 2968, "price": 44387000.0, "city": "Бишкек"}}, {"type": "Feature", "geometry": {"type": "Point", "coordinates": [74.663025, 42.811806]}, "properties": {"id": 2969, "price": 57956000.0, "city": "Бишкек"}}, {"type": "Feature", "geometry": {"type": "Point", "coordinates": [74.550266, 43.080532]}, "properties": {"id": 2970, "price": 55750000.0, "city": "Бишкек"}}, {"type": "Feature", "geometry": {"type": "Point", "coordinates": [74.559193, 42.885402]}, "properties": {"id": 2971, "price": 20014000.0, "city": "Бишкек"}}, {"type": "Feature", "geometry": {"type": "Point", "coordinates": [74.611136, 43.001984]}, "properties": {"id": 2972, "price": 2815000.0, "city": "Бишкек"}}, {"type": "Feature", "geometry": {"type": "Point", "coordinates": [74.420442, 42.709532]}, "properties": {"id": 2973, "price": 1585000.0, "city": "Бишкек"}}, {"type": "Feature", "geometry": {"type": "Point", "coordinates": [74.727269, 43.020642]}, "properties": {"id": 2974, "price": 17684000.0, "city": "Бишкек"}}, {"type": "Feature", "geometry": {"type": "Point", "coordinates": [74.683206, 42.851977]}, "properties": {"id": 2975, "price": 15753000.0, "city": "Бишкек"}}, {"type": "Feature", "geometry": {"type": "Point", "coordinates": [74.561425, 42.91607]}, "properties": {"id": 2976, "price": 8846000.0, "city": "Бишкек"}}, {"type": "Feature", "geometry": {"type": "Point", "coordinates": [74.690485, 42.856251]}, "properties": {"id": 2977, "price": 9482000.0, "city": "Бишкек"}}, {"type": "Feature", "geometry": {"type": "Point", "coordinates": [74.596588, 42.634753]}, "properties": {"id": 2978, "price": 1664000.0, "city": "Бишкек"}}, {"type": "Feature", "geometry": {"type": "Point", "coordinates": [74.532832, 42.725295]}, "properties": {"id": 2979, "price": 882000.0, "city": "Бишкек"}}, {"type": "Feature", "geometry": {"type": "Point", "coordinates": [74.594755, 42.917739]}, "properties": {"id": 2980, "price": 5356000.0, "city": "Бишкек"}}, {"type": "Feature", "geometry": {"type": "Point", "coordinates": [74.567239, 42.803337]}, "properties": {"id": 2981, "price": 2383000.0, "city": "Бишкек"}}, {"type": "Feature", "geometry": {"type": "Point", "coordinates": [74.575549, 42.885406]}, "properties": {"id": 2982, "price": 56420000.0, "city": "Бишкек"}}, {"type": "Feature", "geometry": {"type": "Point", "coordinates": [74.568915, 42.94152]}, "properties": {"id": 2983, "price": 35260000.0, "city": "Бишкек"}}, {"type": "Feature", "geometry": {"type": "Point", "coordinates": [74.650122, 42.843674]}, "properties": {"id": 2984, "price": 5925000.0, "city": "Бишкек"}}, {"type": "Feature", "geometry": {"type": "Point", "coordinates": [74.721479, 42.767014]}, "properties": {"id": 2985, "price": 17102000.0, "city": "Бишкек"}}, {"type": "Feature", "geometry": {"type": "Point", "coordinates": [74.619602, 42.920647]}, "properties": {"id": 2986, "price": 44133000.0, "city": "Бишкек"}}, {"type": "Feature", "geometry": {"type": "Point", "coordinates": [74.535094, 42.819281]}, "properties": {"id": 2987, "price": 15979000.0, "city": "Бишкек"}}, {"type": "Feature", "geometry": {"type": "Point", "coordinates": [74.745412, 42.654773]}, "properties": {"id": 2988, "price": 6190000.0, "city": "Бишкек"}}, {"type": "Feature", "geometry": {"type": "Point", "coordinates": [74.66589, 42.813829]}, "properties": {"id": 2989, "price": 11310000.0, "city": "Бишкек"}}, {"type": "Feature", "geometry": {"type": "Point", "coordinates": [74.61095, 42.993666]}, "properties": {"id": 2990, "price": 7181000.0, "city": "Бишкек"}}, {"type": "Feature", "geometry": {"type": "Point", "coordinates": [74.653618, 42.870182]}, "properties": {"id": 2991, "price": 2534000.0, "city": "Бишкек"}}, {"type": "Feature", "geometry": {"type": "Point", "coordinates": [74.617527, 42.991367]}, "properties": {"id": 2992, "price": 6328000.0, "city": "Бишкек"}}, {"type": "Feature", "geometry": {"type": "Point", "coordinates": [74.750584, 42.980508]}, "properties": {"id": 2993, "price": 14728000.0, "city": "Бишкек"}}, {"type": "Feature", "geometry": {"type": "Point", "coordinates": [74.662883, 42.791789]}, "properties": {"id": 2994, "price": 7626000.0, "city": "Бишкек"}}, {"type": "Feature", "geometry": {"type": "Point", "coordinates": [74.511797, 42.965859]}, "properties": {"id": 2995, "price": 6968000.0, "city": "Бишкек"}}, {"type": "Feature", "geometry": {"type": "Point", "coordinates": [74.737716, 42.837339]}, "properties": {"id": 2996, "price": 2434000.0, "city": "Бишкек"}}, {"type": "Feature", "geometry": {"type": "Point", "coordinates": [74.516438, 42.989324]}, "properties": {"id": 2997, "price": 36873000.0, "city": "Бишкек"}}, {"type": "Feature", "geometry": {"type": "Point", "coordinates": [74.482505, 42.97685]}, "properties": {"id": 2998, "price": 2492000.0, "city": "Бишкек"}}, {"type": "Feature", "geometry": {"type": "Point", "coordinates": [74.690392, 42.770093]}, "properties": {"id": 2999, "price": 7701000.0, "city": "Бишкек"}}, {"type": "Feature", "geometry": {"type": "Point", "coordinates": [74.666565, 42.744877]}, "properties": {"id": 3000, "price": 16029000.0, "city": "Бишкек"}}, {"type": "Feature", "geometry": {"type": "Point", "coordinates": [74.739897, 42.895352]}, "properties": {"id": 3001, "price": 2870000.0, "city": "Бишкек"}}, {"type": "Feature", "geometry": {"type": "Point", "coordinates": [74.795322, 43.005555]}, "properties": {"id": 3002, "price": 16749000.0, "city": "Бишкек"}}, {"type": "Feature", "geometry": {"type": "Point", "coordinates": [74.656926, 42.812574]}, "properties": {"id": 3003, "price": 12129000.0, "city": "Бишкек"}}, {"type": "Feature", "geometry": {"type": "Point", "coordinates": [74.686785, 42.862104]}, "properties": {"id": 3004, "price": 3239000.0, "city": "Бишкек"}}, {"type": "Feature", "geometry": {"type": "Point", "coordinates": [74.31587, 42.954258]}, "properties": {"id": 3005, "price": 2505000.0, "city": "Бишкек"}}, {"type": "Feature", "geometry": {"type": "Point", "coordinates": [74.655534, 43.040691]}, "properties": {"id": 3006, "price": 4609000.0, "city": "Бишкек"}}, {"type": "Feature", "geometry": {"type": "Point", "coordinates": [74.536853, 42.928393]}, "properties": {"id": 3007, "price": 18137000.0, "city": "Бишкек"}}, {"type": "Feature", "geometry": {"type": "Point", "coordinates": [74.668171, 42.803964]}, "properties": {"id": 3008, "price": 6699000.0, "city": "Бишкек"}}, {"type": "Feature", "geometry": {"type": "Point", "coordinates": [74.64926, 42.81303]}, "properties": {"id": 3009, "price": 9216000.0, "city": "Бишкек"}}, {"type": "Feature", "geometry": {"type": "Point", "coordinates": [74.587148, 42.733976]}, "properties": {"id": 3010, "price": 1793000.0, "city": "Бишкек"}}, {"type": "Feature", "geometry": {"type": "Point", "coordinates": [74.650533, 42.965035]}, "properties": {"id": 3011, "price": 2298000.0, "city": "Бишкек"}}, {"type": "Feature", "geometry": {"type": "Point", "coordinates": [74.505222, 43.020693]}, "properties": {"id": 3012, "price": 17057000.0, "city": "Бишкек"}}, {"type": "Feature", "geometry": {"type": "Point", "coordinates": [74.697617, 42.852273]}, "properties": {"id": 3013, "price": 1996000.0, "city": "Бишкек"}}, {"type": "Feature", "geometry": {"type": "Point", "coordinates": [74.742646, 42.790466]}, "properties": {"id": 3014, "price": 6784000.0, "city": "Бишкек"}}, {"type": "Feature", "geometry": {"type": "Point", "coordinates": [74.514354, 42.850618]}, "properties": {"id": 3015, "price": 3993000.0, "city": "Бишкек"}}, {"type": "Feature", "geometry": {"type": "Point", "coordinates": [74.725936, 42.947324]}, "properties": {"id": 3016, "price": 12856000.0, "city": "Бишкек"}}, {"type": "Feature", "geometry": {"type": "Point", "coordinates": [74.598889, 43.032684]}, "properties": {"id": 3017, "price": 4984000.0, "city": "Бишкек"}}, {"type": "Feature", "geometry": {"type": "Point", "coordinates": [74.653367, 42.85239]}, "properties": {"id": 3018, "price": 52583000.0, "city": "Бишкек"}}, {"type": "Feature", "geometry": {"type": "Point", "coordinates": [74.675623, 42.820398]}, "properties": {"id": 3019, "price": 3411000.0, "city": "Бишкек"}}, {"type": "Feature", "geometry": {"type": "Point", "coordinates": [74.720306, 42.874219]}, "properties": {"id": 3020, "price": 1915000.0, "city": "Бишкек"}}, {"type": "Feature", "geometry": {"type": "Point", "coordinates": [74.572578, 42.805114]}, "properties": {"id": 3021, "price": 7166000.0, "city": "Бишкек"}}, {"type": "Feature", "geometry": {"type": "Point", "coordinates": [74.686819, 42.866724]}, "properties": {"id": 3022, "price": 2155000.0, "city": "Бишкек"}}, {"type": "Feature", "geometry": {"type": "Point", "coordinates": [74.615555, 42.890049]}, "properties": {"id": 3023, "price": 650000.0, "city": "Бишкек"}}, {"type": "Feature", "geometry": {"type": "Point", "coordinates": [74.466917, 42.750957]}, "properties": {"id": 3024, "price": 5756000.0, "city": "Бишкек"}}, {"type": "Feature", "geometry": {"type": "Point", "coordinates": [74.518382, 42.831823]}, "properties": {"id": 3025, "price": 14971000.0, "city": "Бишкек"}}, {"type": "Feature", "geometry": {"type": "Point", "coordinates": [74.46617, 42.724372]}, "properties": {"id": 3026, "price": 49872000.0, "city": "Бишкек"}}, {"type": "Feature", "geometry": {"type": "Point", "coordinates": [74.536153, 42.601705]}, "properties": {"id": 3027, "price": 11163000.0, "city": "Бишкек"}}, {"type": "Feature", "geometry": {"type": "Point", "coordinates": [74.465057, 43.030841]}, "properties": {"id": 3028, "price": 32806000.0, "city": "Бишкек"}}, {"type": "Feature", "geometry": {"type": "Point", "coordinates": [74.455238, 43.071598]}, "properties": {"id": 3029, "price": 2664000.0, "city": "Бишкек"}}, {"type": "Feature", "geometry": {"type": "Point", "coordinates": [74.687226, 42.868105]}, "properties": {"id": 3030, "price": 3644000.0, "city": "Бишкек"}}, {"type": "Feature", "geometry": {"type": "Point", "coordinates": [74.786083, 42.853755]}, "properties": {"id": 3031, "price": 5379000.0, "city": "Бишкек"}}, {"type": "Feature", "geometry": {"type": "Point", "coordinates": [74.541722, 43.041814]}, "properties": {"id": 3032, "price": 6601000.0, "city": "Бишкек"}}, {"type": "Feature", "geometry": {"type": "Point", "coordinates": [74.583074, 42.733666]}, "properties": {"id": 3033, "price": 7925000.0, "city": "Бишкек"}}, {"type": "Feature", "geometry": {"type": "Point", "coordinates": [74.484612, 42.902878]}, "properties": {"id": 3034, "price": 2085000.0, "city": "Бишкек"}}, {"type": "Feature", "geometry": {"type": "Point", "coordinates": [74.505163, 42.876528]}, "properties": {"id": 3035, "price": 26854000.0, "city": "Бишкек"}}, {"type": "Feature", "geometry": {"type": "Point", "coordinates": [74.493213, 42.827525]}, "properties": {"id": 3036, "price": 1434000.0, "city": "Бишкек"}}, {"type": "Feature", "geometry": {"type": "Point", "coordinates": [74.650295, 42.832775]}, "properties": {"id": 3037, "price": 3327000.0, "city": "Бишкек"}}, {"type": "Feature", "geometry": {"type": "Point", "coordinates": [74.586957, 42.7472]}, "properties": {"id": 3038, "price": 49110000.0, "city": "Бишкек"}}, {"type": "Feature", "geometry": {"type": "Point", "coordinates": [74.585868, 42.76144]}, "properties": {"id": 3039, "price": 19313000.0, "city": "Бишкек"}}, {"type": "Feature", "geometry": {"type": "Point", "coordinates": [74.681556, 42.868574]}, "properties": {"id": 3040, "price": 5692000.0, "city": "Бишкек"}}, {"type": "Feature", "geometry": {"type": "Point", "coordinates": [74.571363, 42.794864]}, "properties": {"id": 3041, "price": 7380000.0, "city": "Бишкек"}}, {"type": "Feature", "geometry": {"type": "Point", "coordinates": [74.664863, 42.856113]}, "properties": {"id": 3042, "price": 6407000.0, "city": "Бишкек"}}, {"type": "Feature", "geometry": {"type": "Point", "coordinates": [74.607605, 42.885317]}, "properties": {"id": 3043, "price": 6561000.0, "city": "Бишкек"}}, {"type": "Feature", "geometry": {"type": "Point", "coordinates": [74.58042, 42.913837]}, "properties": {"id": 3044, "price": 44554000.0, "city": "Бишкек"}}, {"type": "Feature", "geometry": {"type": "Point", "coordinates": [74.453115, 42.844489]}, "properties": {"id": 3045, "price": 10986000.0, "city": "Бишкек"}}, {"type": "Feature", "geometry": {"type": "Point", "coordinates": [74.476712, 42.774164]}, "properties": {"id": 3046, "price": 1035000.0, "city": "Бишкек"}}, {"type": "Feature", "geometry": {"type": "Point", "coordinates": [74.543143, 42.780292]}, "properties": {"id": 3047, "price": 814000.0, "city": "Бишкек"}}, {"type": "Feature", "geometry": {"type": "Point", "coordinates": [74.735431, 42.831235]}, "properties": {"id": 3048, "price": 35498000.0, "city": "Бишкек"}}, {"type": "Feature", "geometry": {"type": "Point", "coordinates": [74.483105, 42.959313]}, "properties": {"id": 3049, "price": 1424000.0, "city": "Бишкек"}}, {"type": "Feature", "geometry": {"type": "Point", "coordinates": [74.68939, 42.927673]}, "properties": {"id": 3050, "price": 18549000.0, "city": "Бишкек"}}, {"type": "Feature", "geometry": {"type": "Point", "coordinates": [74.54832, 42.874728]}, "properties": {"id": 3051, "price": 4133000.0, "city": "Бишкек"}}, {"type": "Feature", "geometry": {"type": "Point", "coordinates": [74.753216, 42.861838]}, "properties": {"id": 3052, "price": 2404000.0, "city": "Бишкек"}}, {"type": "Feature", "geometry": {"type": "Point", "coordinates": [74.592124, 42.871567]}, "properties": {"id": 3053, "price": 7910000.0, "city": "Бишкек"}}, {"type": "Feature", "geometry": {"type": "Point", "coordinates": [74.702251, 42.909696]}, "properties": {"id": 3054, "price": 2913000.0, "city": "Бишкек"}}, {"type": "Feature", "geometry": {"type": "Point", "coordinates": [74.602695, 42.872841]}, "properties": {"id": 3055, "price": 3138000.0, "city": "Бишкек"}}, {"type": "Feature", "geometry": {"type": "Point", "coordinates": [74.718742, 42.802336]}, "properties": {"id": 3056, "price": 19469000.0, "city": "Бишкек"}}, {"type": "Feature", "geometry": {"type": "Point", "coordinates": [74.664703, 43.0036]}, "properties": {"id": 3057, "price": 1124000.0, "city": "Бишкек"}}, {"type": "Feature", "geometry": {"type": "Point", "coordinates": [74.497946, 43.042158]}, "properties": {"id": 3058, "price": 43989000.0, "city": "Бишкек"}}, {"type": "Feature", "geometry": {"type": "Point", "coordinates": [74.423829, 42.780129]}, "properties": {"id": 3059, "price": 18556000.0, "city": "Бишкек"}}, {"type": "Feature", "geometry": {"type": "Point", "coordinates": [74.63718, 42.925584]}, "properties": {"id": 3060, "price": 8364000.0, "city": "Бишкек"}}, {"type": "Feature", "geometry": {"type": "Point", "coordinates": [74.732734, 42.90456]}, "properties": {"id": 3061, "price": 57628000.0, "city": "Бишкек"}}, {"type": "Feature", "geometry": {"type": "Point", "coordinates": [74.6426, 42.793696]}, "properties": {"id": 3062, "price": 1438000.0, "city": "Бишкек"}}, {"type": "Feature", "geometry": {"type": "Point", "coordinates": [74.66339, 42.984127]}, "properties": {"id": 3063, "price": 39906000.0, "city": "Бишкек"}}, {"type": "Feature", "geometry": {"type": "Point", "coordinates": [74.338107, 42.666091]}, "properties": {"id": 3064, "price": 57513000.0, "city": "Бишкек"}}, {"type": "Feature", "geometry": {"type": "Point", "coordinates": [74.725751, 42.819948]}, "properties": {"id": 3065, "price": 5240000.0, "city": "Бишкек"}}, {"type": "Feature", "geometry": {"type": "Point", "coordinates": [74.70685, 42.959517]}, "properties": {"id": 3066, "price": 1478000.0, "city": "Бишкек"}}, {"type": "Feature", "geometry": {"type": "Point", "coordinates": [74.624418, 43.058666]}, "properties": {"id": 3067, "price": 1570000.0, "city": "Бишкек"}}, {"type": "Feature", "geometry": {"type": "Point", "coordinates": [74.471937, 43.047837]}, "properties": {"id": 3068, "price": 52436000.0, "city": "Бишкек"}}, {"type": "Feature", "geometry": {"type": "Point", "coordinates": [74.744439, 42.790291]}, "properties": {"id": 3069, "price": 9185000.0, "city": "Бишкек"}}, {"type": "Feature", "geometry": {"type": "Point", "coordinates": [74.465752, 42.856245]}, "properties": {"id": 3070, "price": 1866000.0, "city": "Бишкек"}}, {"type": "Feature", "geometry": {"type": "Point", "coordinates": [74.502443, 42.818601]}, "properties": {"id": 3071, "price": 5732000.0, "city": "Бишкек"}}, {"type": "Feature", "geometry": {"type": "Point", "coordinates": [74.638866, 42.958335]}, "properties": {"id": 3072, "price": 3990000.0, "city": "Бишкек"}}, {"type": "Feature", "geometry": {"type": "Point", "coordinates": [74.711219, 42.838421]}, "properties": {"id": 3073, "price": 3412000.0, "city": "Бишкек"}}, {"type": "Feature", "geometry": {"type": "Point", "coordinates": [74.658615, 42.881603]}, "properties": {"id": 3074, "price": 6048000.0, "city": "Бишкек"}}, {"type": "Feature", "geometry": {"type": "Point", "coordinates": [74.504885, 43.167485]}, "properties": {"id": 3075, "price": 17250000.0, "city": "Бишкек"}}, {"type": "Feature", "geometry": {"type": "Point", "coordinates": [74.573555, 42.758397]}, "properties": {"id": 3076, "price": 2872000.0, "city": "Бишкек"}}, {"type": "Feature", "geometry": {"type": "Point", "coordinates": [74.565459, 42.999196]}, "properties": {"id": 3077, "price": 41711000.0, "city": "Бишкек"}}, {"type": "Feature", "geometry": {"type": "Point", "coordinates": [74.508427, 42.747653]}, "properties": {"id": 3078, "price": 3236000.0, "city": "Бишкек"}}, {"type": "Feature", "geometry": {"type": "Point", "coordinates": [74.591109, 42.935642]}, "properties": {"id": 3079, "price": 22097000.0, "city": "Бишкек"}}, {"type": "Feature", "geometry": {"type": "Point", "coordinates": [74.705003, 42.693574]}, "properties": {"id": 3080, "price": 14288000.0, "city": "Бишкек"}}, {"type": "Feature", "geometry": {"type": "Point", "coordinates": [74.654121, 42.961257]}, "properties": {"id": 3081, "price": 7553000.0, "city": "Бишкек"}}, {"type": "Feature", "geometry": {"type": "Point", "coordinates": [74.811416, 43.016774]}, "properties": {"id": 3082, "price": 16549000.0, "city": "Бишкек"}}, {"type": "Feature", "geometry": {"type": "Point", "coordinates": [74.67271, 42.904463]}, "properties": {"id": 3083, "price": 2137000.0, "city": "Бишкек"}}, {"type": "Feature", "geometry": {"type": "Point", "coordinates": [74.837044, 42.896699]}, "properties": {"id": 3084, "price": 2255000.0, "city": "Бишкек"}}, {"type": "Feature", "geometry": {"type": "Point", "coordinates": [74.620865, 42.870138]}, "properties": {"id": 3085, "price": 2553000.0, "city": "Бишкек"}}, {"type": "Feature", "geometry": {"type": "Point", "coordinates": [74.753236, 42.622963]}, "properties": {"id": 3086, "price": 53063000.0, "city": "Бишкек"}}, {"type": "Feature", "geometry": {"type": "Point", "coordinates": [74.480088, 43.012162]}, "properties": {"id": 3087, "price": 940000.0, "city": "Бишкек"}}, {"type": "Feature", "geometry": {"type": "Point", "coordinates": [74.615773, 43.023166]}, "properties": {"id": 3088, "price": 13074000.0, "city": "Бишкек"}}, {"type": "Feature", "geometry": {"type": "Point", "coordinates": [74.431831, 42.788977]}, "properties": {"id": 3089, "price": 4024000.0, "city": "Бишкек"}}, {"type": "Feature", "geometry": {"type": "Point", "coordinates": [74.730348, 42.761794]}, "properties": {"id": 3090, "price": 2257000.0, "city": "Бишкек"}}, {"type": "Feature", "geometry": {"type": "Point", "coordinates": [74.52297, 42.926701]}, "properties": {"id": 3091, "price": 2763000.0, "city": "Бишкек"}}, {"type": "Feature", "geometry": {"type": "Point", "coordinates": [74.659317, 42.768878]}, "properties": {"id": 3092, "price": 6133000.0, "city": "Бишкек"}}, {"type": "Feature", "geometry": {"type": "Point", "coordinates": [74.489985, 42.968824]}, "properties": {"id": 3093, "price": 6315000.0, "city": "Бишкек"}}, {"type": "Feature", "geometry": {"type": "Point", "coordinates": [74.636277, 43.015029]}, "properties": {"id": 3094, "price": 2765000.0, "city": "Бишкек"}}, {"type": "Feature", "geometry": {"type": "Point", "coordinates": [74.548717, 42.87918]}, "properties": {"id": 3095, "price": 2864000.0, "city": "Бишкек"}}, {"type": "Feature", "geometry": {"type": "Point", "coordinates": [74.60603, 43.025621]}, "properties": {"id": 3096, "price": 35928000.0, "city": "Бишкек"}}, {"type": "Feature", "geometry": {"type": "Point", "coordinates": [74.532455, 42.856111]}, "properties": {"id": 3097, "price": 3542000.0, "city": "Бишкек"}}, {"type": "Feature", "geometry": {"type": "Point", "coordinates": [74.74831, 43.001455]}, "properties": {"id": 3098, "price": 19403000.0, "city": "Бишкек"}}, {"type": "Feature", "geometry": {"type": "Point", "coordinates": [74.501682, 42.835007]}, "properties": {"id": 3099, "price": 2989000.0, "city": "Бишкек"}}, {"type": "Feature", "geometry": {"type": "Point", "coordinates": [74.564988, 42.883927]}, "properties": {"id": 3100, "price": 2599000.0, "city": "Бишкек"}}, {"type": "Feature", "geometry": {"type": "Point", "coordinates": [74.680056, 43.030005]}, "properties": {"id": 3101, "price": 10901000.0, "city": "Бишкек"}}, {"type": "Feature", "geometry": {"type": "Point", "coordinates": [74.531802, 42.803431]}, "properties": {"id": 3102, "price": 2033000.0, "city": "Бишкек"}}, {"type": "Feature", "geometry": {"type": "Point", "coordinates": [74.837402, 42.934011]}, "properties": {"id": 3103, "price": 10268000.0, "city": "Бишкек"}}, {"type": "Feature", "geometry": {"type": "Point", "coordinates": [74.633725, 42.959387]}, "properties": {"id": 3104, "price": 7743000.0, "city": "Бишкек"}}, {"type": "Feature", "geometry": {"type": "Point", "coordinates": [74.479114, 43.080438]}, "properties": {"id": 3105, "price": 34005000.0, "city": "Бишкек"}}, {"type": "Feature", "geometry": {"type": "Point", "coordinates": [74.656063, 43.011495]}, "properties": {"id": 3106, "price": 3765000.0, "city": "Бишкек"}}, {"type": "Feature", "geometry": {"type": "Point", "coordinates": [74.602783, 42.909623]}, "properties": {"id": 3107, "price": 1066000.0, "city": "Бишкек"}}, {"type": "Feature", "geometry": {"type": "Point", "coordinates": [74.55347, 42.784562]}, "properties": {"id": 3108, "price": 8833000.0, "city": "Бишкек"}}, {"type": "Feature", "geometry": {"type": "Point", "coordinates": [74.615454, 42.997191]}, "properties": {"id": 3109, "price": 3717000.0, "city": "Бишкек"}}, {"type": "Feature", "geometry": {"type": "Point", "coordinates": [74.64551, 42.866973]}, "properties": {"id": 3110, "price": 5050000.0, "city": "Бишкек"}}, {"type": "Feature", "geometry": {"type": "Point", "coordinates": [74.476564, 42.844931]}, "properties": {"id": 3111, "price": 2839000.0, "city": "Бишкек"}}, {"type": "Feature", "geometry": {"type": "Point", "coordinates": [74.574005, 42.915083]}, "properties": {"id": 3112, "price": 1161000.0, "city": "Бишкек"}}, {"type": "Feature", "geometry": {"type": "Point", "coordinates": [74.517771, 42.961929]}, "properties": {"id": 3113, "price": 17224000.0, "city": "Бишкек"}}, {"type": "Feature", "geometry": {"type": "Point", "coordinates": [74.664294, 42.923299]}, "properties": {"id": 3114, "price": 5818000.0, "city": "Бишкек"}}, {"type": "Feature", "geometry": {"type": "Point", "coordinates": [74.74155, 42.939409]}, "properties": {"id": 3115, "price": 57488000.0, "city": "Бишкек"}}, {"type": "Feature", "geometry": {"type": "Point", "coordinates": [74.562176, 42.810285]}, "properties": {"id": 3116, "price": 5248000.0, "city": "Бишкек"}}, {"type": "Feature", "geometry": {"type": "Point", "coordinates": [74.610362, 42.723054]}, "properties": {"id": 3117, "price": 4726000.0, "city": "Бишкек"}}, {"type": "Feature", "geometry": {"type": "Point", "coordinates": [74.722062, 42.866285]}, "properties": {"id": 3118, "price": 26126000.0, "city": "Бишкек"}}, {"type": "Feature", "geometry": {"type": "Point", "coordinates": [74.52017, 42.853144]}, "properties": {"id": 3119, "price": 2129000.0, "city": "Бишкек"}}, {"type": "Feature", "geometry": {"type": "Point", "coordinates": [74.731924, 43.10723]}, "properties": {"id": 3120, "price": 55277000.0, "city": "Бишкек"}}, {"type": "Feature", "geometry": {"type": "Point", "coordinates": [74.5983, 42.889765]}, "properties": {"id": 3121, "price": 9728000.0, "city": "Бишкек"}}, {"type": "Feature", "geometry": {"type": "Point", "coordinates": [74.459669, 42.913833]}, "properties": {"id": 3122, "price": 4135000.0, "city": "Бишкек"}}, {"type": "Feature", "geometry": {"type": "Point", "coordinates": [74.455719, 42.984973]}, "properties": {"id": 3123, "price": 7709000.0, "city": "Бишкек"}}, {"type": "Feature", "geometry": {"type": "Point", "coordinates": [74.520706, 42.924049]}, "properties": {"id": 3124, "price": 13327000.0, "city": "Бишкек"}}, {"type": "Feature", "geometry": {"type": "Point", "coordinates": [74.539548, 42.93591]}, "properties": {"id": 3125, "price": 1557000.0, "city": "Бишкек"}}, {"type": "Feature", "geometry": {"type": "Point", "coordinates": [74.600865, 42.807646]}, "properties": {"id": 3126, "price": 1058000.0, "city": "Бишкек"}}, {"type": "Feature", "geometry": {"type": "Point", "coordinates": [74.681574, 43.065792]}, "properties": {"id": 3127, "price": 6094000.0, "city": "Бишкек"}}, {"type": "Feature", "geometry": {"type": "Point", "coordinates": [74.714348, 42.800732]}, "properties": {"id": 3128, "price": 12898000.0, "city": "Бишкек"}}, {"type": "Feature", "geometry": {"type": "Point", "coordinates": [74.569377, 42.820104]}, "properties": {"id": 3129, "price": 861000.0, "city": "Бишкек"}}, {"type": "Feature", "geometry": {"type": "Point", "coordinates": [74.56349, 42.805535]}, "properties": {"id": 3130, "price": 17295000.0, "city": "Бишкек"}}, {"type": "Feature", "geometry": {"type": "Point", "coordinates": [74.589146, 42.851949]}, "properties": {"id": 3131, "price": 1924000.0, "city": "Бишкек"}}, {"type": "Feature", "geometry": {"type": "Point", "coordinates": [74.666674, 42.95665]}, "properties": {"id": 3132, "price": 3902000.0, "city": "Бишкек"}}, {"type": "Feature", "geometry": {"type": "Point", "coordinates": [74.468083, 42.928561]}, "properties": {"id": 3133, "price": 6335000.0, "city": "Бишкек"}}, {"type": "Feature", "geometry": {"type": "Point", "coordinates": [74.58803, 43.038374]}, "properties": {"id": 3134, "price": 3779000.0, "city": "Бишкек"}}, {"type": "Feature", "geometry": {"type": "Point", "coordinates": [74.469822, 42.9755]}, "properties": {"id": 3135, "price": 1587000.0, "city": "Бишкек"}}, {"type": "Feature", "geometry": {"type": "Point", "coordinates": [74.414854, 42.914074]}, "properties": {"id": 3136, "price": 2835000.0, "city": "Бишкек"}}, {"type": "Feature", "geometry": {"type": "Point", "coordinates": [74.518228, 43.087289]}, "properties": {"id": 3137, "price": 6677000.0, "city": "Бишкек"}}, {"type": "Feature", "geometry": {"type": "Point", "coordinates": [74.718998, 42.769025]}, "properties": {"id": 3138, "price": 9029000.0, "city": "Бишкек"}}, {"type": "Feature", "geometry": {"type": "Point", "coordinates": [74.811018, 42.88544]}, "properties": {"id": 3139, "price": 2646000.0, "city": "Бишкек"}}, {"type": "Feature", "geometry": {"type": "Point", "coordinates": [74.528762, 43.07323]}, "properties": {"id": 3140, "price": 961000.0, "city": "Бишкек"}}, {"type": "Feature", "geometry": {"type": "Point", "coordinates": [74.656344, 43.061115]}, "properties": {"id": 3141, "price": 7546000.0, "city": "Бишкек"}}, {"type": "Feature", "geometry": {"type": "Point", "coordinates": [74.449707, 42.780628]}, "properties": {"id": 3142, "price": 6518000.0, "city": "Бишкек"}}, {"type": "Feature", "geometry": {"type": "Point", "coordinates": [74.600767, 42.919431]}, "properties": {"id": 3143, "price": 7504000.0, "city": "Бишкек"}}, {"type": "Feature", "geometry": {"type": "Point", "coordinates": [74.672017, 42.959164]}, "properties": {"id": 3144, "price": 6091000.0, "city": "Бишкек"}}, {"type": "Feature", "geometry": {"type": "Point", "coordinates": [74.681286, 42.980905]}, "properties": {"id": 3145, "price": 7917000.0, "city": "Бишкек"}}, {"type": "Feature", "geometry": {"type": "Point", "coordinates": [74.53252, 42.673486]}, "properties": {"id": 3146, "price": 46555000.0, "city": "Бишкек"}}, {"type": "Feature", "geometry": {"type": "Point", "coordinates": [74.67781, 42.961015]}, "properties": {"id": 3147, "price": 9627000.0, "city": "Бишкек"}}, {"type": "Feature", "geometry": {"type": "Point", "coordinates": [74.540601, 42.941037]}, "properties": {"id": 3148, "price": 648000.0, "city": "Бишкек"}}, {"type": "Feature", "geometry": {"type": "Point", "coordinates": [74.542231, 42.703796]}, "properties": {"id": 3149, "price": 43396000.0, "city": "Бишкек"}}, {"type": "Feature", "geometry": {"type": "Point", "coordinates": [74.70019, 43.067322]}, "properties": {"id": 3150, "price": 57864000.0, "city": "Бишкек"}}, {"type": "Feature", "geometry": {"type": "Point", "coordinates": [74.42203, 42.789764]}, "properties": {"id": 3151, "price": 55460000.0, "city": "Бишкек"}}, {"type": "Feature", "geometry": {"type": "Point", "coordinates": [74.661078, 42.897185]}, "properties": {"id": 3152, "price": 1545000.0, "city": "Бишкек"}}, {"type": "Feature", "geometry": {"type": "Point", "coordinates": [74.650051, 42.730815]}, "properties": {"id": 3153, "price": 32828000.0, "city": "Бишкек"}}, {"type": "Feature", "geometry": {"type": "Point", "coordinates": [74.553668, 42.637958]}, "properties": {"id": 3154, "price": 2047000.0, "city": "Бишкек"}}, {"type": "Feature", "geometry": {"type": "Point", "coordinates": [74.617669, 42.857519]}, "properties": {"id": 3155, "price": 13013000.0, "city": "Бишкек"}}, {"type": "Feature", "geometry": {"type": "Point", "coordinates": [74.707256, 43.045113]}, "properties": {"id": 3156, "price": 1273000.0, "city": "Бишкек"}}, {"type": "Feature", "geometry": {"type": "Point", "coordinates": [74.391498, 42.846111]}, "properties": {"id": 3157, "price": 7529000.0, "city": "Бишкек"}}, {"type": "Feature", "geometry": {"type": "Point", "coordinates": [74.682164, 42.898314]}, "properties": {"id": 3158, "price": 1677000.0, "city": "Бишкек"}}, {"type": "Feature", "geometry": {"type": "Point", "coordinates": [74.585974, 42.886353]}, "properties": {"id": 3159, "price": 17117000.0, "city": "Бишкек"}}, {"type": "Feature", "geometry": {"type": "Point", "coordinates": [74.572708, 42.885247]}, "properties": {"id": 3160, "price": 3653000.0, "city": "Бишкек"}}, {"type": "Feature", "geometry": {"type": "Point", "coordinates": [74.750797, 42.855539]}, "properties": {"id": 3161, "price": 8231000.0, "city": "Бишкек"}}, {"type": "Feature", "geometry": {"type": "Point", "coordinates": [74.453573, 43.022307]}, "properties": {"id": 3162, "price": 3180000.0, "city": "Бишкек"}}, {"type": "Feature", "geometry": {"type": "Point", "coordinates": [74.539393, 42.738328]}, "properties": {"id": 3163, "price": 2528000.0, "city": "Бишкек"}}, {"type": "Feature", "geometry": {"type": "Point", "coordinates": [74.718323, 42.735321]}, "properties": {"id": 3164, "price": 4711000.0, "city": "Бишкек"}}, {"type": "Feature", "geometry": {"type": "Point", "coordinates": [74.761418, 42.81865]}, "properties": {"id": 3165, "price": 5444000.0, "city": "Бишкек"}}, {"type": "Feature", "geometry": {"type": "Point", "coordinates": [74.589073, 43.094565]}, "properties": {"id": 3166, "price": 23392000.0, "city": "Бишкек"}}, {"type": "Feature", "geometry": {"type": "Point", "coordinates": [74.568192, 42.798865]}, "properties": {"id": 3167, "price": 3568000.0, "city": "Бишкек"}}, {"type": "Feature", "geometry": {"type": "Point", "coordinates": [74.67969, 42.706474]}, "properties": {"id": 3168, "price": 779000.0, "city": "Бишкек"}}, {"type": "Feature", "geometry": {"type": "Point", "coordinates": [74.571721, 42.915907]}, "properties": {"id": 3169, "price": 17347000.0, "city": "Бишкек"}}, {"type": "Feature", "geometry": {"type": "Point", "coordinates": [74.621321, 42.864081]}, "properties": {"id": 3170, "price": 2537000.0, "city": "Бишкек"}}, {"type": "Feature", "geometry": {"type": "Point", "coordinates": [74.707201, 42.773638]}, "properties": {"id": 3171, "price": 2103000.0, "city": "Бишкек"}}, {"type": "Feature", "geometry": {"type": "Point", "coordinates": [74.688964, 42.794231]}, "properties": {"id": 3172, "price": 17434000.0, "city": "Бишкек"}}, {"type": "Feature", "geometry": {"type": "Point", "coordinates": [74.652339, 42.906073]}, "properties": {"id": 3173, "price": 10394000.0, "city": "Бишкек"}}, {"type": "Feature", "geometry": {"type": "Point", "coordinates": [74.611183, 42.833469]}, "properties": {"id": 3174, "price": 2883000.0, "city": "Бишкек"}}, {"type": "Feature", "geometry": {"type": "Point", "coordinates": [74.789251, 42.878874]}, "properties": {"id": 3175, "price": 720000.0, "city": "Бишкек"}}, {"type": "Feature", "geometry": {"type": "Point", "coordinates": [74.689377, 42.916658]}, "properties": {"id": 3176, "price": 5380000.0, "city": "Бишкек"}}, {"type": "Feature", "geometry": {"type": "Point", "coordinates": [74.561611, 42.835125]}, "properties": {"id": 3177, "price": 2223000.0, "city": "Бишкек"}}, {"type": "Feature", "geometry": {"type": "Point", "coordinates": [74.635717, 42.847928]}, "properties": {"id": 3178, "price": 615000.0, "city": "Бишкек"}}, {"type": "Feature", "geometry": {"type": "Point", "coordinates": [74.642018, 42.933903]}, "properties": {"id": 3179, "price": 1901000.0, "city": "Бишкек"}}, {"type": "Feature", "geometry": {"type": "Point", "coordinates": [74.765095, 42.848137]}, "properties": {"id": 3180, "price": 8909000.0, "city": "Бишкек"}}, {"type": "Feature", "geometry": {"type": "Point", "coordinates": [74.64613, 42.955861]}, "properties": {"id": 3181, "price": 26497000.0, "city": "Бишкек"}}, {"type": "Feature", "geometry": {"type": "Point", "coordinates": [74.523799, 42.773951]}, "properties": {"id": 3182, "price": 5533000.0, "city": "Бишкек"}}, {"type": "Feature", "geometry": {"type": "Point", "coordinates": [74.588935, 42.977457]}, "properties": {"id": 3183, "price": 16825000.0, "city": "Бишкек"}}, {"type": "Feature", "geometry": {"type": "Point", "coordinates": [74.469019, 42.846773]}, "properties": {"id": 3184, "price": 30067000.0, "city": "Бишкек"}}, {"type": "Feature", "geometry": {"type": "Point", "coordinates": [74.613187, 42.838052]}, "properties": {"id": 3185, "price": 1426000.0, "city": "Бишкек"}}, {"type": "Feature", "geometry": {"type": "Point", "coordinates": [74.597298, 42.73632]}, "properties": {"id": 3186, "price": 8959000.0, "city": "Бишкек"}}, {"type": "Feature", "geometry": {"type": "Point", "coordinates": [74.626572, 42.71656]}, "properties": {"id": 3187, "price": 2386000.0, "city": "Бишкек"}}, {"type": "Feature", "geometry": {"type": "Point", "coordinates": [74.725448, 42.944716]}, "properties": {"id": 3188, "price": 34459000.0, "city": "Бишкек"}}, {"type": "Feature", "geometry": {"type": "Point", "coordinates": [74.54901, 42.737913]}, "properties": {"id": 3189, "price": 1230000.0, "city": "Бишкек"}}, {"type": "Feature", "geometry": {"type": "Point", "coordinates": [74.670701, 42.782064]}, "properties": {"id": 3190, "price": 13765000.0, "city": "Бишкек"}}, {"type": "Feature", "geometry": {"type": "Point", "coordinates": [74.44241, 42.874925]}, "properties": {"id": 3191, "price": 2998000.0, "city": "Бишкек"}}, {"type": "Feature", "geometry": {"type": "Point", "coordinates": [74.66095, 42.998377]}, "properties": {"id": 3192, "price": 1447000.0, "city": "Бишкек"}}, {"type": "Feature", "geometry": {"type": "Point", "coordinates": [74.503603, 42.898914]}, "properties": {"id": 3193, "price": 53859000.0, "city": "Бишкек"}}, {"type": "Feature", "geometry": {"type": "Point", "coordinates": [74.722128, 42.855255]}, "properties": {"id": 3194, "price": 13426000.0, "city": "Бишкек"}}, {"type": "Feature", "geometry": {"type": "Point", "coordinates": [74.716733, 43.00438]}, "properties": {"id": 3195, "price": 3122000.0, "city": "Бишкек"}}, {"type": "Feature", "geometry": {"type": "Point", "coordinates": [74.668071, 42.941648]}, "properties": {"id": 3196, "price": 45288000.0, "city": "Бишкек"}}, {"type": "Feature", "geometry": {"type": "Point", "coordinates": [74.598675, 42.884502]}, "properties": {"id": 3197, "price": 15941000.0, "city": "Бишкек"}}, {"type": "Feature", "geometry": {"type": "Point", "coordinates": [74.674729, 42.9932]}, "properties": {"id": 3198, "price": 828000.0, "city": "Бишкек"}}, {"type": "Feature", "geometry": {"type": "Point", "coordinates": [74.567994, 42.91057]}, "properties": {"id": 3199, "price": 652000.0, "city": "Бишкек"}}, {"type": "Feature", "geometry": {"type": "Point", "coordinates": [74.54591, 42.927892]}, "properties": {"id": 3200, "price": 41973000.0, "city": "Бишкек"}}, {"type": "Feature", "geometry": {"type": "Point", "coordinates": [72.807244, 40.58445]}, "properties": {"id": 3201, "price": 13194000.0, "city": "Ош"}}, {"type": "Feature", "geometry": {"type": "Point", "coordinates": [72.825116, 40.524371]}, "properties": {"id": 3202, "price": 22390000.0, "city": "Ош"}}, {"type": "Feature", "geometry": {"type": "Point", "coordinates": [72.816258, 40.528982]}, "properties": {"id": 3203, "price": 1744000.0, "city": "Ош"}}, {"type": "Feature", "geometry": {"type": "Point", "coordinates": [72.791942, 40.56495]}, "properties": {"id": 3204, "price": 52145000.0, "city": "Ош"}}, {"type": "Feature", "geometry": {"type": "Point", "coordinates": [72.793711, 40.536648]}, "properties": {"id": 3205, "price": 981000.0, "city": "Ош"}}, {"type": "Feature", "geometry": {"type": "Point", "coordinates": [72.753382, 40.483069]}, "properties": {"id": 3206, "price": 3609000.0, "city": "Ош"}}, {"type": "Feature", "geometry": {"type": "Point", "coordinates": [72.825165, 40.559606]}, "properties": {"id": 3207, "price": 17685000.0, "city": "Ош"}}, {"type": "Feature", "geometry": {"type": "Point", "coordinates": [72.828401, 40.500414]}, "properties": {"id": 3208, "price": 22525000.0, "city": "Ош"}}, {"type": "Feature", "geometry": {"type": "Point", "coordinates": [72.755814, 40.548259]}, "properties": {"id": 3209, "price": 1383000.0, "city": "Ош"}}, {"type": "Feature", "geometry": {"type": "Point", "coordinates": [72.809476, 40.62373]}, "properties": {"id": 3210, "price": 2798000.0, "city": "Ош"}}, {"type": "Feature", "geometry": {"type": "Point", "coordinates": [72.877941, 40.519411]}, "properties": {"id": 3211, "price": 5886000.0, "city": "Ош"}}, {"type": "Feature", "geometry": {"type": "Point", "coordinates": [72.785574, 40.558831]}, "properties": {"id": 3212, "price": 1372000.0, "city": "Ош"}}, {"type": "Feature", "geometry": {"type": "Point", "coordinates": [72.719458, 40.444282]}, "properties": {"id": 3213, "price": 2023000.0, "city": "Ош"}}, {"type": "Feature", "geometry": {"type": "Point", "coordinates": [72.806786, 40.616013]}, "properties": {"id": 3214, "price": 5349000.0, "city": "Ош"}}, {"type": "Feature", "geometry": {"type": "Point", "coordinates": [72.853425, 40.539544]}, "properties": {"id": 3215, "price": 2400000.0, "city": "Ош"}}, {"type": "Feature", "geometry": {"type": "Point", "coordinates": [72.786781, 40.520011]}, "properties": {"id": 3216, "price": 6013000.0, "city": "Ош"}}, {"type": "Feature", "geometry": {"type": "Point", "coordinates": [72.887808, 40.461201]}, "properties": {"id": 3217, "price": 1679000.0, "city": "Ош"}}, {"type": "Feature", "geometry": {"type": "Point", "coordinates": [72.813663, 40.454522]}, "properties": {"id": 3218, "price": 943000.0, "city": "Ош"}}, {"type": "Feature", "geometry": {"type": "Point", "coordinates": [72.809048, 40.520173]}, "properties": {"id": 3219, "price": 2119000.0, "city": "Ош"}}, {"type": "Feature", "geometry": {"type": "Point", "coordinates": [72.760829, 40.607303]}, "properties": {"id": 3220, "price": 3731000.0, "city": "Ош"}}, {"type": "Feature", "geometry": {"type": "Point", "coordinates": [72.794368, 40.572121]}, "properties": {"id": 3221, "price": 44191000.0, "city": "Ош"}}, {"type": "Feature", "geometry": {"type": "Point", "coordinates": [72.718275, 40.514025]}, "properties": {"id": 3222, "price": 7789000.0, "city": "Ош"}}, {"type": "Feature", "geometry": {"type": "Point", "coordinates": [72.781361, 40.519885]}, "properties": {"id": 3223, "price": 16826000.0, "city": "Ош"}}, {"type": "Feature", "geometry": {"type": "Point", "coordinates": [72.827326, 40.608817]}, "properties": {"id": 3224, "price": 2498000.0, "city": "Ош"}}, {"type": "Feature", "geometry": {"type": "Point", "coordinates": [72.726399, 40.571679]}, "properties": {"id": 3225, "price": 1226000.0, "city": "Ош"}}, {"type": "Feature", "geometry": {"type": "Point", "coordinates": [72.806289, 40.54101]}, "properties": {"id": 3226, "price": 6812000.0, "city": "Ош"}}, {"type": "Feature", "geometry": {"type": "Point", "coordinates": [72.844297, 40.556887]}, "properties": {"id": 3227, "price": 25905000.0, "city": "Ош"}}, {"type": "Feature", "geometry": {"type": "Point", "coordinates": [72.75972, 40.492267]}, "properties": {"id": 3228, "price": 6792000.0, "city": "Ош"}}, {"type": "Feature", "geometry": {"type": "Point", "coordinates": [72.828043, 40.555537]}, "properties": {"id": 3229, "price": 2295000.0, "city": "Ош"}}, {"type": "Feature", "geometry": {"type": "Point", "coordinates": [72.77431, 40.540756]}, "properties": {"id": 3230, "price": 2895000.0, "city": "Ош"}}, {"type": "Feature", "geometry": {"type": "Point", "coordinates": [72.864439, 40.596566]}, "properties": {"id": 3231, "price": 4844000.0, "city": "Ош"}}, {"type": "Feature", "geometry": {"type": "Point", "coordinates": [72.771353, 40.598895]}, "properties": {"id": 3232, "price": 6144000.0, "city": "Ош"}}, {"type": "Feature", "geometry": {"type": "Point", "coordinates": [72.772624, 40.497092]}, "properties": {"id": 3233, "price": 2607000.0, "city": "Ош"}}, {"type": "Feature", "geometry": {"type": "Point", "coordinates": [72.835839, 40.540901]}, "properties": {"id": 3234, "price": 5843000.0, "city": "Ош"}}, {"type": "Feature", "geometry": {"type": "Point", "coordinates": [72.811334, 40.522785]}, "properties": {"id": 3235, "price": 9582000.0, "city": "Ош"}}, {"type": "Feature", "geometry": {"type": "Point", "coordinates": [72.815534, 40.539592]}, "properties": {"id": 3236, "price": 1855000.0, "city": "Ош"}}, {"type": "Feature", "geometry": {"type": "Point", "coordinates": [72.830635, 40.520898]}, "properties": {"id": 3237, "price": 19668000.0, "city": "Ош"}}, {"type": "Feature", "geometry": {"type": "Point", "coordinates": [72.775581, 40.572481]}, "properties": {"id": 3238, "price": 13909000.0, "city": "Ош"}}, {"type": "Feature", "geometry": {"type": "Point", "coordinates": [72.747306, 40.517651]}, "properties": {"id": 3239, "price": 4980000.0, "city": "Ош"}}, {"type": "Feature", "geometry": {"type": "Point", "coordinates": [72.847066, 40.602241]}, "properties": {"id": 3240, "price": 13382000.0, "city": "Ош"}}, {"type": "Feature", "geometry": {"type": "Point", "coordinates": [72.874218, 40.598639]}, "properties": {"id": 3241, "price": 1174000.0, "city": "Ош"}}, {"type": "Feature", "geometry": {"type": "Point", "coordinates": [72.764703, 40.487637]}, "properties": {"id": 3242, "price": 2623000.0, "city": "Ош"}}, {"type": "Feature", "geometry": {"type": "Point", "coordinates": [72.802029, 40.546089]}, "properties": {"id": 3243, "price": 1158000.0, "city": "Ош"}}, {"type": "Feature", "geometry": {"type": "Point", "coordinates": [72.852255, 40.607481]}, "properties": {"id": 3244, "price": 4615000.0, "city": "Ош"}}, {"type": "Feature", "geometry": {"type": "Point", "coordinates": [72.802511, 40.466015]}, "properties": {"id": 3245, "price": 2437000.0, "city": "Ош"}}, {"type": "Feature", "geometry": {"type": "Point", "coordinates": [72.733105, 40.53627]}, "properties": {"id": 3246, "price": 5750000.0, "city": "Ош"}}, {"type": "Feature", "geometry": {"type": "Point", "coordinates": [72.858165, 40.547985]}, "properties": {"id": 3247, "price": 1999000.0, "city": "Ош"}}, {"type": "Feature", "geometry": {"type": "Point", "coordinates": [72.869935, 40.536145]}, "properties": {"id": 3248, "price": 4841000.0, "city": "Ош"}}, {"type": "Feature", "geometry": {"type": "Point", "coordinates": [72.821661, 40.516965]}, "properties": {"id": 3249, "price": 1887000.0, "city": "Ош"}}, {"type": "Feature", "geometry": {"type": "Point", "coordinates": [72.864012, 40.495252]}, "properties": {"id": 3250, "price": 1935000.0, "city": "Ош"}}, {"type": "Feature", "geometry": {"type": "Point", "coordinates": [72.773501, 40.531186]}, "properties": {"id": 3251, "price": 2058000.0, "city": "Ош"}}, {"type": "Feature", "geometry": {"type": "Point", "coordinates": [72.779723, 40.56754]}, "properties": {"id": 3252, "price": 886000.0, "city": "Ош"}}, {"type": "Feature", "geometry": {"type": "Point", "coordinates": [72.797601, 40.543615]}, "properties": {"id": 3253, "price": 6257000.0, "city": "Ош"}}, {"type": "Feature", "geometry": {"type": "Point", "coordinates": [72.754219, 40.529598]}, "properties": {"id": 3254, "price": 700000.0, "city": "Ош"}}, {"type": "Feature", "geometry": {"type": "Point", "coordinates": [72.824961, 40.463167]}, "properties": {"id": 3255, "price": 10402000.0, "city": "Ош"}}, {"type": "Feature", "geometry": {"type": "Point", "coordinates": [72.732509, 40.501134]}, "properties": {"id": 3256, "price": 16090000.0, "city": "Ош"}}, {"type": "Feature", "geometry": {"type": "Point", "coordinates": [72.862862, 40.478729]}, "properties": {"id": 3257, "price": 3272000.0, "city": "Ош"}}, {"type": "Feature", "geometry": {"type": "Point", "coordinates": [72.759129, 40.491551]}, "properties": {"id": 3258, "price": 11028000.0, "city": "Ош"}}, {"type": "Feature", "geometry": {"type": "Point", "coordinates": [72.761336, 40.530299]}, "properties": {"id": 3259, "price": 1034000.0, "city": "Ош"}}, {"type": "Feature", "geometry": {"type": "Point", "coordinates": [72.773352, 40.578758]}, "properties": {"id": 3260, "price": 16640000.0, "city": "Ош"}}, {"type": "Feature", "geometry": {"type": "Point", "coordinates": [72.756761, 40.544717]}, "properties": {"id": 3261, "price": 19050000.0, "city": "Ош"}}, {"type": "Feature", "geometry": {"type": "Point", "coordinates": [72.739822, 40.540535]}, "properties": {"id": 3262, "price": 16004000.0, "city": "Ош"}}, {"type": "Feature", "geometry": {"type": "Point", "coordinates": [72.816733, 40.526109]}, "properties": {"id": 3263, "price": 601000.0, "city": "Ош"}}, {"type": "Feature", "geometry": {"type": "Point", "coordinates": [72.814141, 40.535808]}, "properties": {"id": 3264, "price": 1258000.0, "city": "Ош"}}, {"type": "Feature", "geometry": {"type": "Point", "coordinates": [72.848837, 40.533003]}, "properties": {"id": 3265, "price": 19535000.0, "city": "Ош"}}, {"type": "Feature", "geometry": {"type": "Point", "coordinates": [72.835314, 40.557731]}, "properties": {"id": 3266, "price": 7855000.0, "city": "Ош"}}, {"type": "Feature", "geometry": {"type": "Point", "coordinates": [72.797774, 40.48959]}, "properties": {"id": 3267, "price": 2169000.0, "city": "Ош"}}, {"type": "Feature", "geometry": {"type": "Point", "coordinates": [72.796471, 40.544481]}, "properties": {"id": 3268, "price": 940000.0, "city": "Ош"}}, {"type": "Feature", "geometry": {"type": "Point", "coordinates": [72.699387, 40.560914]}, "properties": {"id": 3269, "price": 56583000.0, "city": "Ош"}}, {"type": "Feature", "geometry": {"type": "Point", "coordinates": [72.846592, 40.576932]}, "properties": {"id": 3270, "price": 51711000.0, "city": "Ош"}}, {"type": "Feature", "geometry": {"type": "Point", "coordinates": [72.876202, 40.461703]}, "properties": {"id": 3271, "price": 870000.0, "city": "Ош"}}, {"type": "Feature", "geometry": {"type": "Point", "coordinates": [72.792182, 40.484021]}, "properties": {"id": 3272, "price": 16339000.0, "city": "Ош"}}, {"type": "Feature", "geometry": {"type": "Point", "coordinates": [72.798608, 40.542512]}, "properties": {"id": 3273, "price": 3316000.0, "city": "Ош"}}, {"type": "Feature", "geometry": {"type": "Point", "coordinates": [72.78879, 40.503722]}, "properties": {"id": 3274, "price": 4887000.0, "city": "Ош"}}, {"type": "Feature", "geometry": {"type": "Point", "coordinates": [72.846599, 40.544083]}, "properties": {"id": 3275, "price": 3875000.0, "city": "Ош"}}, {"type": "Feature", "geometry": {"type": "Point", "coordinates": [72.895697, 40.540997]}, "properties": {"id": 3276, "price": 7797000.0, "city": "Ош"}}, {"type": "Feature", "geometry": {"type": "Point", "coordinates": [72.850491, 40.483375]}, "properties": {"id": 3277, "price": 10432000.0, "city": "Ош"}}, {"type": "Feature", "geometry": {"type": "Point", "coordinates": [72.792725, 40.599727]}, "properties": {"id": 3278, "price": 27523000.0, "city": "Ош"}}, {"type": "Feature", "geometry": {"type": "Point", "coordinates": [72.769637, 40.456766]}, "properties": {"id": 3279, "price": 21765000.0, "city": "Ош"}}, {"type": "Feature", "geometry": {"type": "Point", "coordinates": [72.718157, 40.49867]}, "properties": {"id": 3280, "price": 6515000.0, "city": "Ош"}}, {"type": "Feature", "geometry": {"type": "Point", "coordinates": [72.818597, 40.464108]}, "properties": {"id": 3281, "price": 11438000.0, "city": "Ош"}}, {"type": "Feature", "geometry": {"type": "Point", "coordinates": [72.836582, 40.555708]}, "properties": {"id": 3282, "price": 14535000.0, "city": "Ош"}}, {"type": "Feature", "geometry": {"type": "Point", "coordinates": [72.732194, 40.602298]}, "properties": {"id": 3283, "price": 14489000.0, "city": "Ош"}}, {"type": "Feature", "geometry": {"type": "Point", "coordinates": [72.772378, 40.591026]}, "properties": {"id": 3284, "price": 5901000.0, "city": "Ош"}}, {"type": "Feature", "geometry": {"type": "Point", "coordinates": [72.710495, 40.625816]}, "properties": {"id": 3285, "price": 9772000.0, "city": "Ош"}}, {"type": "Feature", "geometry": {"type": "Point", "coordinates": [72.755893, 40.449495]}, "properties": {"id": 3286, "price": 5039000.0, "city": "Ош"}}, {"type": "Feature", "geometry": {"type": "Point", "coordinates": [72.818575, 40.528403]}, "properties": {"id": 3287, "price": 930000.0, "city": "Ош"}}, {"type": "Feature", "geometry": {"type": "Point", "coordinates": [72.857689, 40.503477]}, "properties": {"id": 3288, "price": 5696000.0, "city": "Ош"}}, {"type": "Feature", "geometry": {"type": "Point", "coordinates": [72.759946, 40.44741]}, "properties": {"id": 3289, "price": 2804000.0, "city": "Ош"}}, {"type": "Feature", "geometry": {"type": "Point", "coordinates": [72.825045, 40.530269]}, "properties": {"id": 3290, "price": 2118000.0, "city": "Ош"}}, {"type": "Feature", "geometry": {"type": "Point", "coordinates": [72.797128, 40.445223]}, "properties": {"id": 3291, "price": 7886000.0, "city": "Ош"}}, {"type": "Feature", "geometry": {"type": "Point", "coordinates": [72.822046, 40.451971]}, "properties": {"id": 3292, "price": 7117000.0, "city": "Ош"}}, {"type": "Feature", "geometry": {"type": "Point", "coordinates": [72.900537, 40.439445]}, "properties": {"id": 3293, "price": 5598000.0, "city": "Ош"}}, {"type": "Feature", "geometry": {"type": "Point", "coordinates": [72.769301, 40.517245]}, "properties": {"id": 3294, "price": 7711000.0, "city": "Ош"}}, {"type": "Feature", "geometry": {"type": "Point", "coordinates": [72.795587, 40.464836]}, "properties": {"id": 3295, "price": 13870000.0, "city": "Ош"}}, {"type": "Feature", "geometry": {"type": "Point", "coordinates": [72.760889, 40.609183]}, "properties": {"id": 3296, "price": 7685000.0, "city": "Ош"}}, {"type": "Feature", "geometry": {"type": "Point", "coordinates": [72.717627, 40.520948]}, "properties": {"id": 3297, "price": 1443000.0, "city": "Ош"}}, {"type": "Feature", "geometry": {"type": "Point", "coordinates": [72.737102, 40.574035]}, "properties": {"id": 3298, "price": 2137000.0, "city": "Ош"}}, {"type": "Feature", "geometry": {"type": "Point", "coordinates": [72.718261, 40.557499]}, "properties": {"id": 3299, "price": 10260000.0, "city": "Ош"}}, {"type": "Feature", "geometry": {"type": "Point", "coordinates": [72.87994, 40.533299]}, "properties": {"id": 3300, "price": 3539000.0, "city": "Ош"}}, {"type": "Feature", "geometry": {"type": "Point", "coordinates": [72.810734, 40.546723]}, "properties": {"id": 3301, "price": 29673000.0, "city": "Ош"}}, {"type": "Feature", "geometry": {"type": "Point", "coordinates": [72.730153, 40.579753]}, "properties": {"id": 3302, "price": 3483000.0, "city": "Ош"}}, {"type": "Feature", "geometry": {"type": "Point", "coordinates": [72.803869, 40.52398]}, "properties": {"id": 3303, "price": 891000.0, "city": "Ош"}}, {"type": "Feature", "geometry": {"type": "Point", "coordinates": [72.830597, 40.604584]}, "properties": {"id": 3304, "price": 1208000.0, "city": "Ош"}}, {"type": "Feature", "geometry": {"type": "Point", "coordinates": [72.844898, 40.518727]}, "properties": {"id": 3305, "price": 5015000.0, "city": "Ош"}}, {"type": "Feature", "geometry": {"type": "Point", "coordinates": [72.787756, 40.497002]}, "properties": {"id": 3306, "price": 4042000.0, "city": "Ош"}}, {"type": "Feature", "geometry": {"type": "Point", "coordinates": [72.74589, 40.559078]}, "properties": {"id": 3307, "price": 6074000.0, "city": "Ош"}}, {"type": "Feature", "geometry": {"type": "Point", "coordinates": [72.850522, 40.546608]}, "properties": {"id": 3308, "price": 1367000.0, "city": "Ош"}}, {"type": "Feature", "geometry": {"type": "Point", "coordinates": [72.868565, 40.546545]}, "properties": {"id": 3309, "price": 12605000.0, "city": "Ош"}}, {"type": "Feature", "geometry": {"type": "Point", "coordinates": [72.780172, 40.528039]}, "properties": {"id": 3310, "price": 6101000.0, "city": "Ош"}}, {"type": "Feature", "geometry": {"type": "Point", "coordinates": [72.728849, 40.629578]}, "properties": {"id": 3311, "price": 3137000.0, "city": "Ош"}}, {"type": "Feature", "geometry": {"type": "Point", "coordinates": [72.850499, 40.545518]}, "properties": {"id": 3312, "price": 38995000.0, "city": "Ош"}}, {"type": "Feature", "geometry": {"type": "Point", "coordinates": [72.781974, 40.527918]}, "properties": {"id": 3313, "price": 16587000.0, "city": "Ош"}}, {"type": "Feature", "geometry": {"type": "Point", "coordinates": [72.843769, 40.509759]}, "properties": {"id": 3314, "price": 10897000.0, "city": "Ош"}}, {"type": "Feature", "geometry": {"type": "Point", "coordinates": [72.811837, 40.531806]}, "properties": {"id": 3315, "price": 2465000.0, "city": "Ош"}}, {"type": "Feature", "geometry": {"type": "Point", "coordinates": [72.819213, 40.508115]}, "properties": {"id": 3316, "price": 3051000.0, "city": "Ош"}}, {"type": "Feature", "geometry": {"type": "Point", "coordinates": [72.862049, 40.597746]}, "properties": {"id": 3317, "price": 19226000.0, "city": "Ош"}}, {"type": "Feature", "geometry": {"type": "Point", "coordinates": [72.750065, 40.55118]}, "properties": {"id": 3318, "price": 6486000.0, "city": "Ош"}}, {"type": "Feature", "geometry": {"type": "Point", "coordinates": [72.721838, 40.599183]}, "properties": {"id": 3319, "price": 3244000.0, "city": "Ош"}}, {"type": "Feature", "geometry": {"type": "Point", "coordinates": [72.740191, 40.497293]}, "properties": {"id": 3320, "price": 7511000.0, "city": "Ош"}}, {"type": "Feature", "geometry": {"type": "Point", "coordinates": [72.792778, 40.558831]}, "properties": {"id": 3321, "price": 1395000.0, "city": "Ош"}}, {"type": "Feature", "geometry": {"type": "Point", "coordinates": [72.820143, 40.549595]}, "properties": {"id": 3322, "price": 10389000.0, "city": "Ош"}}, {"type": "Feature", "geometry": {"type": "Point", "coordinates": [72.79521, 40.533415]}, "properties": {"id": 3323, "price": 17682000.0, "city": "Ош"}}, {"type": "Feature", "geometry": {"type": "Point", "coordinates": [72.864155, 40.489642]}, "properties": {"id": 3324, "price": 1038000.0, "city": "Ош"}}, {"type": "Feature", "geometry": {"type": "Point", "coordinates": [72.763423, 40.59058]}, "properties": {"id": 3325, "price": 10745000.0, "city": "Ош"}}, {"type": "Feature", "geometry": {"type": "Point", "coordinates": [72.734278, 40.556817]}, "properties": {"id": 3326, "price": 24062000.0, "city": "Ош"}}, {"type": "Feature", "geometry": {"type": "Point", "coordinates": [72.847389, 40.589705]}, "properties": {"id": 3327, "price": 42511000.0, "city": "Ош"}}, {"type": "Feature", "geometry": {"type": "Point", "coordinates": [72.760202, 40.54931]}, "properties": {"id": 3328, "price": 3103000.0, "city": "Ош"}}, {"type": "Feature", "geometry": {"type": "Point", "coordinates": [72.73163, 40.522094]}, "properties": {"id": 3329, "price": 3532000.0, "city": "Ош"}}, {"type": "Feature", "geometry": {"type": "Point", "coordinates": [72.764107, 40.538996]}, "properties": {"id": 3330, "price": 5111000.0, "city": "Ош"}}, {"type": "Feature", "geometry": {"type": "Point", "coordinates": [72.832233, 40.546991]}, "properties": {"id": 3331, "price": 34306000.0, "city": "Ош"}}, {"type": "Feature", "geometry": {"type": "Point", "coordinates": [72.717831, 40.591659]}, "properties": {"id": 3332, "price": 55021000.0, "city": "Ош"}}, {"type": "Feature", "geometry": {"type": "Point", "coordinates": [72.819386, 40.551438]}, "properties": {"id": 3333, "price": 6323000.0, "city": "Ош"}}, {"type": "Feature", "geometry": {"type": "Point", "coordinates": [72.657185, 40.583302]}, "properties": {"id": 3334, "price": 4315000.0, "city": "Ош"}}, {"type": "Feature", "geometry": {"type": "Point", "coordinates": [72.872598, 40.565406]}, "properties": {"id": 3335, "price": 1592000.0, "city": "Ош"}}, {"type": "Feature", "geometry": {"type": "Point", "coordinates": [72.769556, 40.52102]}, "properties": {"id": 3336, "price": 920000.0, "city": "Ош"}}, {"type": "Feature", "geometry": {"type": "Point", "coordinates": [72.797973, 40.526559]}, "properties": {"id": 3337, "price": 2491000.0, "city": "Ош"}}, {"type": "Feature", "geometry": {"type": "Point", "coordinates": [72.850601, 40.576356]}, "properties": {"id": 3338, "price": 3044000.0, "city": "Ош"}}, {"type": "Feature", "geometry": {"type": "Point", "coordinates": [72.817852, 40.516317]}, "properties": {"id": 3339, "price": 54423000.0, "city": "Ош"}}, {"type": "Feature", "geometry": {"type": "Point", "coordinates": [72.809205, 40.505395]}, "properties": {"id": 3340, "price": 5394000.0, "city": "Ош"}}, {"type": "Feature", "geometry": {"type": "Point", "coordinates": [72.836225, 40.558989]}, "properties": {"id": 3341, "price": 5707000.0, "city": "Ош"}}, {"type": "Feature", "geometry": {"type": "Point", "coordinates": [72.808398, 40.509142]}, "properties": {"id": 3342, "price": 1824000.0, "city": "Ош"}}, {"type": "Feature", "geometry": {"type": "Point", "coordinates": [72.810861, 40.520069]}, "properties": {"id": 3343, "price": 7937000.0, "city": "Ош"}}, {"type": "Feature", "geometry": {"type": "Point", "coordinates": [72.768986, 40.51931]}, "properties": {"id": 3344, "price": 18077000.0, "city": "Ош"}}, {"type": "Feature", "geometry": {"type": "Point", "coordinates": [72.779235, 40.557554]}, "properties": {"id": 3345, "price": 743000.0, "city": "Ош"}}, {"type": "Feature", "geometry": {"type": "Point", "coordinates": [72.717197, 40.570782]}, "properties": {"id": 3346, "price": 8332000.0, "city": "Ош"}}, {"type": "Feature", "geometry": {"type": "Point", "coordinates": [72.75085, 40.44135]}, "properties": {"id": 3347, "price": 6032000.0, "city": "Ош"}}, {"type": "Feature", "geometry": {"type": "Point", "coordinates": [72.850131, 40.477512]}, "properties": {"id": 3348, "price": 2076000.0, "city": "Ош"}}, {"type": "Feature", "geometry": {"type": "Point", "coordinates": [72.823721, 40.441727]}, "properties": {"id": 3349, "price": 6777000.0, "city": "Ош"}}, {"type": "Feature", "geometry": {"type": "Point", "coordinates": [72.833467, 40.5838]}, "properties": {"id": 3350, "price": 2455000.0, "city": "Ош"}}, {"type": "Feature", "geometry": {"type": "Point", "coordinates": [72.789715, 40.537625]}, "properties": {"id": 3351, "price": 804000.0, "city": "Ош"}}, {"type": "Feature", "geometry": {"type": "Point", "coordinates": [72.819614, 40.517113]}, "properties": {"id": 3352, "price": 4848000.0, "city": "Ош"}}, {"type": "Feature", "geometry": {"type": "Point", "coordinates": [72.760598, 40.564256]}, "properties": {"id": 3353, "price": 19005000.0, "city": "Ош"}}, {"type": "Feature", "geometry": {"type": "Point", "coordinates": [72.781625, 40.585593]}, "properties": {"id": 3354, "price": 1340000.0, "city": "Ош"}}, {"type": "Feature", "geometry": {"type": "Point", "coordinates": [72.851065, 40.515873]}, "properties": {"id": 3355, "price": 7356000.0, "city": "Ош"}}, {"type": "Feature", "geometry": {"type": "Point", "coordinates": [72.773836, 40.468751]}, "properties": {"id": 3356, "price": 44208000.0, "city": "Ош"}}, {"type": "Feature", "geometry": {"type": "Point", "coordinates": [72.768816, 40.483167]}, "properties": {"id": 3357, "price": 3455000.0, "city": "Ош"}}, {"type": "Feature", "geometry": {"type": "Point", "coordinates": [72.758884, 40.535671]}, "properties": {"id": 3358, "price": 6157000.0, "city": "Ош"}}, {"type": "Feature", "geometry": {"type": "Point", "coordinates": [72.799644, 40.56856]}, "properties": {"id": 3359, "price": 1293000.0, "city": "Ош"}}, {"type": "Feature", "geometry": {"type": "Point", "coordinates": [72.761144, 40.529692]}, "properties": {"id": 3360, "price": 56289000.0, "city": "Ош"}}, {"type": "Feature", "geometry": {"type": "Point", "coordinates": [72.761874, 40.516212]}, "properties": {"id": 3361, "price": 2582000.0, "city": "Ош"}}, {"type": "Feature", "geometry": {"type": "Point", "coordinates": [72.753944, 40.527865]}, "properties": {"id": 3362, "price": 1617000.0, "city": "Ош"}}, {"type": "Feature", "geometry": {"type": "Point", "coordinates": [72.758401, 40.468253]}, "properties": {"id": 3363, "price": 9671000.0, "city": "Ош"}}, {"type": "Feature", "geometry": {"type": "Point", "coordinates": [72.804695, 40.495667]}, "properties": {"id": 3364, "price": 4807000.0, "city": "Ош"}}, {"type": "Feature", "geometry": {"type": "Point", "coordinates": [72.761815, 40.522482]}, "properties": {"id": 3365, "price": 14981000.0, "city": "Ош"}}, {"type": "Feature", "geometry": {"type": "Point", "coordinates": [72.833448, 40.59706]}, "properties": {"id": 3366, "price": 15663000.0, "city": "Ош"}}, {"type": "Feature", "geometry": {"type": "Point", "coordinates": [72.821826, 40.609441]}, "properties": {"id": 3367, "price": 10197000.0, "city": "Ош"}}, {"type": "Feature", "geometry": {"type": "Point", "coordinates": [72.768321, 40.49082]}, "properties": {"id": 3368, "price": 1762000.0, "city": "Ош"}}, {"type": "Feature", "geometry": {"type": "Point", "coordinates": [72.792422, 40.590824]}, "properties": {"id": 3369, "price": 3732000.0, "city": "Ош"}}, {"type": "Feature", "geometry": {"type": "Point", "coordinates": [72.773001, 40.511789]}, "properties": {"id": 3370, "price": 52525000.0, "city": "Ош"}}, {"type": "Feature", "geometry": {"type": "Point", "coordinates": [72.803622, 40.532632]}, "properties": {"id": 3371, "price": 2842000.0, "city": "Ош"}}, {"type": "Feature", "geometry": {"type": "Point", "coordinates": [72.84455, 40.511281]}, "properties": {"id": 3372, "price": 43343000.0, "city": "Ош"}}, {"type": "Feature", "geometry": {"type": "Point", "coordinates": [72.790131, 40.590417]}, "properties": {"id": 3373, "price": 722000.0, "city": "Ош"}}, {"type": "Feature", "geometry": {"type": "Point", "coordinates": [72.685617, 40.588851]}, "properties": {"id": 3374, "price": 5382000.0, "city": "Ош"}}, {"type": "Feature", "geometry": {"type": "Point", "coordinates": [72.782798, 40.547807]}, "properties": {"id": 3375, "price": 1467000.0, "city": "Ош"}}, {"type": "Feature", "geometry": {"type": "Point", "coordinates": [72.804772, 40.51871]}, "properties": {"id": 3376, "price": 11328000.0, "city": "Ош"}}, {"type": "Feature", "geometry": {"type": "Point", "coordinates": [72.766061, 40.522327]}, "properties": {"id": 3377, "price": 19109000.0, "city": "Ош"}}, {"type": "Feature", "geometry": {"type": "Point", "coordinates": [72.788202, 40.504904]}, "properties": {"id": 3378, "price": 14799000.0, "city": "Ош"}}, {"type": "Feature", "geometry": {"type": "Point", "coordinates": [72.840765, 40.535528]}, "properties": {"id": 3379, "price": 4386000.0, "city": "Ош"}}, {"type": "Feature", "geometry": {"type": "Point", "coordinates": [72.770543, 40.546906]}, "properties": {"id": 3380, "price": 5853000.0, "city": "Ош"}}, {"type": "Feature", "geometry": {"type": "Point", "coordinates": [72.794009, 40.58976]}, "properties": {"id": 3381, "price": 9820000.0, "city": "Ош"}}, {"type": "Feature", "geometry": {"type": "Point", "coordinates": [72.762941, 40.519996]}, "properties": {"id": 3382, "price": 2534000.0, "city": "Ош"}}, {"type": "Feature", "geometry": {"type": "Point", "coordinates": [72.813788, 40.50599]}, "properties": {"id": 3383, "price": 7772000.0, "city": "Ош"}}, {"type": "Feature", "geometry": {"type": "Point", "coordinates": [72.86211, 40.573064]}, "properties": {"id": 3384, "price": 30789000.0, "city": "Ош"}}, {"type": "Feature", "geometry": {"type": "Point", "coordinates": [72.779893, 40.534741]}, "properties": {"id": 3385, "price": 10652000.0, "city": "Ош"}}, {"type": "Feature", "geometry": {"type": "Point", "coordinates": [72.77379, 40.539816]}, "properties": {"id": 3386, "price": 1129000.0, "city": "Ош"}}, {"type": "Feature", "geometry": {"type": "Point", "coordinates": [72.825957, 40.553765]}, "properties": {"id": 3387, "price": 1991000.0, "city": "Ош"}}, {"type": "Feature", "geometry": {"type": "Point", "coordinates": [72.763954, 40.506909]}, "properties": {"id": 3388, "price": 841000.0, "city": "Ош"}}, {"type": "Feature", "geometry": {"type": "Point", "coordinates": [72.861823, 40.568005]}, "properties": {"id": 3389, "price": 6696000.0, "city": "Ош"}}, {"type": "Feature", "geometry": {"type": "Point", "coordinates": [72.753494, 40.574274]}, "properties": {"id": 3390, "price": 5706000.0, "city": "Ош"}}, {"type": "Feature", "geometry": {"type": "Point", "coordinates": [72.787346, 40.625132]}, "properties": {"id": 3391, "price": 6948000.0, "city": "Ош"}}, {"type": "Feature", "geometry": {"type": "Point", "coordinates": [72.76077, 40.527055]}, "properties": {"id": 3392, "price": 6078000.0, "city": "Ош"}}, {"type": "Feature", "geometry": {"type": "Point", "coordinates": [72.832352, 40.480739]}, "properties": {"id": 3393, "price": 6517000.0, "city": "Ош"}}, {"type": "Feature", "geometry": {"type": "Point", "coordinates": [72.743837, 40.491679]}, "properties": {"id": 3394, "price": 6940000.0, "city": "Ош"}}, {"type": "Feature", "geometry": {"type": "Point", "coordinates": [72.810401, 40.570675]}, "properties": {"id": 3395, "price": 4244000.0, "city": "Ош"}}, {"type": "Feature", "geometry": {"type": "Point", "coordinates": [72.791756, 40.564548]}, "properties": {"id": 3396, "price": 5349000.0, "city": "Ош"}}, {"type": "Feature", "geometry": {"type": "Point", "coordinates": [72.904071, 40.548998]}, "properties": {"id": 3397, "price": 2274000.0, "city": "Ош"}}, {"type": "Feature", "geometry": {"type": "Point", "coordinates": [72.72286, 40.556866]}, "properties": {"id": 3398, "price": 4726000.0, "city": "Ош"}}, {"type": "Feature", "geometry": {"type": "Point", "coordinates": [72.761662, 40.568564]}, "properties": {"id": 3399, "price": 18910000.0, "city": "Ош"}}, {"type": "Feature", "geometry": {"type": "Point", "coordinates": [72.829211, 40.551399]}, "properties": {"id": 3400, "price": 1480000.0, "city": "Ош"}}, {"type": "Feature", "geometry": {"type": "Point", "coordinates": [72.851343, 40.532064]}, "properties": {"id": 3401, "price": 2649000.0, "city": "Ош"}}, {"type": "Feature", "geometry": {"type": "Point", "coordinates": [72.762711, 40.484922]}, "properties": {"id": 3402, "price": 18151000.0, "city": "Ош"}}, {"type": "Feature", "geometry": {"type": "Point", "coordinates": [72.842488, 40.527405]}, "properties": {"id": 3403, "price": 9080000.0, "city": "Ош"}}, {"type": "Feature", "geometry": {"type": "Point", "coordinates": [72.817107, 40.523006]}, "properties": {"id": 3404, "price": 3250000.0, "city": "Ош"}}, {"type": "Feature", "geometry": {"type": "Point", "coordinates": [72.891673, 40.582841]}, "properties": {"id": 3405, "price": 4466000.0, "city": "Ош"}}, {"type": "Feature", "geometry": {"type": "Point", "coordinates": [72.822912, 40.504767]}, "properties": {"id": 3406, "price": 29164000.0, "city": "Ош"}}, {"type": "Feature", "geometry": {"type": "Point", "coordinates": [72.779406, 40.583525]}, "properties": {"id": 3407, "price": 821000.0, "city": "Ош"}}, {"type": "Feature", "geometry": {"type": "Point", "coordinates": [72.862127, 40.554117]}, "properties": {"id": 3408, "price": 19446000.0, "city": "Ош"}}, {"type": "Feature", "geometry": {"type": "Point", "coordinates": [72.826126, 40.522941]}, "properties": {"id": 3409, "price": 7710000.0, "city": "Ош"}}, {"type": "Feature", "geometry": {"type": "Point", "coordinates": [72.826095, 40.512738]}, "properties": {"id": 3410, "price": 10345000.0, "city": "Ош"}}, {"type": "Feature", "geometry": {"type": "Point", "coordinates": [72.796079, 40.516655]}, "properties": {"id": 3411, "price": 2561000.0, "city": "Ош"}}, {"type": "Feature", "geometry": {"type": "Point", "coordinates": [72.810032, 40.553885]}, "properties": {"id": 3412, "price": 6804000.0, "city": "Ош"}}, {"type": "Feature", "geometry": {"type": "Point", "coordinates": [72.795659, 40.507459]}, "properties": {"id": 3413, "price": 29826000.0, "city": "Ош"}}, {"type": "Feature", "geometry": {"type": "Point", "coordinates": [72.888365, 40.537861]}, "properties": {"id": 3414, "price": 14159000.0, "city": "Ош"}}, {"type": "Feature", "geometry": {"type": "Point", "coordinates": [72.852877, 40.539922]}, "properties": {"id": 3415, "price": 924000.0, "city": "Ош"}}, {"type": "Feature", "geometry": {"type": "Point", "coordinates": [72.825001, 40.540837]}, "properties": {"id": 3416, "price": 2668000.0, "city": "Ош"}}, {"type": "Feature", "geometry": {"type": "Point", "coordinates": [72.82969, 40.482274]}, "properties": {"id": 3417, "price": 1190000.0, "city": "Ош"}}, {"type": "Feature", "geometry": {"type": "Point", "coordinates": [72.809839, 40.552354]}, "properties": {"id": 3418, "price": 2136000.0, "city": "Ош"}}, {"type": "Feature", "geometry": {"type": "Point", "coordinates": [72.800475, 40.516238]}, "properties": {"id": 3419, "price": 3003000.0, "city": "Ош"}}, {"type": "Feature", "geometry": {"type": "Point", "coordinates": [72.721845, 40.552663]}, "properties": {"id": 3420, "price": 4975000.0, "city": "Ош"}}, {"type": "Feature", "geometry": {"type": "Point", "coordinates": [72.755771, 40.521208]}, "properties": {"id": 3421, "price": 7811000.0, "city": "Ош"}}, {"type": "Feature", "geometry": {"type": "Point", "coordinates": [72.83942, 40.518326]}, "properties": {"id": 3422, "price": 6592000.0, "city": "Ош"}}, {"type": "Feature", "geometry": {"type": "Point", "coordinates": [72.79969, 40.457894]}, "properties": {"id": 3423, "price": 5038000.0, "city": "Ош"}}, {"type": "Feature", "geometry": {"type": "Point", "coordinates": [72.747048, 40.531951]}, "properties": {"id": 3424, "price": 10483000.0, "city": "Ош"}}, {"type": "Feature", "geometry": {"type": "Point", "coordinates": [72.765122, 40.507727]}, "properties": {"id": 3425, "price": 2051000.0, "city": "Ош"}}, {"type": "Feature", "geometry": {"type": "Point", "coordinates": [72.762753, 40.555853]}, "properties": {"id": 3426, "price": 4573000.0, "city": "Ош"}}, {"type": "Feature", "geometry": {"type": "Point", "coordinates": [72.802563, 40.540676]}, "properties": {"id": 3427, "price": 6192000.0, "city": "Ош"}}, {"type": "Feature", "geometry": {"type": "Point", "coordinates": [72.85424, 40.60493]}, "properties": {"id": 3428, "price": 16991000.0, "city": "Ош"}}, {"type": "Feature", "geometry": {"type": "Point", "coordinates": [72.777392, 40.502262]}, "properties": {"id": 3429, "price": 639000.0, "city": "Ош"}}, {"type": "Feature", "geometry": {"type": "Point", "coordinates": [72.806947, 40.580885]}, "properties": {"id": 3430, "price": 5332000.0, "city": "Ош"}}, {"type": "Feature", "geometry": {"type": "Point", "coordinates": [72.709112, 40.553193]}, "properties": {"id": 3431, "price": 5079000.0, "city": "Ош"}}, {"type": "Feature", "geometry": {"type": "Point", "coordinates": [72.903687, 40.567662]}, "properties": {"id": 3432, "price": 19073000.0, "city": "Ош"}}, {"type": "Feature", "geometry": {"type": "Point", "coordinates": [72.795814, 40.547267]}, "properties": {"id": 3433, "price": 4933000.0, "city": "Ош"}}, {"type": "Feature", "geometry": {"type": "Point", "coordinates": [72.77265, 40.493596]}, "properties": {"id": 3434, "price": 4774000.0, "city": "Ош"}}, {"type": "Feature", "geometry": {"type": "Point", "coordinates": [72.748916, 40.52896]}, "properties": {"id": 3435, "price": 54745000.0, "city": "Ош"}}, {"type": "Feature", "geometry": {"type": "Point", "coordinates": [72.758395, 40.5384]}, "properties": {"id": 3436, "price": 2813000.0, "city": "Ош"}}, {"type": "Feature", "geometry": {"type": "Point", "coordinates": [72.870558, 40.653942]}, "properties": {"id": 3437, "price": 2307000.0, "city": "Ош"}}, {"type": "Feature", "geometry": {"type": "Point", "coordinates": [72.798764, 40.542985]}, "properties": {"id": 3438, "price": 1851000.0, "city": "Ош"}}, {"type": "Feature", "geometry": {"type": "Point", "coordinates": [72.845213, 40.539911]}, "properties": {"id": 3439, "price": 13523000.0, "city": "Ош"}}, {"type": "Feature", "geometry": {"type": "Point", "coordinates": [72.773417, 40.507474]}, "properties": {"id": 3440, "price": 1841000.0, "city": "Ош"}}, {"type": "Feature", "geometry": {"type": "Point", "coordinates": [72.834545, 40.566814]}, "properties": {"id": 3441, "price": 6818000.0, "city": "Ош"}}, {"type": "Feature", "geometry": {"type": "Point", "coordinates": [72.876217, 40.550619]}, "properties": {"id": 3442, "price": 14796000.0, "city": "Ош"}}, {"type": "Feature", "geometry": {"type": "Point", "coordinates": [72.907736, 40.581473]}, "properties": {"id": 3443, "price": 35117000.0, "city": "Ош"}}, {"type": "Feature", "geometry": {"type": "Point", "coordinates": [72.774199, 40.491993]}, "properties": {"id": 3444, "price": 11205000.0, "city": "Ош"}}, {"type": "Feature", "geometry": {"type": "Point", "coordinates": [72.862614, 40.610865]}, "properties": {"id": 3445, "price": 1521000.0, "city": "Ош"}}, {"type": "Feature", "geometry": {"type": "Point", "coordinates": [72.789628, 40.541108]}, "properties": {"id": 3446, "price": 2889000.0, "city": "Ош"}}, {"type": "Feature", "geometry": {"type": "Point", "coordinates": [72.81996, 40.587891]}, "properties": {"id": 3447, "price": 7130000.0, "city": "Ош"}}, {"type": "Feature", "geometry": {"type": "Point", "coordinates": [72.832814, 40.579161]}, "properties": {"id": 3448, "price": 2799000.0, "city": "Ош"}}, {"type": "Feature", "geometry": {"type": "Point", "coordinates": [72.816659, 40.533059]}, "properties": {"id": 3449, "price": 11186000.0, "city": "Ош"}}, {"type": "Feature", "geometry": {"type": "Point", "coordinates": [72.783458, 40.534809]}, "properties": {"id": 3450, "price": 7906000.0, "city": "Ош"}}, {"type": "Feature", "geometry": {"type": "Point", "coordinates": [72.846739, 40.509119]}, "properties": {"id": 3451, "price": 1703000.0, "city": "Ош"}}, {"type": "Feature", "geometry": {"type": "Point", "coordinates": [72.850287, 40.496177]}, "properties": {"id": 3452, "price": 54024000.0, "city": "Ош"}}, {"type": "Feature", "geometry": {"type": "Point", "coordinates": [72.833431, 40.52344]}, "properties": {"id": 3453, "price": 7446000.0, "city": "Ош"}}, {"type": "Feature", "geometry": {"type": "Point", "coordinates": [72.815868, 40.495936]}, "properties": {"id": 3454, "price": 5634000.0, "city": "Ош"}}, {"type": "Feature", "geometry": {"type": "Point", "coordinates": [72.757768, 40.458686]}, "properties": {"id": 3455, "price": 6413000.0, "city": "Ош"}}, {"type": "Feature", "geometry": {"type": "Point", "coordinates": [72.827007, 40.459709]}, "properties": {"id": 3456, "price": 2556000.0, "city": "Ош"}}, {"type": "Feature", "geometry": {"type": "Point", "coordinates": [72.767181, 40.547479]}, "properties": {"id": 3457, "price": 32023000.0, "city": "Ош"}}, {"type": "Feature", "geometry": {"type": "Point", "coordinates": [72.936614, 40.509388]}, "properties": {"id": 3458, "price": 2020000.0, "city": "Ош"}}, {"type": "Feature", "geometry": {"type": "Point", "coordinates": [72.811081, 40.500079]}, "properties": {"id": 3459, "price": 14660000.0, "city": "Ош"}}, {"type": "Feature", "geometry": {"type": "Point", "coordinates": [72.817698, 40.506777]}, "properties": {"id": 3460, "price": 38574000.0, "city": "Ош"}}, {"type": "Feature", "geometry": {"type": "Point", "coordinates": [72.81171, 40.549831]}, "properties": {"id": 3461, "price": 4815000.0, "city": "Ош"}}, {"type": "Feature", "geometry": {"type": "Point", "coordinates": [72.797797, 40.486135]}, "properties": {"id": 3462, "price": 795000.0, "city": "Ош"}}, {"type": "Feature", "geometry": {"type": "Point", "coordinates": [72.826951, 40.576946]}, "properties": {"id": 3463, "price": 22653000.0, "city": "Ош"}}, {"type": "Feature", "geometry": {"type": "Point", "coordinates": [72.763072, 40.619893]}, "properties": {"id": 3464, "price": 7075000.0, "city": "Ош"}}, {"type": "Feature", "geometry": {"type": "Point", "coordinates": [72.828888, 40.574965]}, "properties": {"id": 3465, "price": 2850000.0, "city": "Ош"}}, {"type": "Feature", "geometry": {"type": "Point", "coordinates": [72.824301, 40.555316]}, "properties": {"id": 3466, "price": 13902000.0, "city": "Ош"}}, {"type": "Feature", "geometry": {"type": "Point", "coordinates": [72.857913, 40.517459]}, "properties": {"id": 3467, "price": 7247000.0, "city": "Ош"}}, {"type": "Feature", "geometry": {"type": "Point", "coordinates": [72.785963, 40.593187]}, "properties": {"id": 3468, "price": 982000.0, "city": "Ош"}}, {"type": "Feature", "geometry": {"type": "Point", "coordinates": [72.779607, 40.571725]}, "properties": {"id": 3469, "price": 797000.0, "city": "Ош"}}, {"type": "Feature", "geometry": {"type": "Point", "coordinates": [72.801682, 40.52737]}, "properties": {"id": 3470, "price": 5463000.0, "city": "Ош"}}, {"type": "Feature", "geometry": {"type": "Point", "coordinates": [72.899708, 40.59833]}, "properties": {"id": 3471, "price": 15776000.0, "city": "Ош"}}, {"type": "Feature", "geometry": {"type": "Point", "coordinates": [72.802905, 40.532851]}, "properties": {"id": 3472, "price": 920000.0, "city": "Ош"}}, {"type": "Feature", "geometry": {"type": "Point", "coordinates": [72.842792, 40.528602]}, "properties": {"id": 3473, "price": 7134000.0, "city": "Ош"}}, {"type": "Feature", "geometry": {"type": "Point", "coordinates": [72.763417, 40.57881]}, "properties": {"id": 3474, "price": 2743000.0, "city": "Ош"}}, {"type": "Feature", "geometry": {"type": "Point", "coordinates": [72.79388, 40.544109]}, "properties": {"id": 3475, "price": 7941000.0, "city": "Ош"}}, {"type": "Feature", "geometry": {"type": "Point", "coordinates": [72.737123, 40.478012]}, "properties": {"id": 3476, "price": 1008000.0, "city": "Ош"}}, {"type": "Feature", "geometry": {"type": "Point", "coordinates": [72.6895, 40.623408]}, "properties": {"id": 3477, "price": 2024000.0, "city": "Ош"}}, {"type": "Feature", "geometry": {"type": "Point", "coordinates": [72.758848, 40.49652]}, "properties": {"id": 3478, "price": 11413000.0, "city": "Ош"}}, {"type": "Feature", "geometry": {"type": "Point", "coordinates": [72.856388, 40.557377]}, "properties": {"id": 3479, "price": 2144000.0, "city": "Ош"}}, {"type": "Feature", "geometry": {"type": "Point", "coordinates": [72.793741, 40.513762]}, "properties": {"id": 3480, "price": 6445000.0, "city": "Ош"}}, {"type": "Feature", "geometry": {"type": "Point", "coordinates": [72.886212, 40.55059]}, "properties": {"id": 3481, "price": 6475000.0, "city": "Ош"}}, {"type": "Feature", "geometry": {"type": "Point", "coordinates": [72.815683, 40.493584]}, "properties": {"id": 3482, "price": 4468000.0, "city": "Ош"}}, {"type": "Feature", "geometry": {"type": "Point", "coordinates": [72.787468, 40.489191]}, "properties": {"id": 3483, "price": 10822000.0, "city": "Ош"}}, {"type": "Feature", "geometry": {"type": "Point", "coordinates": [72.838534, 40.529259]}, "properties": {"id": 3484, "price": 1178000.0, "city": "Ош"}}, {"type": "Feature", "geometry": {"type": "Point", "coordinates": [72.815532, 40.554021]}, "properties": {"id": 3485, "price": 2010000.0, "city": "Ош"}}, {"type": "Feature", "geometry": {"type": "Point", "coordinates": [72.815867, 40.547478]}, "properties": {"id": 3486, "price": 3747000.0, "city": "Ош"}}, {"type": "Feature", "geometry": {"type": "Point", "coordinates": [72.869119, 40.56737]}, "properties": {"id": 3487, "price": 5896000.0, "city": "Ош"}}, {"type": "Feature", "geometry": {"type": "Point", "coordinates": [72.790582, 40.48582]}, "properties": {"id": 3488, "price": 2146000.0, "city": "Ош"}}, {"type": "Feature", "geometry": {"type": "Point", "coordinates": [72.853364, 40.512866]}, "properties": {"id": 3489, "price": 7687000.0, "city": "Ош"}}, {"type": "Feature", "geometry": {"type": "Point", "coordinates": [72.812742, 40.582332]}, "properties": {"id": 3490, "price": 976000.0, "city": "Ош"}}, {"type": "Feature", "geometry": {"type": "Point", "coordinates": [72.805979, 40.548525]}, "properties": {"id": 3491, "price": 2647000.0, "city": "Ош"}}, {"type": "Feature", "geometry": {"type": "Point", "coordinates": [72.799604, 40.561916]}, "properties": {"id": 3492, "price": 6292000.0, "city": "Ош"}}, {"type": "Feature", "geometry": {"type": "Point", "coordinates": [72.743448, 40.575466]}, "properties": {"id": 3493, "price": 919000.0, "city": "Ош"}}, {"type": "Feature", "geometry": {"type": "Point", "coordinates": [72.74546, 40.636942]}, "properties": {"id": 3494, "price": 4574000.0, "city": "Ош"}}, {"type": "Feature", "geometry": {"type": "Point", "coordinates": [72.850177, 40.503535]}, "properties": {"id": 3495, "price": 3037000.0, "city": "Ош"}}, {"type": "Feature", "geometry": {"type": "Point", "coordinates": [72.823154, 40.423639]}, "properties": {"id": 3496, "price": 5434000.0, "city": "Ош"}}, {"type": "Feature", "geometry": {"type": "Point", "coordinates": [72.825417, 40.531139]}, "properties": {"id": 3497, "price": 10880000.0, "city": "Ош"}}, {"type": "Feature", "geometry": {"type": "Point", "coordinates": [72.710314, 40.464401]}, "properties": {"id": 3498, "price": 48831000.0, "city": "Ош"}}, {"type": "Feature", "geometry": {"type": "Point", "coordinates": [72.732811, 40.571117]}, "properties": {"id": 3499, "price": 6557000.0, "city": "Ош"}}, {"type": "Feature", "geometry": {"type": "Point", "coordinates": [72.813491, 40.491663]}, "properties": {"id": 3500, "price": 1759000.0, "city": "Ош"}}, {"type": "Feature", "geometry": {"type": "Point", "coordinates": [72.82389, 40.485616]}, "properties": {"id": 3501, "price": 1398000.0, "city": "Ош"}}, {"type": "Feature", "geometry": {"type": "Point", "coordinates": [72.760098, 40.471275]}, "properties": {"id": 3502, "price": 5654000.0, "city": "Ош"}}, {"type": "Feature", "geometry": {"type": "Point", "coordinates": [72.910024, 40.441497]}, "properties": {"id": 3503, "price": 6061000.0, "city": "Ош"}}, {"type": "Feature", "geometry": {"type": "Point", "coordinates": [72.698989, 40.576758]}, "properties": {"id": 3504, "price": 13459000.0, "city": "Ош"}}, {"type": "Feature", "geometry": {"type": "Point", "coordinates": [72.789075, 40.477423]}, "properties": {"id": 3505, "price": 6779000.0, "city": "Ош"}}, {"type": "Feature", "geometry": {"type": "Point", "coordinates": [72.838896, 40.544172]}, "properties": {"id": 3506, "price": 6135000.0, "city": "Ош"}}, {"type": "Feature", "geometry": {"type": "Point", "coordinates": [72.813265, 40.483705]}, "properties": {"id": 3507, "price": 19149000.0, "city": "Ош"}}, {"type": "Feature", "geometry": {"type": "Point", "coordinates": [72.852887, 40.50132]}, "properties": {"id": 3508, "price": 1356000.0, "city": "Ош"}}, {"type": "Feature", "geometry": {"type": "Point", "coordinates": [72.758648, 40.506431]}, "properties": {"id": 3509, "price": 2165000.0, "city": "Ош"}}, {"type": "Feature", "geometry": {"type": "Point", "coordinates": [72.831536, 40.540825]}, "properties": {"id": 3510, "price": 30166000.0, "city": "Ош"}}, {"type": "Feature", "geometry": {"type": "Point", "coordinates": [72.794664, 40.588098]}, "properties": {"id": 3511, "price": 2885000.0, "city": "Ош"}}, {"type": "Feature", "geometry": {"type": "Point", "coordinates": [72.757021, 40.547189]}, "properties": {"id": 3512, "price": 7793000.0, "city": "Ош"}}, {"type": "Feature", "geometry": {"type": "Point", "coordinates": [72.811632, 40.498949]}, "properties": {"id": 3513, "price": 14559000.0, "city": "Ош"}}, {"type": "Feature", "geometry": {"type": "Point", "coordinates": [72.753984, 40.559533]}, "properties": {"id": 3514, "price": 51785000.0, "city": "Ош"}}, {"type": "Feature", "geometry": {"type": "Point", "coordinates": [72.775477, 40.503349]}, "properties": {"id": 3515, "price": 3256000.0, "city": "Ош"}}, {"type": "Feature", "geometry": {"type": "Point", "coordinates": [72.831104, 40.530821]}, "properties": {"id": 3516, "price": 4438000.0, "city": "Ош"}}, {"type": "Feature", "geometry": {"type": "Point", "coordinates": [72.824577, 40.554908]}, "properties": {"id": 3517, "price": 42430000.0, "city": "Ош"}}, {"type": "Feature", "geometry": {"type": "Point", "coordinates": [72.773232, 40.582732]}, "properties": {"id": 3518, "price": 2244000.0, "city": "Ош"}}, {"type": "Feature", "geometry": {"type": "Point", "coordinates": [72.856959, 40.564163]}, "properties": {"id": 3519, "price": 20828000.0, "city": "Ош"}}, {"type": "Feature", "geometry": {"type": "Point", "coordinates": [72.851291, 40.587536]}, "properties": {"id": 3520, "price": 2178000.0, "city": "Ош"}}, {"type": "Feature", "geometry": {"type": "Point", "coordinates": [72.777997, 40.491875]}, "properties": {"id": 3521, "price": 28164000.0, "city": "Ош"}}, {"type": "Feature", "geometry": {"type": "Point", "coordinates": [72.810502, 40.550483]}, "properties": {"id": 3522, "price": 32380000.0, "city": "Ош"}}, {"type": "Feature", "geometry": {"type": "Point", "coordinates": [72.745231, 40.518084]}, "properties": {"id": 3523, "price": 2959000.0, "city": "Ош"}}, {"type": "Feature", "geometry": {"type": "Point", "coordinates": [72.861613, 40.469994]}, "properties": {"id": 3524, "price": 1175000.0, "city": "Ош"}}, {"type": "Feature", "geometry": {"type": "Point", "coordinates": [72.814338, 40.454252]}, "properties": {"id": 3525, "price": 58606000.0, "city": "Ош"}}, {"type": "Feature", "geometry": {"type": "Point", "coordinates": [72.837314, 40.565224]}, "properties": {"id": 3526, "price": 2438000.0, "city": "Ош"}}, {"type": "Feature", "geometry": {"type": "Point", "coordinates": [72.809292, 40.483511]}, "properties": {"id": 3527, "price": 2203000.0, "city": "Ош"}}, {"type": "Feature", "geometry": {"type": "Point", "coordinates": [72.796681, 40.551469]}, "properties": {"id": 3528, "price": 12239000.0, "city": "Ош"}}, {"type": "Feature", "geometry": {"type": "Point", "coordinates": [72.777786, 40.551881]}, "properties": {"id": 3529, "price": 49013000.0, "city": "Ош"}}, {"type": "Feature", "geometry": {"type": "Point", "coordinates": [72.853072, 40.499748]}, "properties": {"id": 3530, "price": 50659000.0, "city": "Ош"}}, {"type": "Feature", "geometry": {"type": "Point", "coordinates": [72.826748, 40.531675]}, "properties": {"id": 3531, "price": 1853000.0, "city": "Ош"}}, {"type": "Feature", "geometry": {"type": "Point", "coordinates": [72.789034, 40.50554]}, "properties": {"id": 3532, "price": 50293000.0, "city": "Ош"}}, {"type": "Feature", "geometry": {"type": "Point", "coordinates": [72.775592, 40.565988]}, "properties": {"id": 3533, "price": 6784000.0, "city": "Ош"}}, {"type": "Feature", "geometry": {"type": "Point", "coordinates": [72.842913, 40.565673]}, "properties": {"id": 3534, "price": 10548000.0, "city": "Ош"}}, {"type": "Feature", "geometry": {"type": "Point", "coordinates": [72.823545, 40.592625]}, "properties": {"id": 3535, "price": 16973000.0, "city": "Ош"}}, {"type": "Feature", "geometry": {"type": "Point", "coordinates": [72.929459, 40.590867]}, "properties": {"id": 3536, "price": 2177000.0, "city": "Ош"}}, {"type": "Feature", "geometry": {"type": "Point", "coordinates": [72.844876, 40.505648]}, "properties": {"id": 3537, "price": 12647000.0, "city": "Ош"}}, {"type": "Feature", "geometry": {"type": "Point", "coordinates": [72.781255, 40.509594]}, "properties": {"id": 3538, "price": 1687000.0, "city": "Ош"}}, {"type": "Feature", "geometry": {"type": "Point", "coordinates": [72.842162, 40.533986]}, "properties": {"id": 3539, "price": 57357000.0, "city": "Ош"}}, {"type": "Feature", "geometry": {"type": "Point", "coordinates": [72.772284, 40.495492]}, "properties": {"id": 3540, "price": 19635000.0, "city": "Ош"}}, {"type": "Feature", "geometry": {"type": "Point", "coordinates": [72.812291, 40.518519]}, "properties": {"id": 3541, "price": 15136000.0, "city": "Ош"}}, {"type": "Feature", "geometry": {"type": "Point", "coordinates": [72.77925, 40.524571]}, "properties": {"id": 3542, "price": 1786000.0, "city": "Ош"}}, {"type": "Feature", "geometry": {"type": "Point", "coordinates": [72.872379, 40.531242]}, "properties": {"id": 3543, "price": 2100000.0, "city": "Ош"}}, {"type": "Feature", "geometry": {"type": "Point", "coordinates": [72.883684, 40.550319]}, "properties": {"id": 3544, "price": 1349000.0, "city": "Ош"}}, {"type": "Feature", "geometry": {"type": "Point", "coordinates": [72.81643, 40.499282]}, "properties": {"id": 3545, "price": 8659000.0, "city": "Ош"}}, {"type": "Feature", "geometry": {"type": "Point", "coordinates": [72.763991, 40.643342]}, "properties": {"id": 3546, "price": 1220000.0, "city": "Ош"}}, {"type": "Feature", "geometry": {"type": "Point", "coordinates": [72.78114, 40.550804]}, "properties": {"id": 3547, "price": 1589000.0, "city": "Ош"}}, {"type": "Feature", "geometry": {"type": "Point", "coordinates": [72.849432, 40.557952]}, "properties": {"id": 3548, "price": 1340000.0, "city": "Ош"}}, {"type": "Feature", "geometry": {"type": "Point", "coordinates": [72.797028, 40.542181]}, "properties": {"id": 3549, "price": 33110000.0, "city": "Ош"}}, {"type": "Feature", "geometry": {"type": "Point", "coordinates": [72.778411, 40.444788]}, "properties": {"id": 3550, "price": 44116000.0, "city": "Ош"}}, {"type": "Feature", "geometry": {"type": "Point", "coordinates": [72.82544, 40.498702]}, "properties": {"id": 3551, "price": 1234000.0, "city": "Ош"}}, {"type": "Feature", "geometry": {"type": "Point", "coordinates": [72.752648, 40.614481]}, "properties": {"id": 3552, "price": 1110000.0, "city": "Ош"}}, {"type": "Feature", "geometry": {"type": "Point", "coordinates": [72.810164, 40.501964]}, "properties": {"id": 3553, "price": 2620000.0, "city": "Ош"}}, {"type": "Feature", "geometry": {"type": "Point", "coordinates": [72.74659, 40.515569]}, "properties": {"id": 3554, "price": 17739000.0, "city": "Ош"}}, {"type": "Feature", "geometry": {"type": "Point", "coordinates": [72.74371, 40.515125]}, "properties": {"id": 3555, "price": 4486000.0, "city": "Ош"}}, {"type": "Feature", "geometry": {"type": "Point", "coordinates": [72.764209, 40.520779]}, "properties": {"id": 3556, "price": 17028000.0, "city": "Ош"}}, {"type": "Feature", "geometry": {"type": "Point", "coordinates": [72.897565, 40.558533]}, "properties": {"id": 3557, "price": 6289000.0, "city": "Ош"}}, {"type": "Feature", "geometry": {"type": "Point", "coordinates": [72.798243, 40.547609]}, "properties": {"id": 3558, "price": 2878000.0, "city": "Ош"}}, {"type": "Feature", "geometry": {"type": "Point", "coordinates": [72.781818, 40.521731]}, "properties": {"id": 3559, "price": 5346000.0, "city": "Ош"}}, {"type": "Feature", "geometry": {"type": "Point", "coordinates": [72.763849, 40.576074]}, "properties": {"id": 3560, "price": 2018000.0, "city": "Ош"}}, {"type": "Feature", "geometry": {"type": "Point", "coordinates": [72.725837, 40.502993]}, "properties": {"id": 3561, "price": 1004000.0, "city": "Ош"}}, {"type": "Feature", "geometry": {"type": "Point", "coordinates": [72.765234, 40.486094]}, "properties": {"id": 3562, "price": 15570000.0, "city": "Ош"}}, {"type": "Feature", "geometry": {"type": "Point", "coordinates": [72.831415, 40.536338]}, "properties": {"id": 3563, "price": 10032000.0, "city": "Ош"}}, {"type": "Feature", "geometry": {"type": "Point", "coordinates": [72.886645, 40.509175]}, "properties": {"id": 3564, "price": 7948000.0, "city": "Ош"}}, {"type": "Feature", "geometry": {"type": "Point", "coordinates": [72.854722, 40.534818]}, "properties": {"id": 3565, "price": 2507000.0, "city": "Ош"}}, {"type": "Feature", "geometry": {"type": "Point", "coordinates": [72.804764, 40.504391]}, "properties": {"id": 3566, "price": 3297000.0, "city": "Ош"}}, {"type": "Feature", "geometry": {"type": "Point", "coordinates": [72.816184, 40.597731]}, "properties": {"id": 3567, "price": 1867000.0, "city": "Ош"}}, {"type": "Feature", "geometry": {"type": "Point", "coordinates": [72.77442, 40.571015]}, "properties": {"id": 3568, "price": 7554000.0, "city": "Ош"}}, {"type": "Feature", "geometry": {"type": "Point", "coordinates": [72.792016, 40.566108]}, "properties": {"id": 3569, "price": 9496000.0, "city": "Ош"}}, {"type": "Feature", "geometry": {"type": "Point", "coordinates": [72.742945, 40.564262]}, "properties": {"id": 3570, "price": 7889000.0, "city": "Ош"}}, {"type": "Feature", "geometry": {"type": "Point", "coordinates": [72.7757, 40.549393]}, "properties": {"id": 3571, "price": 908000.0, "city": "Ош"}}, {"type": "Feature", "geometry": {"type": "Point", "coordinates": [72.825813, 40.591997]}, "properties": {"id": 3572, "price": 2210000.0, "city": "Ош"}}, {"type": "Feature", "geometry": {"type": "Point", "coordinates": [72.808679, 40.542532]}, "properties": {"id": 3573, "price": 49795000.0, "city": "Ош"}}, {"type": "Feature", "geometry": {"type": "Point", "coordinates": [72.791972, 40.465161]}, "properties": {"id": 3574, "price": 1124000.0, "city": "Ош"}}, {"type": "Feature", "geometry": {"type": "Point", "coordinates": [72.85693, 40.518154]}, "properties": {"id": 3575, "price": 6586000.0, "city": "Ош"}}, {"type": "Feature", "geometry": {"type": "Point", "coordinates": [72.803608, 40.526435]}, "properties": {"id": 3576, "price": 1095000.0, "city": "Ош"}}, {"type": "Feature", "geometry": {"type": "Point", "coordinates": [72.844496, 40.589908]}, "properties": {"id": 3577, "price": 18426000.0, "city": "Ош"}}, {"type": "Feature", "geometry": {"type": "Point", "coordinates": [72.778947, 40.574248]}, "properties": {"id": 3578, "price": 6402000.0, "city": "Ош"}}, {"type": "Feature", "geometry": {"type": "Point", "coordinates": [72.771696, 40.54351]}, "properties": {"id": 3579, "price": 4034000.0, "city": "Ош"}}, {"type": "Feature", "geometry": {"type": "Point", "coordinates": [72.745117, 40.605452]}, "properties": {"id": 3580, "price": 15948000.0, "city": "Ош"}}, {"type": "Feature", "geometry": {"type": "Point", "coordinates": [72.690385, 40.539956]}, "properties": {"id": 3581, "price": 4261000.0, "city": "Ош"}}, {"type": "Feature", "geometry": {"type": "Point", "coordinates": [72.775843, 40.543763]}, "properties": {"id": 3582, "price": 18004000.0, "city": "Ош"}}, {"type": "Feature", "geometry": {"type": "Point", "coordinates": [72.799422, 40.47815]}, "properties": {"id": 3583, "price": 865000.0, "city": "Ош"}}, {"type": "Feature", "geometry": {"type": "Point", "coordinates": [72.791488, 40.568741]}, "properties": {"id": 3584, "price": 2446000.0, "city": "Ош"}}, {"type": "Feature", "geometry": {"type": "Point", "coordinates": [72.724758, 40.545775]}, "properties": {"id": 3585, "price": 1691000.0, "city": "Ош"}}, {"type": "Feature", "geometry": {"type": "Point", "coordinates": [72.789478, 40.563299]}, "properties": {"id": 3586, "price": 2673000.0, "city": "Ош"}}, {"type": "Feature", "geometry": {"type": "Point", "coordinates": [72.861718, 40.435025]}, "properties": {"id": 3587, "price": 1753000.0, "city": "Ош"}}, {"type": "Feature", "geometry": {"type": "Point", "coordinates": [72.777708, 40.54213]}, "properties": {"id": 3588, "price": 15743000.0, "city": "Ош"}}, {"type": "Feature", "geometry": {"type": "Point", "coordinates": [72.701188, 40.620577]}, "properties": {"id": 3589, "price": 6209000.0, "city": "Ош"}}, {"type": "Feature", "geometry": {"type": "Point", "coordinates": [72.821825, 40.561025]}, "properties": {"id": 3590, "price": 4274000.0, "city": "Ош"}}, {"type": "Feature", "geometry": {"type": "Point", "coordinates": [72.87284, 40.58511]}, "properties": {"id": 3591, "price": 4551000.0, "city": "Ош"}}, {"type": "Feature", "geometry": {"type": "Point", "coordinates": [72.786651, 40.542231]}, "properties": {"id": 3592, "price": 24285000.0, "city": "Ош"}}, {"type": "Feature", "geometry": {"type": "Point", "coordinates": [72.827593, 40.512626]}, "properties": {"id": 3593, "price": 2898000.0, "city": "Ош"}}, {"type": "Feature", "geometry": {"type": "Point", "coordinates": [72.880462, 40.495981]}, "properties": {"id": 3594, "price": 7622000.0, "city": "Ош"}}, {"type": "Feature", "geometry": {"type": "Point", "coordinates": [72.855766, 40.503171]}, "properties": {"id": 3595, "price": 20135000.0, "city": "Ош"}}, {"type": "Feature", "geometry": {"type": "Point", "coordinates": [72.838729, 40.522698]}, "properties": {"id": 3596, "price": 5769000.0, "city": "Ош"}}, {"type": "Feature", "geometry": {"type": "Point", "coordinates": [72.797785, 40.531993]}, "properties": {"id": 3597, "price": 860000.0, "city": "Ош"}}, {"type": "Feature", "geometry": {"type": "Point", "coordinates": [72.773486, 40.604747]}, "properties": {"id": 3598, "price": 2531000.0, "city": "Ош"}}, {"type": "Feature", "geometry": {"type": "Point", "coordinates": [72.745709, 40.500341]}, "properties": {"id": 3599, "price": 7803000.0, "city": "Ош"}}, {"type": "Feature", "geometry": {"type": "Point", "coordinates": [72.761218, 40.516155]}, "properties": {"id": 3600, "price": 6123000.0, "city": "Ош"}}, {"type": "Feature", "geometry": {"type": "Point", "coordinates": [72.830766, 40.507632]}, "properties": {"id": 3601, "price": 12283000.0, "city": "Ош"}}, {"type": "Feature", "geometry": {"type": "Point", "coordinates": [72.803111, 40.477596]}, "properties": {"id": 3602, "price": 5154000.0, "city": "Ош"}}, {"type": "Feature", "geometry": {"type": "Point", "coordinates": [72.736384, 40.50668]}, "properties": {"id": 3603, "price": 2750000.0, "city": "Ош"}}, {"type": "Feature", "geometry": {"type": "Point", "coordinates": [72.810585, 40.622693]}, "properties": {"id": 3604, "price": 1590000.0, "city": "Ош"}}, {"type": "Feature", "geometry": {"type": "Point", "coordinates": [72.817466, 40.532556]}, "properties": {"id": 3605, "price": 7880000.0, "city": "Ош"}}, {"type": "Feature", "geometry": {"type": "Point", "coordinates": [72.77733, 40.541765]}, "properties": {"id": 3606, "price": 10622000.0, "city": "Ош"}}, {"type": "Feature", "geometry": {"type": "Point", "coordinates": [72.828423, 40.552805]}, "properties": {"id": 3607, "price": 36366000.0, "city": "Ош"}}, {"type": "Feature", "geometry": {"type": "Point", "coordinates": [72.864493, 40.529477]}, "properties": {"id": 3608, "price": 18717000.0, "city": "Ош"}}, {"type": "Feature", "geometry": {"type": "Point", "coordinates": [72.884945, 40.589553]}, "properties": {"id": 3609, "price": 3468000.0, "city": "Ош"}}, {"type": "Feature", "geometry": {"type": "Point", "coordinates": [72.799879, 40.593778]}, "properties": {"id": 3610, "price": 19259000.0, "city": "Ош"}}, {"type": "Feature", "geometry": {"type": "Point", "coordinates": [72.802824, 40.584083]}, "properties": {"id": 3611, "price": 1001000.0, "city": "Ош"}}, {"type": "Feature", "geometry": {"type": "Point", "coordinates": [72.803345, 40.460394]}, "properties": {"id": 3612, "price": 39582000.0, "city": "Ош"}}, {"type": "Feature", "geometry": {"type": "Point", "coordinates": [72.880108, 40.5291]}, "properties": {"id": 3613, "price": 9201000.0, "city": "Ош"}}, {"type": "Feature", "geometry": {"type": "Point", "coordinates": [72.767528, 40.532245]}, "properties": {"id": 3614, "price": 3000000.0, "city": "Ош"}}, {"type": "Feature", "geometry": {"type": "Point", "coordinates": [72.765253, 40.433797]}, "properties": {"id": 3615, "price": 14675000.0, "city": "Ош"}}, {"type": "Feature", "geometry": {"type": "Point", "coordinates": [72.837821, 40.59631]}, "properties": {"id": 3616, "price": 42868000.0, "city": "Ош"}}, {"type": "Feature", "geometry": {"type": "Point", "coordinates": [72.785386, 40.507454]}, "properties": {"id": 3617, "price": 10811000.0, "city": "Ош"}}, {"type": "Feature", "geometry": {"type": "Point", "coordinates": [72.827163, 40.540929]}, "properties": {"id": 3618, "price": 10372000.0, "city": "Ош"}}, {"type": "Feature", "geometry": {"type": "Point", "coordinates": [72.795535, 40.548367]}, "properties": {"id": 3619, "price": 6093000.0, "city": "Ош"}}, {"type": "Feature", "geometry": {"type": "Point", "coordinates": [72.870972, 40.547229]}, "properties": {"id": 3620, "price": 12400000.0, "city": "Ош"}}, {"type": "Feature", "geometry": {"type": "Point", "coordinates": [72.803152, 40.456919]}, "properties": {"id": 3621, "price": 13182000.0, "city": "Ош"}}, {"type": "Feature", "geometry": {"type": "Point", "coordinates": [72.767592, 40.454176]}, "properties": {"id": 3622, "price": 1507000.0, "city": "Ош"}}, {"type": "Feature", "geometry": {"type": "Point", "coordinates": [72.805706, 40.543596]}, "properties": {"id": 3623, "price": 2623000.0, "city": "Ош"}}, {"type": "Feature", "geometry": {"type": "Point", "coordinates": [72.783376, 40.542091]}, "properties": {"id": 3624, "price": 776000.0, "city": "Ош"}}, {"type": "Feature", "geometry": {"type": "Point", "coordinates": [72.758627, 40.55745]}, "properties": {"id": 3625, "price": 3831000.0, "city": "Ош"}}, {"type": "Feature", "geometry": {"type": "Point", "coordinates": [72.783906, 40.46367]}, "properties": {"id": 3626, "price": 14370000.0, "city": "Ош"}}, {"type": "Feature", "geometry": {"type": "Point", "coordinates": [72.848929, 40.497878]}, "properties": {"id": 3627, "price": 43425000.0, "city": "Ош"}}, {"type": "Feature", "geometry": {"type": "Point", "coordinates": [72.776171, 40.576313]}, "properties": {"id": 3628, "price": 15131000.0, "city": "Ош"}}, {"type": "Feature", "geometry": {"type": "Point", "coordinates": [72.783283, 40.506468]}, "properties": {"id": 3629, "price": 3861000.0, "city": "Ош"}}, {"type": "Feature", "geometry": {"type": "Point", "coordinates": [72.825305, 40.49123]}, "properties": {"id": 3630, "price": 2055000.0, "city": "Ош"}}, {"type": "Feature", "geometry": {"type": "Point", "coordinates": [72.872023, 40.496991]}, "properties": {"id": 3631, "price": 10355000.0, "city": "Ош"}}, {"type": "Feature", "geometry": {"type": "Point", "coordinates": [72.778144, 40.607295]}, "properties": {"id": 3632, "price": 3455000.0, "city": "Ош"}}, {"type": "Feature", "geometry": {"type": "Point", "coordinates": [72.729966, 40.493691]}, "properties": {"id": 3633, "price": 729000.0, "city": "Ош"}}, {"type": "Feature", "geometry": {"type": "Point", "coordinates": [72.795467, 40.477611]}, "properties": {"id": 3634, "price": 14721000.0, "city": "Ош"}}, {"type": "Feature", "geometry": {"type": "Point", "coordinates": [72.7486, 40.573073]}, "properties": {"id": 3635, "price": 17800000.0, "city": "Ош"}}, {"type": "Feature", "geometry": {"type": "Point", "coordinates": [72.826785, 40.542233]}, "properties": {"id": 3636, "price": 17587000.0, "city": "Ош"}}, {"type": "Feature", "geometry": {"type": "Point", "coordinates": [72.800868, 40.547499]}, "properties": {"id": 3637, "price": 14524000.0, "city": "Ош"}}, {"type": "Feature", "geometry": {"type": "Point", "coordinates": [72.850029, 40.558165]}, "properties": {"id": 3638, "price": 1860000.0, "city": "Ош"}}, {"type": "Feature", "geometry": {"type": "Point", "coordinates": [72.829136, 40.552412]}, "properties": {"id": 3639, "price": 7141000.0, "city": "Ош"}}, {"type": "Feature", "geometry": {"type": "Point", "coordinates": [72.850274, 40.54727]}, "properties": {"id": 3640, "price": 9677000.0, "city": "Ош"}}, {"type": "Feature", "geometry": {"type": "Point", "coordinates": [72.817348, 40.465482]}, "properties": {"id": 3641, "price": 955000.0, "city": "Ош"}}, {"type": "Feature", "geometry": {"type": "Point", "coordinates": [72.755931, 40.549701]}, "properties": {"id": 3642, "price": 3401000.0, "city": "Ош"}}, {"type": "Feature", "geometry": {"type": "Point", "coordinates": [72.803185, 40.483078]}, "properties": {"id": 3643, "price": 7964000.0, "city": "Ош"}}, {"type": "Feature", "geometry": {"type": "Point", "coordinates": [72.793887, 40.542949]}, "properties": {"id": 3644, "price": 666000.0, "city": "Ош"}}, {"type": "Feature", "geometry": {"type": "Point", "coordinates": [72.794922, 40.524429]}, "properties": {"id": 3645, "price": 8364000.0, "city": "Ош"}}, {"type": "Feature", "geometry": {"type": "Point", "coordinates": [72.766674, 40.601031]}, "properties": {"id": 3646, "price": 15030000.0, "city": "Ош"}}, {"type": "Feature", "geometry": {"type": "Point", "coordinates": [72.825395, 40.547513]}, "properties": {"id": 3647, "price": 23930000.0, "city": "Ош"}}, {"type": "Feature", "geometry": {"type": "Point", "coordinates": [72.811753, 40.478243]}, "properties": {"id": 3648, "price": 6937000.0, "city": "Ош"}}, {"type": "Feature", "geometry": {"type": "Point", "coordinates": [72.799411, 40.471679]}, "properties": {"id": 3649, "price": 19861000.0, "city": "Ош"}}, {"type": "Feature", "geometry": {"type": "Point", "coordinates": [72.774146, 40.595036]}, "properties": {"id": 3650, "price": 14048000.0, "city": "Ош"}}, {"type": "Feature", "geometry": {"type": "Point", "coordinates": [72.790729, 40.56924]}, "properties": {"id": 3651, "price": 1910000.0, "city": "Ош"}}, {"type": "Feature", "geometry": {"type": "Point", "coordinates": [72.839982, 40.586561]}, "properties": {"id": 3652, "price": 4436000.0, "city": "Ош"}}, {"type": "Feature", "geometry": {"type": "Point", "coordinates": [72.723827, 40.522295]}, "properties": {"id": 3653, "price": 2578000.0, "city": "Ош"}}, {"type": "Feature", "geometry": {"type": "Point", "coordinates": [72.784788, 40.593869]}, "properties": {"id": 3654, "price": 1511000.0, "city": "Ош"}}, {"type": "Feature", "geometry": {"type": "Point", "coordinates": [72.846524, 40.545065]}, "properties": {"id": 3655, "price": 2038000.0, "city": "Ош"}}, {"type": "Feature", "geometry": {"type": "Point", "coordinates": [72.835016, 40.533615]}, "properties": {"id": 3656, "price": 1429000.0, "city": "Ош"}}, {"type": "Feature", "geometry": {"type": "Point", "coordinates": [72.776826, 40.568773]}, "properties": {"id": 3657, "price": 5650000.0, "city": "Ош"}}, {"type": "Feature", "geometry": {"type": "Point", "coordinates": [72.752073, 40.565491]}, "properties": {"id": 3658, "price": 958000.0, "city": "Ош"}}, {"type": "Feature", "geometry": {"type": "Point", "coordinates": [72.796063, 40.56512]}, "properties": {"id": 3659, "price": 2187000.0, "city": "Ош"}}, {"type": "Feature", "geometry": {"type": "Point", "coordinates": [72.744272, 40.59525]}, "properties": {"id": 3660, "price": 12504000.0, "city": "Ош"}}, {"type": "Feature", "geometry": {"type": "Point", "coordinates": [72.868779, 40.551525]}, "properties": {"id": 3661, "price": 3265000.0, "city": "Ош"}}, {"type": "Feature", "geometry": {"type": "Point", "coordinates": [72.812085, 40.577633]}, "properties": {"id": 3662, "price": 14699000.0, "city": "Ош"}}, {"type": "Feature", "geometry": {"type": "Point", "coordinates": [72.741706, 40.479559]}, "properties": {"id": 3663, "price": 2099000.0, "city": "Ош"}}, {"type": "Feature", "geometry": {"type": "Point", "coordinates": [72.730325, 40.452712]}, "properties": {"id": 3664, "price": 27391000.0, "city": "Ош"}}, {"type": "Feature", "geometry": {"type": "Point", "coordinates": [72.832652, 40.547012]}, "properties": {"id": 3665, "price": 894000.0, "city": "Ош"}}, {"type": "Feature", "geometry": {"type": "Point", "coordinates": [72.733621, 40.586746]}, "properties": {"id": 3666, "price": 1934000.0, "city": "Ош"}}, {"type": "Feature", "geometry": {"type": "Point", "coordinates": [72.795583, 40.532178]}, "properties": {"id": 3667, "price": 4293000.0, "city": "Ош"}}, {"type": "Feature", "geometry": {"type": "Point", "coordinates": [72.81751, 40.510988]}, "properties": {"id": 3668, "price": 39938000.0, "city": "Ош"}}, {"type": "Feature", "geometry": {"type": "Point", "coordinates": [72.849159, 40.510206]}, "properties": {"id": 3669, "price": 6819000.0, "city": "Ош"}}, {"type": "Feature", "geometry": {"type": "Point", "coordinates": [72.78387, 40.530099]}, "properties": {"id": 3670, "price": 972000.0, "city": "Ош"}}, {"type": "Feature", "geometry": {"type": "Point", "coordinates": [72.863697, 40.560817]}, "properties": {"id": 3671, "price": 4476000.0, "city": "Ош"}}, {"type": "Feature", "geometry": {"type": "Point", "coordinates": [72.827939, 40.584487]}, "properties": {"id": 3672, "price": 6653000.0, "city": "Ош"}}, {"type": "Feature", "geometry": {"type": "Point", "coordinates": [72.777884, 40.547499]}, "properties": {"id": 3673, "price": 1608000.0, "city": "Ош"}}, {"type": "Feature", "geometry": {"type": "Point", "coordinates": [72.791119, 40.490796]}, "properties": {"id": 3674, "price": 14340000.0, "city": "Ош"}}, {"type": "Feature", "geometry": {"type": "Point", "coordinates": [72.808717, 40.570741]}, "properties": {"id": 3675, "price": 8986000.0, "city": "Ош"}}, {"type": "Feature", "geometry": {"type": "Point", "coordinates": [72.858542, 40.473302]}, "properties": {"id": 3676, "price": 2957000.0, "city": "Ош"}}, {"type": "Feature", "geometry": {"type": "Point", "coordinates": [72.767568, 40.559871]}, "properties": {"id": 3677, "price": 17092000.0, "city": "Ош"}}, {"type": "Feature", "geometry": {"type": "Point", "coordinates": [72.808831, 40.523144]}, "properties": {"id": 3678, "price": 4145000.0, "city": "Ош"}}, {"type": "Feature", "geometry": {"type": "Point", "coordinates": [72.781551, 40.496366]}, "properties": {"id": 3679, "price": 4469000.0, "city": "Ош"}}, {"type": "Feature", "geometry": {"type": "Point", "coordinates": [72.895847, 40.507888]}, "properties": {"id": 3680, "price": 803000.0, "city": "Ош"}}, {"type": "Feature", "geometry": {"type": "Point", "coordinates": [72.766786, 40.565279]}, "properties": {"id": 3681, "price": 1297000.0, "city": "Ош"}}, {"type": "Feature", "geometry": {"type": "Point", "coordinates": [72.726543, 40.495159]}, "properties": {"id": 3682, "price": 7590000.0, "city": "Ош"}}, {"type": "Feature", "geometry": {"type": "Point", "coordinates": [72.810062, 40.460797]}, "properties": {"id": 3683, "price": 5780000.0, "city": "Ош"}}, {"type": "Feature", "geometry": {"type": "Point", "coordinates": [72.771785, 40.532828]}, "properties": {"id": 3684, "price": 33262000.0, "city": "Ош"}}, {"type": "Feature", "geometry": {"type": "Point", "coordinates": [72.849631, 40.52433]}, "properties": {"id": 3685, "price": 8738000.0, "city": "Ош"}}, {"type": "Feature", "geometry": {"type": "Point", "coordinates": [72.795291, 40.521476]}, "properties": {"id": 3686, "price": 3288000.0, "city": "Ош"}}, {"type": "Feature", "geometry": {"type": "Point", "coordinates": [72.820038, 40.506474]}, "properties": {"id": 3687, "price": 28357000.0, "city": "Ош"}}, {"type": "Feature", "geometry": {"type": "Point", "coordinates": [72.803979, 40.491042]}, "properties": {"id": 3688, "price": 11093000.0, "city": "Ош"}}, {"type": "Feature", "geometry": {"type": "Point", "coordinates": [72.771894, 40.597867]}, "properties": {"id": 3689, "price": 4109000.0, "city": "Ош"}}, {"type": "Feature", "geometry": {"type": "Point", "coordinates": [72.813174, 40.549216]}, "properties": {"id": 3690, "price": 2040000.0, "city": "Ош"}}, {"type": "Feature", "geometry": {"type": "Point", "coordinates": [72.729045, 40.521208]}, "properties": {"id": 3691, "price": 14533000.0, "city": "Ош"}}, {"type": "Feature", "geometry": {"type": "Point", "coordinates": [72.776507, 40.51443]}, "properties": {"id": 3692, "price": 6154000.0, "city": "Ош"}}, {"type": "Feature", "geometry": {"type": "Point", "coordinates": [72.810098, 40.562793]}, "properties": {"id": 3693, "price": 4615000.0, "city": "Ош"}}, {"type": "Feature", "geometry": {"type": "Point", "coordinates": [72.81415, 40.625022]}, "properties": {"id": 3694, "price": 16680000.0, "city": "Ош"}}, {"type": "Feature", "geometry": {"type": "Point", "coordinates": [72.896889, 40.505648]}, "properties": {"id": 3695, "price": 5524000.0, "city": "Ош"}}, {"type": "Feature", "geometry": {"type": "Point", "coordinates": [72.802114, 40.492975]}, "properties": {"id": 3696, "price": 5309000.0, "city": "Ош"}}, {"type": "Feature", "geometry": {"type": "Point", "coordinates": [72.753982, 40.532802]}, "properties": {"id": 3697, "price": 7320000.0, "city": "Ош"}}, {"type": "Feature", "geometry": {"type": "Point", "coordinates": [72.805127, 40.528857]}, "properties": {"id": 3698, "price": 2569000.0, "city": "Ош"}}, {"type": "Feature", "geometry": {"type": "Point", "coordinates": [72.810991, 40.532811]}, "properties": {"id": 3699, "price": 2469000.0, "city": "Ош"}}, {"type": "Feature", "geometry": {"type": "Point", "coordinates": [72.817949, 40.548235]}, "properties": {"id": 3700, "price": 7622000.0, "city": "Ош"}}, {"type": "Feature", "geometry": {"type": "Point", "coordinates": [72.801545, 40.576772]}, "properties": {"id": 3701, "price": 6514000.0, "city": "Ош"}}, {"type": "Feature", "geometry": {"type": "Point", "coordinates": [72.796797, 40.569616]}, "properties": {"id": 3702, "price": 24788000.0, "city": "Ош"}}, {"type": "Feature", "geometry": {"type": "Point", "coordinates": [72.79264, 40.486948]}, "properties": {"id": 3703, "price": 2091000.0, "city": "Ош"}}, {"type": "Feature", "geometry": {"type": "Point", "coordinates": [72.809745, 40.574986]}, "properties": {"id": 3704, "price": 9607000.0, "city": "Ош"}}, {"type": "Feature", "geometry": {"type": "Point", "coordinates": [72.836312, 40.546837]}, "properties": {"id": 3705, "price": 896000.0, "city": "Ош"}}, {"type": "Feature", "geometry": {"type": "Point", "coordinates": [72.723663, 40.520436]}, "properties": {"id": 3706, "price": 1894000.0, "city": "Ош"}}, {"type": "Feature", "geometry": {"type": "Point", "coordinates": [72.806843, 40.577742]}, "properties": {"id": 3707, "price": 7190000.0, "city": "Ош"}}, {"type": "Feature", "geometry": {"type": "Point", "coordinates": [72.735273, 40.493861]}, "properties": {"id": 3708, "price": 3853000.0, "city": "Ош"}}, {"type": "Feature", "geometry": {"type": "Point", "coordinates": [72.781861, 40.427289]}, "properties": {"id": 3709, "price": 5529000.0, "city": "Ош"}}, {"type": "Feature", "geometry": {"type": "Point", "coordinates": [72.844138, 40.554968]}, "properties": {"id": 3710, "price": 1604000.0, "city": "Ош"}}, {"type": "Feature", "geometry": {"type": "Point", "coordinates": [72.887739, 40.590416]}, "properties": {"id": 3711, "price": 7286000.0, "city": "Ош"}}, {"type": "Feature", "geometry": {"type": "Point", "coordinates": [72.785142, 40.585432]}, "properties": {"id": 3712, "price": 6736000.0, "city": "Ош"}}, {"type": "Feature", "geometry": {"type": "Point", "coordinates": [72.830444, 40.477277]}, "properties": {"id": 3713, "price": 12050000.0, "city": "Ош"}}, {"type": "Feature", "geometry": {"type": "Point", "coordinates": [72.754901, 40.535162]}, "properties": {"id": 3714, "price": 6954000.0, "city": "Ош"}}, {"type": "Feature", "geometry": {"type": "Point", "coordinates": [72.866307, 40.552879]}, "properties": {"id": 3715, "price": 909000.0, "city": "Ош"}}, {"type": "Feature", "geometry": {"type": "Point", "coordinates": [72.801622, 40.524585]}, "properties": {"id": 3716, "price": 1063000.0, "city": "Ош"}}, {"type": "Feature", "geometry": {"type": "Point", "coordinates": [72.854439, 40.529664]}, "properties": {"id": 3717, "price": 1537000.0, "city": "Ош"}}, {"type": "Feature", "geometry": {"type": "Point", "coordinates": [72.814484, 40.520156]}, "properties": {"id": 3718, "price": 8327000.0, "city": "Ош"}}, {"type": "Feature", "geometry": {"type": "Point", "coordinates": [72.828154, 40.573869]}, "properties": {"id": 3719, "price": 2388000.0, "city": "Ош"}}, {"type": "Feature", "geometry": {"type": "Point", "coordinates": [72.822623, 40.549425]}, "properties": {"id": 3720, "price": 2754000.0, "city": "Ош"}}, {"type": "Feature", "geometry": {"type": "Point", "coordinates": [72.74881, 40.598317]}, "properties": {"id": 3721, "price": 3917000.0, "city": "Ош"}}, {"type": "Feature", "geometry": {"type": "Point", "coordinates": [72.753353, 40.510314]}, "properties": {"id": 3722, "price": 13094000.0, "city": "Ош"}}, {"type": "Feature", "geometry": {"type": "Point", "coordinates": [72.710048, 40.496486]}, "properties": {"id": 3723, "price": 7920000.0, "city": "Ош"}}, {"type": "Feature", "geometry": {"type": "Point", "coordinates": [72.818242, 40.500495]}, "properties": {"id": 3724, "price": 24633000.0, "city": "Ош"}}, {"type": "Feature", "geometry": {"type": "Point", "coordinates": [72.780952, 40.586964]}, "properties": {"id": 3725, "price": 19822000.0, "city": "Ош"}}, {"type": "Feature", "geometry": {"type": "Point", "coordinates": [72.807785, 40.492524]}, "properties": {"id": 3726, "price": 2671000.0, "city": "Ош"}}, {"type": "Feature", "geometry": {"type": "Point", "coordinates": [72.862733, 40.494679]}, "properties": {"id": 3727, "price": 5037000.0, "city": "Ош"}}, {"type": "Feature", "geometry": {"type": "Point", "coordinates": [72.815335, 40.595934]}, "properties": {"id": 3728, "price": 3621000.0, "city": "Ош"}}, {"type": "Feature", "geometry": {"type": "Point", "coordinates": [72.83463, 40.558993]}, "properties": {"id": 3729, "price": 3090000.0, "city": "Ош"}}, {"type": "Feature", "geometry": {"type": "Point", "coordinates": [72.823485, 40.484874]}, "properties": {"id": 3730, "price": 43234000.0, "city": "Ош"}}, {"type": "Feature", "geometry": {"type": "Point", "coordinates": [72.83415, 40.547737]}, "properties": {"id": 3731, "price": 7675000.0, "city": "Ош"}}, {"type": "Feature", "geometry": {"type": "Point", "coordinates": [72.78911, 40.484776]}, "properties": {"id": 3732, "price": 2538000.0, "city": "Ош"}}, {"type": "Feature", "geometry": {"type": "Point", "coordinates": [72.750228, 40.567815]}, "properties": {"id": 3733, "price": 7713000.0, "city": "Ош"}}, {"type": "Feature", "geometry": {"type": "Point", "coordinates": [72.744668, 40.563086]}, "properties": {"id": 3734, "price": 18435000.0, "city": "Ош"}}, {"type": "Feature", "geometry": {"type": "Point", "coordinates": [72.753145, 40.462376]}, "properties": {"id": 3735, "price": 6797000.0, "city": "Ош"}}, {"type": "Feature", "geometry": {"type": "Point", "coordinates": [72.79831, 40.465469]}, "properties": {"id": 3736, "price": 18250000.0, "city": "Ош"}}, {"type": "Feature", "geometry": {"type": "Point", "coordinates": [72.846242, 40.562206]}, "properties": {"id": 3737, "price": 2480000.0, "city": "Ош"}}, {"type": "Feature", "geometry": {"type": "Point", "coordinates": [72.743739, 40.502401]}, "properties": {"id": 3738, "price": 3735000.0, "city": "Ош"}}, {"type": "Feature", "geometry": {"type": "Point", "coordinates": [72.765542, 40.518001]}, "properties": {"id": 3739, "price": 18648000.0, "city": "Ош"}}, {"type": "Feature", "geometry": {"type": "Point", "coordinates": [72.727701, 40.499266]}, "properties": {"id": 3740, "price": 19439000.0, "city": "Ош"}}, {"type": "Feature", "geometry": {"type": "Point", "coordinates": [72.816652, 40.519319]}, "properties": {"id": 3741, "price": 17685000.0, "city": "Ош"}}, {"type": "Feature", "geometry": {"type": "Point", "coordinates": [72.813218, 40.610248]}, "properties": {"id": 3742, "price": 13158000.0, "city": "Ош"}}, {"type": "Feature", "geometry": {"type": "Point", "coordinates": [72.694649, 40.48826]}, "properties": {"id": 3743, "price": 2093000.0, "city": "Ош"}}, {"type": "Feature", "geometry": {"type": "Point", "coordinates": [72.856899, 40.541266]}, "properties": {"id": 3744, "price": 2137000.0, "city": "Ош"}}, {"type": "Feature", "geometry": {"type": "Point", "coordinates": [72.754885, 40.545439]}, "properties": {"id": 3745, "price": 15703000.0, "city": "Ош"}}, {"type": "Feature", "geometry": {"type": "Point", "coordinates": [72.814439, 40.560867]}, "properties": {"id": 3746, "price": 7973000.0, "city": "Ош"}}, {"type": "Feature", "geometry": {"type": "Point", "coordinates": [72.808429, 40.593899]}, "properties": {"id": 3747, "price": 2190000.0, "city": "Ош"}}, {"type": "Feature", "geometry": {"type": "Point", "coordinates": [72.854594, 40.497315]}, "properties": {"id": 3748, "price": 14243000.0, "city": "Ош"}}, {"type": "Feature", "geometry": {"type": "Point", "coordinates": [72.768218, 40.484776]}, "properties": {"id": 3749, "price": 2565000.0, "city": "Ош"}}, {"type": "Feature", "geometry": {"type": "Point", "coordinates": [72.799236, 40.536447]}, "properties": {"id": 3750, "price": 1578000.0, "city": "Ош"}}, {"type": "Feature", "geometry": {"type": "Point", "coordinates": [72.734275, 40.424091]}, "properties": {"id": 3751, "price": 42651000.0, "city": "Ош"}}, {"type": "Feature", "geometry": {"type": "Point", "coordinates": [72.789841, 40.537461]}, "properties": {"id": 3752, "price": 17409000.0, "city": "Ош"}}, {"type": "Feature", "geometry": {"type": "Point", "coordinates": [72.736505, 40.575437]}, "properties": {"id": 3753, "price": 3733000.0, "city": "Ош"}}, {"type": "Feature", "geometry": {"type": "Point", "coordinates": [72.789414, 40.516104]}, "properties": {"id": 3754, "price": 5865000.0, "city": "Ош"}}, {"type": "Feature", "geometry": {"type": "Point", "coordinates": [72.764408, 40.585572]}, "properties": {"id": 3755, "price": 28665000.0, "city": "Ош"}}, {"type": "Feature", "geometry": {"type": "Point", "coordinates": [72.724243, 40.502014]}, "properties": {"id": 3756, "price": 2593000.0, "city": "Ош"}}, {"type": "Feature", "geometry": {"type": "Point", "coordinates": [72.856699, 40.481269]}, "properties": {"id": 3757, "price": 11764000.0, "city": "Ош"}}, {"type": "Feature", "geometry": {"type": "Point", "coordinates": [72.746999, 40.620285]}, "properties": {"id": 3758, "price": 2624000.0, "city": "Ош"}}, {"type": "Feature", "geometry": {"type": "Point", "coordinates": [72.807724, 40.488276]}, "properties": {"id": 3759, "price": 2010000.0, "city": "Ош"}}, {"type": "Feature", "geometry": {"type": "Point", "coordinates": [72.812697, 40.446307]}, "properties": {"id": 3760, "price": 2758000.0, "city": "Ош"}}, {"type": "Feature", "geometry": {"type": "Point", "coordinates": [72.851987, 40.465662]}, "properties": {"id": 3761, "price": 2406000.0, "city": "Ош"}}, {"type": "Feature", "geometry": {"type": "Point", "coordinates": [72.866798, 40.533411]}, "properties": {"id": 3762, "price": 6002000.0, "city": "Ош"}}, {"type": "Feature", "geometry": {"type": "Point", "coordinates": [72.837327, 40.508427]}, "properties": {"id": 3763, "price": 24671000.0, "city": "Ош"}}, {"type": "Feature", "geometry": {"type": "Point", "coordinates": [72.84417, 40.527321]}, "properties": {"id": 3764, "price": 795000.0, "city": "Ош"}}, {"type": "Feature", "geometry": {"type": "Point", "coordinates": [72.821581, 40.59103]}, "properties": {"id": 3765, "price": 17880000.0, "city": "Ош"}}, {"type": "Feature", "geometry": {"type": "Point", "coordinates": [72.907111, 40.5503]}, "properties": {"id": 3766, "price": 3280000.0, "city": "Ош"}}, {"type": "Feature", "geometry": {"type": "Point", "coordinates": [72.789032, 40.51824]}, "properties": {"id": 3767, "price": 3366000.0, "city": "Ош"}}, {"type": "Feature", "geometry": {"type": "Point", "coordinates": [72.798842, 40.518004]}, "properties": {"id": 3768, "price": 3886000.0, "city": "Ош"}}, {"type": "Feature", "geometry": {"type": "Point", "coordinates": [72.779595, 40.511397]}, "properties": {"id": 3769, "price": 5217000.0, "city": "Ош"}}, {"type": "Feature", "geometry": {"type": "Point", "coordinates": [72.778745, 40.546277]}, "properties": {"id": 3770, "price": 10646000.0, "city": "Ош"}}, {"type": "Feature", "geometry": {"type": "Point", "coordinates": [72.798457, 40.541143]}, "properties": {"id": 3771, "price": 5213000.0, "city": "Ош"}}, {"type": "Feature", "geometry": {"type": "Point", "coordinates": [72.794734, 40.559259]}, "properties": {"id": 3772, "price": 13388000.0, "city": "Ош"}}, {"type": "Feature", "geometry": {"type": "Point", "coordinates": [72.829205, 40.568181]}, "properties": {"id": 3773, "price": 16057000.0, "city": "Ош"}}, {"type": "Feature", "geometry": {"type": "Point", "coordinates": [72.765983, 40.50947]}, "properties": {"id": 3774, "price": 3460000.0, "city": "Ош"}}, {"type": "Feature", "geometry": {"type": "Point", "coordinates": [72.850303, 40.481058]}, "properties": {"id": 3775, "price": 19074000.0, "city": "Ош"}}, {"type": "Feature", "geometry": {"type": "Point", "coordinates": [72.912936, 40.473739]}, "properties": {"id": 3776, "price": 7662000.0, "city": "Ош"}}, {"type": "Feature", "geometry": {"type": "Point", "coordinates": [72.871271, 40.5648]}, "properties": {"id": 3777, "price": 2848000.0, "city": "Ош"}}, {"type": "Feature", "geometry": {"type": "Point", "coordinates": [72.783974, 40.501727]}, "properties": {"id": 3778, "price": 27938000.0, "city": "Ош"}}, {"type": "Feature", "geometry": {"type": "Point", "coordinates": [72.78136, 40.53856]}, "properties": {"id": 3779, "price": 2835000.0, "city": "Ош"}}, {"type": "Feature", "geometry": {"type": "Point", "coordinates": [72.734813, 40.61397]}, "properties": {"id": 3780, "price": 2798000.0, "city": "Ош"}}, {"type": "Feature", "geometry": {"type": "Point", "coordinates": [72.758904, 40.562343]}, "properties": {"id": 3781, "price": 38570000.0, "city": "Ош"}}, {"type": "Feature", "geometry": {"type": "Point", "coordinates": [72.841901, 40.676945]}, "properties": {"id": 3782, "price": 47121000.0, "city": "Ош"}}, {"type": "Feature", "geometry": {"type": "Point", "coordinates": [72.823668, 40.545741]}, "properties": {"id": 3783, "price": 4094000.0, "city": "Ош"}}, {"type": "Feature", "geometry": {"type": "Point", "coordinates": [72.725876, 40.572605]}, "properties": {"id": 3784, "price": 32710000.0, "city": "Ош"}}, {"type": "Feature", "geometry": {"type": "Point", "coordinates": [72.744598, 40.544391]}, "properties": {"id": 3785, "price": 35039000.0, "city": "Ош"}}, {"type": "Feature", "geometry": {"type": "Point", "coordinates": [72.817934, 40.57862]}, "properties": {"id": 3786, "price": 14542000.0, "city": "Ош"}}, {"type": "Feature", "geometry": {"type": "Point", "coordinates": [72.778827, 40.589462]}, "properties": {"id": 3787, "price": 10024000.0, "city": "Ош"}}, {"type": "Feature", "geometry": {"type": "Point", "coordinates": [72.787609, 40.526309]}, "properties": {"id": 3788, "price": 11528000.0, "city": "Ош"}}, {"type": "Feature", "geometry": {"type": "Point", "coordinates": [72.879984, 40.555152]}, "properties": {"id": 3789, "price": 4424000.0, "city": "Ош"}}, {"type": "Feature", "geometry": {"type": "Point", "coordinates": [72.846636, 40.549098]}, "properties": {"id": 3790, "price": 7160000.0, "city": "Ош"}}, {"type": "Feature", "geometry": {"type": "Point", "coordinates": [72.755339, 40.566157]}, "properties": {"id": 3791, "price": 56202000.0, "city": "Ош"}}, {"type": "Feature", "geometry": {"type": "Point", "coordinates": [72.796979, 40.480129]}, "properties": {"id": 3792, "price": 7576000.0, "city": "Ош"}}, {"type": "Feature", "geometry": {"type": "Point", "coordinates": [72.875937, 40.571799]}, "properties": {"id": 3793, "price": 7391000.0, "city": "Ош"}}, {"type": "Feature", "geometry": {"type": "Point", "coordinates": [72.847246, 40.496002]}, "properties": {"id": 3794, "price": 9228000.0, "city": "Ош"}}, {"type": "Feature", "geometry": {"type": "Point", "coordinates": [72.818972, 40.584066]}, "properties": {"id": 3795, "price": 26865000.0, "city": "Ош"}}, {"type": "Feature", "geometry": {"type": "Point", "coordinates": [72.729765, 40.512055]}, "properties": {"id": 3796, "price": 6656000.0, "city": "Ош"}}, {"type": "Feature", "geometry": {"type": "Point", "coordinates": [72.774236, 40.512625]}, "properties": {"id": 3797, "price": 7132000.0, "city": "Ош"}}, {"type": "Feature", "geometry": {"type": "Point", "coordinates": [72.839552, 40.493315]}, "properties": {"id": 3798, "price": 18177000.0, "city": "Ош"}}, {"type": "Feature", "geometry": {"type": "Point", "coordinates": [72.830057, 40.594079]}, "properties": {"id": 3799, "price": 670000.0, "city": "Ош"}}, {"type": "Feature", "geometry": {"type": "Point", "coordinates": [72.809905, 40.607302]}, "properties": {"id": 3800, "price": 20917000.0, "city": "Ош"}}, {"type": "Feature", "geometry": {"type": "Point", "coordinates": [72.813307, 40.474517]}, "properties": {"id": 3801, "price": 13144000.0, "city": "Ош"}}, {"type": "Feature", "geometry": {"type": "Point", "coordinates": [72.738843, 40.401439]}, "properties": {"id": 3802, "price": 6501000.0, "city": "Ош"}}, {"type": "Feature", "geometry": {"type": "Point", "coordinates": [72.713068, 40.593967]}, "properties": {"id": 3803, "price": 1572000.0, "city": "Ош"}}, {"type": "Feature", "geometry": {"type": "Point", "coordinates": [72.804729, 40.508112]}, "properties": {"id": 3804, "price": 12381000.0, "city": "Ош"}}, {"type": "Feature", "geometry": {"type": "Point", "coordinates": [72.856123, 40.533794]}, "properties": {"id": 3805, "price": 2618000.0, "city": "Ош"}}, {"type": "Feature", "geometry": {"type": "Point", "coordinates": [72.826826, 40.590429]}, "properties": {"id": 3806, "price": 982000.0, "city": "Ош"}}, {"type": "Feature", "geometry": {"type": "Point", "coordinates": [72.867733, 40.529657]}, "properties": {"id": 3807, "price": 3074000.0, "city": "Ош"}}, {"type": "Feature", "geometry": {"type": "Point", "coordinates": [72.731254, 40.649158]}, "properties": {"id": 3808, "price": 47470000.0, "city": "Ош"}}, {"type": "Feature", "geometry": {"type": "Point", "coordinates": [72.778761, 40.547447]}, "properties": {"id": 3809, "price": 2163000.0, "city": "Ош"}}, {"type": "Feature", "geometry": {"type": "Point", "coordinates": [72.816141, 40.526263]}, "properties": {"id": 3810, "price": 4637000.0, "city": "Ош"}}, {"type": "Feature", "geometry": {"type": "Point", "coordinates": [72.760167, 40.562739]}, "properties": {"id": 3811, "price": 3197000.0, "city": "Ош"}}, {"type": "Feature", "geometry": {"type": "Point", "coordinates": [72.734777, 40.491243]}, "properties": {"id": 3812, "price": 1632000.0, "city": "Ош"}}, {"type": "Feature", "geometry": {"type": "Point", "coordinates": [72.77122, 40.509506]}, "properties": {"id": 3813, "price": 3081000.0, "city": "Ош"}}, {"type": "Feature", "geometry": {"type": "Point", "coordinates": [72.851726, 40.612655]}, "properties": {"id": 3814, "price": 1394000.0, "city": "Ош"}}, {"type": "Feature", "geometry": {"type": "Point", "coordinates": [72.859961, 40.545973]}, "properties": {"id": 3815, "price": 15948000.0, "city": "Ош"}}, {"type": "Feature", "geometry": {"type": "Point", "coordinates": [72.682053, 40.500907]}, "properties": {"id": 3816, "price": 6457000.0, "city": "Ош"}}, {"type": "Feature", "geometry": {"type": "Point", "coordinates": [72.762653, 40.531271]}, "properties": {"id": 3817, "price": 2718000.0, "city": "Ош"}}, {"type": "Feature", "geometry": {"type": "Point", "coordinates": [72.761571, 40.595516]}, "properties": {"id": 3818, "price": 6148000.0, "city": "Ош"}}, {"type": "Feature", "geometry": {"type": "Point", "coordinates": [72.777892, 40.503644]}, "properties": {"id": 3819, "price": 5728000.0, "city": "Ош"}}, {"type": "Feature", "geometry": {"type": "Point", "coordinates": [72.72081, 40.554458]}, "properties": {"id": 3820, "price": 47811000.0, "city": "Ош"}}, {"type": "Feature", "geometry": {"type": "Point", "coordinates": [72.760547, 40.548219]}, "properties": {"id": 3821, "price": 2748000.0, "city": "Ош"}}, {"type": "Feature", "geometry": {"type": "Point", "coordinates": [72.763501, 40.558943]}, "properties": {"id": 3822, "price": 2446000.0, "city": "Ош"}}, {"type": "Feature", "geometry": {"type": "Point", "coordinates": [72.794263, 40.524358]}, "properties": {"id": 3823, "price": 4375000.0, "city": "Ош"}}, {"type": "Feature", "geometry": {"type": "Point", "coordinates": [72.821876, 40.419284]}, "properties": {"id": 3824, "price": 2107000.0, "city": "Ош"}}, {"type": "Feature", "geometry": {"type": "Point", "coordinates": [72.851859, 40.524237]}, "properties": {"id": 3825, "price": 4922000.0, "city": "Ош"}}, {"type": "Feature", "geometry": {"type": "Point", "coordinates": [72.837004, 40.583876]}, "properties": {"id": 3826, "price": 40232000.0, "city": "Ош"}}, {"type": "Feature", "geometry": {"type": "Point", "coordinates": [72.794891, 40.507489]}, "properties": {"id": 3827, "price": 11841000.0, "city": "Ош"}}, {"type": "Feature", "geometry": {"type": "Point", "coordinates": [72.753479, 40.508628]}, "properties": {"id": 3828, "price": 17486000.0, "city": "Ош"}}, {"type": "Feature", "geometry": {"type": "Point", "coordinates": [72.733306, 40.519345]}, "properties": {"id": 3829, "price": 2145000.0, "city": "Ош"}}, {"type": "Feature", "geometry": {"type": "Point", "coordinates": [72.767089, 40.460308]}, "properties": {"id": 3830, "price": 6478000.0, "city": "Ош"}}, {"type": "Feature", "geometry": {"type": "Point", "coordinates": [72.849274, 40.488458]}, "properties": {"id": 3831, "price": 17067000.0, "city": "Ош"}}, {"type": "Feature", "geometry": {"type": "Point", "coordinates": [72.744029, 40.579212]}, "properties": {"id": 3832, "price": 1696000.0, "city": "Ош"}}, {"type": "Feature", "geometry": {"type": "Point", "coordinates": [72.865344, 40.549042]}, "properties": {"id": 3833, "price": 2759000.0, "city": "Ош"}}, {"type": "Feature", "geometry": {"type": "Point", "coordinates": [72.833466, 40.599617]}, "properties": {"id": 3834, "price": 11220000.0, "city": "Ош"}}, {"type": "Feature", "geometry": {"type": "Point", "coordinates": [72.822533, 40.582952]}, "properties": {"id": 3835, "price": 4970000.0, "city": "Ош"}}, {"type": "Feature", "geometry": {"type": "Point", "coordinates": [72.85354, 40.598013]}, "properties": {"id": 3836, "price": 3928000.0, "city": "Ош"}}, {"type": "Feature", "geometry": {"type": "Point", "coordinates": [72.802349, 40.643735]}, "properties": {"id": 3837, "price": 6697000.0, "city": "Ош"}}, {"type": "Feature", "geometry": {"type": "Point", "coordinates": [72.845372, 40.467785]}, "properties": {"id": 3838, "price": 10666000.0, "city": "Ош"}}, {"type": "Feature", "geometry": {"type": "Point", "coordinates": [72.852673, 40.512377]}, "properties": {"id": 3839, "price": 42904000.0, "city": "Ош"}}, {"type": "Feature", "geometry": {"type": "Point", "coordinates": [72.83656, 40.560667]}, "properties": {"id": 3840, "price": 2243000.0, "city": "Ош"}}, {"type": "Feature", "geometry": {"type": "Point", "coordinates": [72.824986, 40.518434]}, "properties": {"id": 3841, "price": 16669000.0, "city": "Ош"}}, {"type": "Feature", "geometry": {"type": "Point", "coordinates": [72.825646, 40.521354]}, "properties": {"id": 3842, "price": 35563000.0, "city": "Ош"}}, {"type": "Feature", "geometry": {"type": "Point", "coordinates": [72.8271, 40.527588]}, "properties": {"id": 3843, "price": 28866000.0, "city": "Ош"}}, {"type": "Feature", "geometry": {"type": "Point", "coordinates": [72.785922, 40.494204]}, "properties": {"id": 3844, "price": 6432000.0, "city": "Ош"}}, {"type": "Feature", "geometry": {"type": "Point", "coordinates": [72.871512, 40.586497]}, "properties": {"id": 3845, "price": 24248000.0, "city": "Ош"}}, {"type": "Feature", "geometry": {"type": "Point", "coordinates": [72.789418, 40.491115]}, "properties": {"id": 3846, "price": 2150000.0, "city": "Ош"}}, {"type": "Feature", "geometry": {"type": "Point", "coordinates": [72.688215, 40.519638]}, "properties": {"id": 3847, "price": 42347000.0, "city": "Ош"}}, {"type": "Feature", "geometry": {"type": "Point", "coordinates": [72.839364, 40.536879]}, "properties": {"id": 3848, "price": 6401000.0, "city": "Ош"}}, {"type": "Feature", "geometry": {"type": "Point", "coordinates": [72.814532, 40.504417]}, "properties": {"id": 3849, "price": 2108000.0, "city": "Ош"}}, {"type": "Feature", "geometry": {"type": "Point", "coordinates": [72.849217, 40.579205]}, "properties": {"id": 3850, "price": 5885000.0, "city": "Ош"}}, {"type": "Feature", "geometry": {"type": "Point", "coordinates": [72.819736, 40.523149]}, "properties": {"id": 3851, "price": 5421000.0, "city": "Ош"}}, {"type": "Feature", "geometry": {"type": "Point", "coordinates": [72.852286, 40.548866]}, "properties": {"id": 3852, "price": 14984000.0, "city": "Ош"}}, {"type": "Feature", "geometry": {"type": "Point", "coordinates": [72.798504, 40.545384]}, "properties": {"id": 3853, "price": 10522000.0, "city": "Ош"}}, {"type": "Feature", "geometry": {"type": "Point", "coordinates": [72.785872, 40.570332]}, "properties": {"id": 3854, "price": 4634000.0, "city": "Ош"}}, {"type": "Feature", "geometry": {"type": "Point", "coordinates": [72.78994, 40.551924]}, "properties": {"id": 3855, "price": 12393000.0, "city": "Ош"}}, {"type": "Feature", "geometry": {"type": "Point", "coordinates": [72.862641, 40.478539]}, "properties": {"id": 3856, "price": 7229000.0, "city": "Ош"}}, {"type": "Feature", "geometry": {"type": "Point", "coordinates": [72.767203, 40.527906]}, "properties": {"id": 3857, "price": 7258000.0, "city": "Ош"}}, {"type": "Feature", "geometry": {"type": "Point", "coordinates": [72.909399, 40.565375]}, "properties": {"id": 3858, "price": 2632000.0, "city": "Ош"}}, {"type": "Feature", "geometry": {"type": "Point", "coordinates": [72.778926, 40.471918]}, "properties": {"id": 3859, "price": 2881000.0, "city": "Ош"}}, {"type": "Feature", "geometry": {"type": "Point", "coordinates": [72.803175, 40.52138]}, "properties": {"id": 3860, "price": 5283000.0, "city": "Ош"}}, {"type": "Feature", "geometry": {"type": "Point", "coordinates": [72.718253, 40.460272]}, "properties": {"id": 3861, "price": 2020000.0, "city": "Ош"}}, {"type": "Feature", "geometry": {"type": "Point", "coordinates": [72.78438, 40.535687]}, "properties": {"id": 3862, "price": 9580000.0, "city": "Ош"}}, {"type": "Feature", "geometry": {"type": "Point", "coordinates": [72.76451, 40.537934]}, "properties": {"id": 3863, "price": 2627000.0, "city": "Ош"}}, {"type": "Feature", "geometry": {"type": "Point", "coordinates": [72.712588, 40.51815]}, "properties": {"id": 3864, "price": 991000.0, "city": "Ош"}}, {"type": "Feature", "geometry": {"type": "Point", "coordinates": [72.826324, 40.563568]}, "properties": {"id": 3865, "price": 17713000.0, "city": "Ош"}}, {"type": "Feature", "geometry": {"type": "Point", "coordinates": [72.785957, 40.539809]}, "properties": {"id": 3866, "price": 2455000.0, "city": "Ош"}}, {"type": "Feature", "geometry": {"type": "Point", "coordinates": [72.720283, 40.529773]}, "properties": {"id": 3867, "price": 5211000.0, "city": "Ош"}}, {"type": "Feature", "geometry": {"type": "Point", "coordinates": [72.791798, 40.558993]}, "properties": {"id": 3868, "price": 4689000.0, "city": "Ош"}}, {"type": "Feature", "geometry": {"type": "Point", "coordinates": [72.761448, 40.596102]}, "properties": {"id": 3869, "price": 5707000.0, "city": "Ош"}}, {"type": "Feature", "geometry": {"type": "Point", "coordinates": [72.768023, 40.583714]}, "properties": {"id": 3870, "price": 51864000.0, "city": "Ош"}}, {"type": "Feature", "geometry": {"type": "Point", "coordinates": [72.770824, 40.597805]}, "properties": {"id": 3871, "price": 3889000.0, "city": "Ош"}}, {"type": "Feature", "geometry": {"type": "Point", "coordinates": [72.878137, 40.61506]}, "properties": {"id": 3872, "price": 58705000.0, "city": "Ош"}}, {"type": "Feature", "geometry": {"type": "Point", "coordinates": [72.818183, 40.489039]}, "properties": {"id": 3873, "price": 927000.0, "city": "Ош"}}, {"type": "Feature", "geometry": {"type": "Point", "coordinates": [72.855215, 40.458011]}, "properties": {"id": 3874, "price": 2524000.0, "city": "Ош"}}, {"type": "Feature", "geometry": {"type": "Point", "coordinates": [72.777382, 40.556339]}, "properties": {"id": 3875, "price": 4160000.0, "city": "Ош"}}, {"type": "Feature", "geometry": {"type": "Point", "coordinates": [72.823051, 40.526843]}, "properties": {"id": 3876, "price": 18597000.0, "city": "Ош"}}, {"type": "Feature", "geometry": {"type": "Point", "coordinates": [72.837548, 40.461625]}, "properties": {"id": 3877, "price": 8831000.0, "city": "Ош"}}, {"type": "Feature", "geometry": {"type": "Point", "coordinates": [72.840992, 40.534435]}, "properties": {"id": 3878, "price": 1090000.0, "city": "Ош"}}, {"type": "Feature", "geometry": {"type": "Point", "coordinates": [72.761566, 40.490491]}, "properties": {"id": 3879, "price": 841000.0, "city": "Ош"}}, {"type": "Feature", "geometry": {"type": "Point", "coordinates": [72.771153, 40.615955]}, "properties": {"id": 3880, "price": 4915000.0, "city": "Ош"}}, {"type": "Feature", "geometry": {"type": "Point", "coordinates": [72.67435, 40.457155]}, "properties": {"id": 3881, "price": 5498000.0, "city": "Ош"}}, {"type": "Feature", "geometry": {"type": "Point", "coordinates": [72.880924, 40.42212]}, "properties": {"id": 3882, "price": 1678000.0, "city": "Ош"}}, {"type": "Feature", "geometry": {"type": "Point", "coordinates": [72.768436, 40.496127]}, "properties": {"id": 3883, "price": 45726000.0, "city": "Ош"}}, {"type": "Feature", "geometry": {"type": "Point", "coordinates": [72.802997, 40.537109]}, "properties": {"id": 3884, "price": 5577000.0, "city": "Ош"}}, {"type": "Feature", "geometry": {"type": "Point", "coordinates": [72.798074, 40.505801]}, "properties": {"id": 3885, "price": 4046000.0, "city": "Ош"}}, {"type": "Feature", "geometry": {"type": "Point", "coordinates": [72.853132, 40.518891]}, "properties": {"id": 3886, "price": 10074000.0, "city": "Ош"}}, {"type": "Feature", "geometry": {"type": "Point", "coordinates": [72.720208, 40.510705]}, "properties": {"id": 3887, "price": 10285000.0, "city": "Ош"}}, {"type": "Feature", "geometry": {"type": "Point", "coordinates": [72.827758, 40.544583]}, "properties": {"id": 3888, "price": 2619000.0, "city": "Ош"}}, {"type": "Feature", "geometry": {"type": "Point", "coordinates": [72.838339, 40.534708]}, "properties": {"id": 3889, "price": 1505000.0, "city": "Ош"}}, {"type": "Feature", "geometry": {"type": "Point", "coordinates": [72.819501, 40.533995]}, "properties": {"id": 3890, "price": 1230000.0, "city": "Ош"}}, {"type": "Feature", "geometry": {"type": "Point", "coordinates": [72.838284, 40.593452]}, "properties": {"id": 3891, "price": 3121000.0, "city": "Ош"}}, {"type": "Feature", "geometry": {"type": "Point", "coordinates": [72.82586, 40.576763]}, "properties": {"id": 3892, "price": 3435000.0, "city": "Ош"}}, {"type": "Feature", "geometry": {"type": "Point", "coordinates": [72.72387, 40.554586]}, "properties": {"id": 3893, "price": 13761000.0, "city": "Ош"}}, {"type": "Feature", "geometry": {"type": "Point", "coordinates": [72.767882, 40.600319]}, "properties": {"id": 3894, "price": 6139000.0, "city": "Ош"}}, {"type": "Feature", "geometry": {"type": "Point", "coordinates": [72.756307, 40.537454]}, "properties": {"id": 3895, "price": 19306000.0, "city": "Ош"}}, {"type": "Feature", "geometry": {"type": "Point", "coordinates": [72.771482, 40.588594]}, "properties": {"id": 3896, "price": 6878000.0, "city": "Ош"}}, {"type": "Feature", "geometry": {"type": "Point", "coordinates": [72.776107, 40.489678]}, "properties": {"id": 3897, "price": 14646000.0, "city": "Ош"}}, {"type": "Feature", "geometry": {"type": "Point", "coordinates": [72.794245, 40.488442]}, "properties": {"id": 3898, "price": 3908000.0, "city": "Ош"}}, {"type": "Feature", "geometry": {"type": "Point", "coordinates": [72.778782, 40.541473]}, "properties": {"id": 3899, "price": 3317000.0, "city": "Ош"}}, {"type": "Feature", "geometry": {"type": "Point", "coordinates": [72.788547, 40.505358]}, "properties": {"id": 3900, "price": 16740000.0, "city": "Ош"}}, {"type": "Feature", "geometry": {"type": "Point", "coordinates": [72.858675, 40.503472]}, "properties": {"id": 3901, "price": 58268000.0, "city": "Ош"}}, {"type": "Feature", "geometry": {"type": "Point", "coordinates": [72.835727, 40.515102]}, "properties": {"id": 3902, "price": 1984000.0, "city": "Ош"}}, {"type": "Feature", "geometry": {"type": "Point", "coordinates": [72.743248, 40.507643]}, "properties": {"id": 3903, "price": 18579000.0, "city": "Ош"}}, {"type": "Feature", "geometry": {"type": "Point", "coordinates": [72.870251, 40.512754]}, "properties": {"id": 3904, "price": 15887000.0, "city": "Ош"}}, {"type": "Feature", "geometry": {"type": "Point", "coordinates": [72.744642, 40.500179]}, "properties": {"id": 3905, "price": 1922000.0, "city": "Ош"}}, {"type": "Feature", "geometry": {"type": "Point", "coordinates": [72.802309, 40.560066]}, "properties": {"id": 3906, "price": 6512000.0, "city": "Ош"}}, {"type": "Feature", "geometry": {"type": "Point", "coordinates": [72.802033, 40.592044]}, "properties": {"id": 3907, "price": 10438000.0, "city": "Ош"}}, {"type": "Feature", "geometry": {"type": "Point", "coordinates": [72.763742, 40.519703]}, "properties": {"id": 3908, "price": 5446000.0, "city": "Ош"}}, {"type": "Feature", "geometry": {"type": "Point", "coordinates": [72.754771, 40.474988]}, "properties": {"id": 3909, "price": 10626000.0, "city": "Ош"}}, {"type": "Feature", "geometry": {"type": "Point", "coordinates": [72.813323, 40.498234]}, "properties": {"id": 3910, "price": 42842000.0, "city": "Ош"}}, {"type": "Feature", "geometry": {"type": "Point", "coordinates": [72.797613, 40.567359]}, "properties": {"id": 3911, "price": 17299000.0, "city": "Ош"}}, {"type": "Feature", "geometry": {"type": "Point", "coordinates": [72.744636, 40.486484]}, "properties": {"id": 3912, "price": 1672000.0, "city": "Ош"}}, {"type": "Feature", "geometry": {"type": "Point", "coordinates": [72.840491, 40.453369]}, "properties": {"id": 3913, "price": 3934000.0, "city": "Ош"}}, {"type": "Feature", "geometry": {"type": "Point", "coordinates": [72.80784, 40.548229]}, "properties": {"id": 3914, "price": 1192000.0, "city": "Ош"}}, {"type": "Feature", "geometry": {"type": "Point", "coordinates": [72.841132, 40.503537]}, "properties": {"id": 3915, "price": 5489000.0, "city": "Ош"}}, {"type": "Feature", "geometry": {"type": "Point", "coordinates": [72.839725, 40.566934]}, "properties": {"id": 3916, "price": 11923000.0, "city": "Ош"}}, {"type": "Feature", "geometry": {"type": "Point", "coordinates": [72.749515, 40.505419]}, "properties": {"id": 3917, "price": 29721000.0, "city": "Ош"}}, {"type": "Feature", "geometry": {"type": "Point", "coordinates": [72.848701, 40.599362]}, "properties": {"id": 3918, "price": 9183000.0, "city": "Ош"}}, {"type": "Feature", "geometry": {"type": "Point", "coordinates": [72.812147, 40.489388]}, "properties": {"id": 3919, "price": 18356000.0, "city": "Ош"}}, {"type": "Feature", "geometry": {"type": "Point", "coordinates": [72.773492, 40.524758]}, "properties": {"id": 3920, "price": 11184000.0, "city": "Ош"}}, {"type": "Feature", "geometry": {"type": "Point", "coordinates": [72.742065, 40.512466]}, "properties": {"id": 3921, "price": 55393000.0, "city": "Ош"}}, {"type": "Feature", "geometry": {"type": "Point", "coordinates": [72.746929, 40.526761]}, "properties": {"id": 3922, "price": 4747000.0, "city": "Ош"}}, {"type": "Feature", "geometry": {"type": "Point", "coordinates": [72.818105, 40.604607]}, "properties": {"id": 3923, "price": 12466000.0, "city": "Ош"}}, {"type": "Feature", "geometry": {"type": "Point", "coordinates": [72.771363, 40.530414]}, "properties": {"id": 3924, "price": 4972000.0, "city": "Ош"}}, {"type": "Feature", "geometry": {"type": "Point", "coordinates": [72.879633, 40.56504]}, "properties": {"id": 3925, "price": 19971000.0, "city": "Ош"}}, {"type": "Feature", "geometry": {"type": "Point", "coordinates": [72.803519, 40.502976]}, "properties": {"id": 3926, "price": 1325000.0, "city": "Ош"}}, {"type": "Feature", "geometry": {"type": "Point", "coordinates": [72.857276, 40.502694]}, "properties": {"id": 3927, "price": 18262000.0, "city": "Ош"}}, {"type": "Feature", "geometry": {"type": "Point", "coordinates": [72.780621, 40.523301]}, "properties": {"id": 3928, "price": 2604000.0, "city": "Ош"}}, {"type": "Feature", "geometry": {"type": "Point", "coordinates": [72.816063, 40.559399]}, "properties": {"id": 3929, "price": 18782000.0, "city": "Ош"}}, {"type": "Feature", "geometry": {"type": "Point", "coordinates": [72.806515, 40.525849]}, "properties": {"id": 3930, "price": 1985000.0, "city": "Ош"}}, {"type": "Feature", "geometry": {"type": "Point", "coordinates": [72.81329, 40.461427]}, "properties": {"id": 3931, "price": 4741000.0, "city": "Ош"}}, {"type": "Feature", "geometry": {"type": "Point", "coordinates": [72.837784, 40.538749]}, "properties": {"id": 3932, "price": 6269000.0, "city": "Ош"}}, {"type": "Feature", "geometry": {"type": "Point", "coordinates": [72.797214, 40.503675]}, "properties": {"id": 3933, "price": 3982000.0, "city": "Ош"}}, {"type": "Feature", "geometry": {"type": "Point", "coordinates": [72.846619, 40.534439]}, "properties": {"id": 3934, "price": 4052000.0, "city": "Ош"}}, {"type": "Feature", "geometry": {"type": "Point", "coordinates": [72.783456, 40.521986]}, "properties": {"id": 3935, "price": 25807000.0, "city": "Ош"}}, {"type": "Feature", "geometry": {"type": "Point", "coordinates": [72.82456, 40.540711]}, "properties": {"id": 3936, "price": 1097000.0, "city": "Ош"}}, {"type": "Feature", "geometry": {"type": "Point", "coordinates": [72.850546, 40.579331]}, "properties": {"id": 3937, "price": 13524000.0, "city": "Ош"}}, {"type": "Feature", "geometry": {"type": "Point", "coordinates": [72.735338, 40.546793]}, "properties": {"id": 3938, "price": 2054000.0, "city": "Ош"}}, {"type": "Feature", "geometry": {"type": "Point", "coordinates": [72.799514, 40.513549]}, "properties": {"id": 3939, "price": 1566000.0, "city": "Ош"}}, {"type": "Feature", "geometry": {"type": "Point", "coordinates": [72.819514, 40.55365]}, "properties": {"id": 3940, "price": 2332000.0, "city": "Ош"}}, {"type": "Feature", "geometry": {"type": "Point", "coordinates": [72.731932, 40.556788]}, "properties": {"id": 3941, "price": 7628000.0, "city": "Ош"}}, {"type": "Feature", "geometry": {"type": "Point", "coordinates": [72.806528, 40.428746]}, "properties": {"id": 3942, "price": 2095000.0, "city": "Ош"}}, {"type": "Feature", "geometry": {"type": "Point", "coordinates": [72.798426, 40.52074]}, "properties": {"id": 3943, "price": 5157000.0, "city": "Ош"}}, {"type": "Feature", "geometry": {"type": "Point", "coordinates": [72.770912, 40.580593]}, "properties": {"id": 3944, "price": 5277000.0, "city": "Ош"}}, {"type": "Feature", "geometry": {"type": "Point", "coordinates": [72.858787, 40.47558]}, "properties": {"id": 3945, "price": 9244000.0, "city": "Ош"}}, {"type": "Feature", "geometry": {"type": "Point", "coordinates": [72.803301, 40.496516]}, "properties": {"id": 3946, "price": 1283000.0, "city": "Ош"}}, {"type": "Feature", "geometry": {"type": "Point", "coordinates": [72.816897, 40.46691]}, "properties": {"id": 3947, "price": 3703000.0, "city": "Ош"}}, {"type": "Feature", "geometry": {"type": "Point", "coordinates": [72.796895, 40.538091]}, "properties": {"id": 3948, "price": 7910000.0, "city": "Ош"}}, {"type": "Feature", "geometry": {"type": "Point", "coordinates": [72.821719, 40.562944]}, "properties": {"id": 3949, "price": 2616000.0, "city": "Ош"}}, {"type": "Feature", "geometry": {"type": "Point", "coordinates": [72.741322, 40.495033]}, "properties": {"id": 3950, "price": 7838000.0, "city": "Ош"}}, {"type": "Feature", "geometry": {"type": "Point", "coordinates": [72.784704, 40.448271]}, "properties": {"id": 3951, "price": 2381000.0, "city": "Ош"}}, {"type": "Feature", "geometry": {"type": "Point", "coordinates": [72.754305, 40.465619]}, "properties": {"id": 3952, "price": 2201000.0, "city": "Ош"}}, {"type": "Feature", "geometry": {"type": "Point", "coordinates": [72.780604, 40.519603]}, "properties": {"id": 3953, "price": 5483000.0, "city": "Ош"}}, {"type": "Feature", "geometry": {"type": "Point", "coordinates": [72.820229, 40.53518]}, "properties": {"id": 3954, "price": 24746000.0, "city": "Ош"}}, {"type": "Feature", "geometry": {"type": "Point", "coordinates": [72.792472, 40.579653]}, "properties": {"id": 3955, "price": 4633000.0, "city": "Ош"}}, {"type": "Feature", "geometry": {"type": "Point", "coordinates": [72.774211, 40.561633]}, "properties": {"id": 3956, "price": 28481000.0, "city": "Ош"}}, {"type": "Feature", "geometry": {"type": "Point", "coordinates": [72.905683, 40.551132]}, "properties": {"id": 3957, "price": 17342000.0, "city": "Ош"}}, {"type": "Feature", "geometry": {"type": "Point", "coordinates": [72.934946, 40.554935]}, "properties": {"id": 3958, "price": 36898000.0, "city": "Ош"}}, {"type": "Feature", "geometry": {"type": "Point", "coordinates": [72.782714, 40.553415]}, "properties": {"id": 3959, "price": 1788000.0, "city": "Ош"}}, {"type": "Feature", "geometry": {"type": "Point", "coordinates": [72.856524, 40.555507]}, "properties": {"id": 3960, "price": 2325000.0, "city": "Ош"}}, {"type": "Feature", "geometry": {"type": "Point", "coordinates": [72.846586, 40.522277]}, "properties": {"id": 3961, "price": 8269000.0, "city": "Ош"}}, {"type": "Feature", "geometry": {"type": "Point", "coordinates": [72.803195, 40.556183]}, "properties": {"id": 3962, "price": 2160000.0, "city": "Ош"}}, {"type": "Feature", "geometry": {"type": "Point", "coordinates": [72.833502, 40.509018]}, "properties": {"id": 3963, "price": 2674000.0, "city": "Ош"}}, {"type": "Feature", "geometry": {"type": "Point", "coordinates": [72.832083, 40.472651]}, "properties": {"id": 3964, "price": 4109000.0, "city": "Ош"}}, {"type": "Feature", "geometry": {"type": "Point", "coordinates": [72.790899, 40.497245]}, "properties": {"id": 3965, "price": 899000.0, "city": "Ош"}}, {"type": "Feature", "geometry": {"type": "Point", "coordinates": [72.726733, 40.46747]}, "properties": {"id": 3966, "price": 5482000.0, "city": "Ош"}}, {"type": "Feature", "geometry": {"type": "Point", "coordinates": [72.855191, 40.499988]}, "properties": {"id": 3967, "price": 7465000.0, "city": "Ош"}}, {"type": "Feature", "geometry": {"type": "Point", "coordinates": [72.7941, 40.548391]}, "properties": {"id": 3968, "price": 6385000.0, "city": "Ош"}}, {"type": "Feature", "geometry": {"type": "Point", "coordinates": [72.843401, 40.532465]}, "properties": {"id": 3969, "price": 3862000.0, "city": "Ош"}}, {"type": "Feature", "geometry": {"type": "Point", "coordinates": [72.801261, 40.584415]}, "properties": {"id": 3970, "price": 2608000.0, "city": "Ош"}}, {"type": "Feature", "geometry": {"type": "Point", "coordinates": [72.799668, 40.581024]}, "properties": {"id": 3971, "price": 1932000.0, "city": "Ош"}}, {"type": "Feature", "geometry": {"type": "Point", "coordinates": [72.809653, 40.453188]}, "properties": {"id": 3972, "price": 3194000.0, "city": "Ош"}}, {"type": "Feature", "geometry": {"type": "Point", "coordinates": [72.897704, 40.549512]}, "properties": {"id": 3973, "price": 14646000.0, "city": "Ош"}}, {"type": "Feature", "geometry": {"type": "Point", "coordinates": [72.836653, 40.559763]}, "properties": {"id": 3974, "price": 9080000.0, "city": "Ош"}}, {"type": "Feature", "geometry": {"type": "Point", "coordinates": [72.828519, 40.57913]}, "properties": {"id": 3975, "price": 5584000.0, "city": "Ош"}}, {"type": "Feature", "geometry": {"type": "Point", "coordinates": [72.825586, 40.47105]}, "properties": {"id": 3976, "price": 3741000.0, "city": "Ош"}}, {"type": "Feature", "geometry": {"type": "Point", "coordinates": [72.870469, 40.546664]}, "properties": {"id": 3977, "price": 48172000.0, "city": "Ош"}}, {"type": "Feature", "geometry": {"type": "Point", "coordinates": [72.771098, 40.539755]}, "properties": {"id": 3978, "price": 1687000.0, "city": "Ош"}}, {"type": "Feature", "geometry": {"type": "Point", "coordinates": [72.801101, 40.58309]}, "properties": {"id": 3979, "price": 791000.0, "city": "Ош"}}, {"type": "Feature", "geometry": {"type": "Point", "coordinates": [72.886869, 40.559903]}, "properties": {"id": 3980, "price": 5653000.0, "city": "Ош"}}, {"type": "Feature", "geometry": {"type": "Point", "coordinates": [72.793922, 40.570536]}, "properties": {"id": 3981, "price": 10100000.0, "city": "Ош"}}, {"type": "Feature", "geometry": {"type": "Point", "coordinates": [72.79713, 40.523334]}, "properties": {"id": 3982, "price": 3909000.0, "city": "Ош"}}, {"type": "Feature", "geometry": {"type": "Point", "coordinates": [72.745938, 40.52209]}, "properties": {"id": 3983, "price": 5130000.0, "city": "Ош"}}, {"type": "Feature", "geometry": {"type": "Point", "coordinates": [72.768894, 40.547761]}, "properties": {"id": 3984, "price": 889000.0, "city": "Ош"}}, {"type": "Feature", "geometry": {"type": "Point", "coordinates": [72.829957, 40.534029]}, "properties": {"id": 3985, "price": 7361000.0, "city": "Ош"}}, {"type": "Feature", "geometry": {"type": "Point", "coordinates": [72.814015, 40.576473]}, "properties": {"id": 3986, "price": 19033000.0, "city": "Ош"}}, {"type": "Feature", "geometry": {"type": "Point", "coordinates": [72.767995, 40.545794]}, "properties": {"id": 3987, "price": 4968000.0, "city": "Ош"}}, {"type": "Feature", "geometry": {"type": "Point", "coordinates": [72.808099, 40.516648]}, "properties": {"id": 3988, "price": 5623000.0, "city": "Ош"}}, {"type": "Feature", "geometry": {"type": "Point", "coordinates": [72.833882, 40.472]}, "properties": {"id": 3989, "price": 3160000.0, "city": "Ош"}}, {"type": "Feature", "geometry": {"type": "Point", "coordinates": [72.845339, 40.527221]}, "properties": {"id": 3990, "price": 4553000.0, "city": "Ош"}}, {"type": "Feature", "geometry": {"type": "Point", "coordinates": [72.770968, 40.585549]}, "properties": {"id": 3991, "price": 17541000.0, "city": "Ош"}}, {"type": "Feature", "geometry": {"type": "Point", "coordinates": [72.856967, 40.551738]}, "properties": {"id": 3992, "price": 3622000.0, "city": "Ош"}}, {"type": "Feature", "geometry": {"type": "Point", "coordinates": [72.79987, 40.541964]}, "properties": {"id": 3993, "price": 5928000.0, "city": "Ош"}}, {"type": "Feature", "geometry": {"type": "Point", "coordinates": [72.696833, 40.503814]}, "properties": {"id": 3994, "price": 2316000.0, "city": "Ош"}}, {"type": "Feature", "geometry": {"type": "Point", "coordinates": [72.804069, 40.444194]}, "properties": {"id": 3995, "price": 4348000.0, "city": "Ош"}}, {"type": "Feature", "geometry": {"type": "Point", "coordinates": [72.834071, 40.533648]}, "properties": {"id": 3996, "price": 22631000.0, "city": "Ош"}}, {"type": "Feature", "geometry": {"type": "Point", "coordinates": [72.802842, 40.520079]}, "properties": {"id": 3997, "price": 5509000.0, "city": "Ош"}}, {"type": "Feature", "geometry": {"type": "Point", "coordinates": [72.813444, 40.497643]}, "properties": {"id": 3998, "price": 17861000.0, "city": "Ош"}}, {"type": "Feature", "geometry": {"type": "Point", "coordinates": [72.84073, 40.513602]}, "properties": {"id": 3999, "price": 7948000.0, "city": "Ош"}}, {"type": "Feature", "geometry": {"type": "Point", "coordinates": [72.758197, 40.483185]}, "properties": {"id": 4000, "price": 2017000.0, "city": "Ош"}}, {"type": "Feature", "geometry": {"type": "Point", "coordinates": [72.767313, 40.457261]}, "properties": {"id": 4001, "price": 5783000.0, "city": "Ош"}}, {"type": "Feature", "geometry": {"type": "Point", "coordinates": [72.787752, 40.577643]}, "properties": {"id": 4002, "price": 3498000.0, "city": "Ош"}}, {"type": "Feature", "geometry": {"type": "Point", "coordinates": [72.807777, 40.56916]}, "properties": {"id": 4003, "price": 1752000.0, "city": "Ош"}}, {"type": "Feature", "geometry": {"type": "Point", "coordinates": [72.796672, 40.565632]}, "properties": {"id": 4004, "price": 1374000.0, "city": "Ош"}}, {"type": "Feature", "geometry": {"type": "Point", "coordinates": [72.830047, 40.600126]}, "properties": {"id": 4005, "price": 46789000.0, "city": "Ош"}}, {"type": "Feature", "geometry": {"type": "Point", "coordinates": [72.750808, 40.499515]}, "properties": {"id": 4006, "price": 59827000.0, "city": "Ош"}}, {"type": "Feature", "geometry": {"type": "Point", "coordinates": [72.792706, 40.535571]}, "properties": {"id": 4007, "price": 18933000.0, "city": "Ош"}}, {"type": "Feature", "geometry": {"type": "Point", "coordinates": [72.824281, 40.574141]}, "properties": {"id": 4008, "price": 46413000.0, "city": "Ош"}}, {"type": "Feature", "geometry": {"type": "Point", "coordinates": [72.849814, 40.54131]}, "properties": {"id": 4009, "price": 7099000.0, "city": "Ош"}}, {"type": "Feature", "geometry": {"type": "Point", "coordinates": [72.773285, 40.526042]}, "properties": {"id": 4010, "price": 732000.0, "city": "Ош"}}, {"type": "Feature", "geometry": {"type": "Point", "coordinates": [72.836256, 40.588848]}, "properties": {"id": 4011, "price": 2528000.0, "city": "Ош"}}, {"type": "Feature", "geometry": {"type": "Point", "coordinates": [72.786026, 40.518531]}, "properties": {"id": 4012, "price": 57461000.0, "city": "Ош"}}, {"type": "Feature", "geometry": {"type": "Point", "coordinates": [72.875643, 40.505074]}, "properties": {"id": 4013, "price": 2242000.0, "city": "Ош"}}, {"type": "Feature", "geometry": {"type": "Point", "coordinates": [72.800341, 40.474411]}, "properties": {"id": 4014, "price": 7425000.0, "city": "Ош"}}, {"type": "Feature", "geometry": {"type": "Point", "coordinates": [72.809212, 40.484772]}, "properties": {"id": 4015, "price": 869000.0, "city": "Ош"}}, {"type": "Feature", "geometry": {"type": "Point", "coordinates": [72.914018, 40.515683]}, "properties": {"id": 4016, "price": 14450000.0, "city": "Ош"}}, {"type": "Feature", "geometry": {"type": "Point", "coordinates": [72.718251, 40.450258]}, "properties": {"id": 4017, "price": 40329000.0, "city": "Ош"}}, {"type": "Feature", "geometry": {"type": "Point", "coordinates": [72.835059, 40.452426]}, "properties": {"id": 4018, "price": 57123000.0, "city": "Ош"}}, {"type": "Feature", "geometry": {"type": "Point", "coordinates": [72.830155, 40.509355]}, "properties": {"id": 4019, "price": 2419000.0, "city": "Ош"}}, {"type": "Feature", "geometry": {"type": "Point", "coordinates": [72.711609, 40.560929]}, "properties": {"id": 4020, "price": 5566000.0, "city": "Ош"}}, {"type": "Feature", "geometry": {"type": "Point", "coordinates": [72.852517, 40.507109]}, "properties": {"id": 4021, "price": 5534000.0, "city": "Ош"}}, {"type": "Feature", "geometry": {"type": "Point", "coordinates": [72.793664, 40.535616]}, "properties": {"id": 4022, "price": 2548000.0, "city": "Ош"}}, {"type": "Feature", "geometry": {"type": "Point", "coordinates": [72.799169, 40.546911]}, "properties": {"id": 4023, "price": 5366000.0, "city": "Ош"}}, {"type": "Feature", "geometry": {"type": "Point", "coordinates": [72.871966, 40.581052]}, "properties": {"id": 4024, "price": 12563000.0, "city": "Ош"}}, {"type": "Feature", "geometry": {"type": "Point", "coordinates": [72.852101, 40.563869]}, "properties": {"id": 4025, "price": 2155000.0, "city": "Ош"}}, {"type": "Feature", "geometry": {"type": "Point", "coordinates": [72.822784, 40.546288]}, "properties": {"id": 4026, "price": 16092000.0, "city": "Ош"}}, {"type": "Feature", "geometry": {"type": "Point", "coordinates": [72.732839, 40.490124]}, "properties": {"id": 4027, "price": 5117000.0, "city": "Ош"}}, {"type": "Feature", "geometry": {"type": "Point", "coordinates": [72.821144, 40.518398]}, "properties": {"id": 4028, "price": 12705000.0, "city": "Ош"}}, {"type": "Feature", "geometry": {"type": "Point", "coordinates": [72.86282, 40.509609]}, "properties": {"id": 4029, "price": 15975000.0, "city": "Ош"}}, {"type": "Feature", "geometry": {"type": "Point", "coordinates": [72.812709, 40.537131]}, "properties": {"id": 4030, "price": 6567000.0, "city": "Ош"}}, {"type": "Feature", "geometry": {"type": "Point", "coordinates": [72.795677, 40.612442]}, "properties": {"id": 4031, "price": 13082000.0, "city": "Ош"}}, {"type": "Feature", "geometry": {"type": "Point", "coordinates": [72.79175, 40.54369]}, "properties": {"id": 4032, "price": 15708000.0, "city": "Ош"}}, {"type": "Feature", "geometry": {"type": "Point", "coordinates": [72.816284, 40.565992]}, "properties": {"id": 4033, "price": 16291000.0, "city": "Ош"}}, {"type": "Feature", "geometry": {"type": "Point", "coordinates": [72.762157, 40.518513]}, "properties": {"id": 4034, "price": 3535000.0, "city": "Ош"}}, {"type": "Feature", "geometry": {"type": "Point", "coordinates": [72.853868, 40.508068]}, "properties": {"id": 4035, "price": 15904000.0, "city": "Ош"}}, {"type": "Feature", "geometry": {"type": "Point", "coordinates": [72.781996, 40.510907]}, "properties": {"id": 4036, "price": 7424000.0, "city": "Ош"}}, {"type": "Feature", "geometry": {"type": "Point", "coordinates": [72.862635, 40.501692]}, "properties": {"id": 4037, "price": 2064000.0, "city": "Ош"}}, {"type": "Feature", "geometry": {"type": "Point", "coordinates": [72.774656, 40.555705]}, "properties": {"id": 4038, "price": 2068000.0, "city": "Ош"}}, {"type": "Feature", "geometry": {"type": "Point", "coordinates": [72.848796, 40.540924]}, "properties": {"id": 4039, "price": 755000.0, "city": "Ош"}}, {"type": "Feature", "geometry": {"type": "Point", "coordinates": [72.857575, 40.537209]}, "properties": {"id": 4040, "price": 942000.0, "city": "Ош"}}, {"type": "Feature", "geometry": {"type": "Point", "coordinates": [72.841891, 40.528035]}, "properties": {"id": 4041, "price": 17906000.0, "city": "Ош"}}, {"type": "Feature", "geometry": {"type": "Point", "coordinates": [72.753125, 40.564159]}, "properties": {"id": 4042, "price": 1806000.0, "city": "Ош"}}, {"type": "Feature", "geometry": {"type": "Point", "coordinates": [72.72898, 40.497446]}, "properties": {"id": 4043, "price": 1883000.0, "city": "Ош"}}, {"type": "Feature", "geometry": {"type": "Point", "coordinates": [72.747996, 40.522161]}, "properties": {"id": 4044, "price": 7402000.0, "city": "Ош"}}, {"type": "Feature", "geometry": {"type": "Point", "coordinates": [72.822611, 40.559461]}, "properties": {"id": 4045, "price": 7953000.0, "city": "Ош"}}, {"type": "Feature", "geometry": {"type": "Point", "coordinates": [72.800889, 40.484163]}, "properties": {"id": 4046, "price": 5125000.0, "city": "Ош"}}, {"type": "Feature", "geometry": {"type": "Point", "coordinates": [72.788356, 40.52161]}, "properties": {"id": 4047, "price": 1115000.0, "city": "Ош"}}, {"type": "Feature", "geometry": {"type": "Point", "coordinates": [72.828711, 40.480538]}, "properties": {"id": 4048, "price": 16697000.0, "city": "Ош"}}, {"type": "Feature", "geometry": {"type": "Point", "coordinates": [72.752685, 40.591871]}, "properties": {"id": 4049, "price": 7074000.0, "city": "Ош"}}, {"type": "Feature", "geometry": {"type": "Point", "coordinates": [72.891439, 40.532184]}, "properties": {"id": 4050, "price": 9296000.0, "city": "Ош"}}, {"type": "Feature", "geometry": {"type": "Point", "coordinates": [72.816385, 40.602878]}, "properties": {"id": 4051, "price": 12101000.0, "city": "Ош"}}, {"type": "Feature", "geometry": {"type": "Point", "coordinates": [72.813371, 40.531397]}, "properties": {"id": 4052, "price": 1935000.0, "city": "Ош"}}, {"type": "Feature", "geometry": {"type": "Point", "coordinates": [72.833547, 40.555613]}, "properties": {"id": 4053, "price": 8263000.0, "city": "Ош"}}, {"type": "Feature", "geometry": {"type": "Point", "coordinates": [72.849558, 40.61749]}, "properties": {"id": 4054, "price": 1325000.0, "city": "Ош"}}, {"type": "Feature", "geometry": {"type": "Point", "coordinates": [72.814268, 40.551309]}, "properties": {"id": 4055, "price": 1363000.0, "city": "Ош"}}, {"type": "Feature", "geometry": {"type": "Point", "coordinates": [72.828912, 40.538811]}, "properties": {"id": 4056, "price": 668000.0, "city": "Ош"}}, {"type": "Feature", "geometry": {"type": "Point", "coordinates": [72.758373, 40.514293]}, "properties": {"id": 4057, "price": 2413000.0, "city": "Ош"}}, {"type": "Feature", "geometry": {"type": "Point", "coordinates": [72.701376, 40.542798]}, "properties": {"id": 4058, "price": 17269000.0, "city": "Ош"}}, {"type": "Feature", "geometry": {"type": "Point", "coordinates": [72.824344, 40.557894]}, "properties": {"id": 4059, "price": 6765000.0, "city": "Ош"}}, {"type": "Feature", "geometry": {"type": "Point", "coordinates": [72.761376, 40.491617]}, "properties": {"id": 4060, "price": 49179000.0, "city": "Ош"}}, {"type": "Feature", "geometry": {"type": "Point", "coordinates": [72.833427, 40.495702]}, "properties": {"id": 4061, "price": 3484000.0, "city": "Ош"}}, {"type": "Feature", "geometry": {"type": "Point", "coordinates": [72.831386, 40.550157]}, "properties": {"id": 4062, "price": 7976000.0, "city": "Ош"}}, {"type": "Feature", "geometry": {"type": "Point", "coordinates": [72.819985, 40.449239]}, "properties": {"id": 4063, "price": 7596000.0, "city": "Ош"}}, {"type": "Feature", "geometry": {"type": "Point", "coordinates": [72.723603, 40.455061]}, "properties": {"id": 4064, "price": 6082000.0, "city": "Ош"}}, {"type": "Feature", "geometry": {"type": "Point", "coordinates": [72.721018, 40.513563]}, "properties": {"id": 4065, "price": 2941000.0, "city": "Ош"}}, {"type": "Feature", "geometry": {"type": "Point", "coordinates": [72.750436, 40.571035]}, "properties": {"id": 4066, "price": 7652000.0, "city": "Ош"}}, {"type": "Feature", "geometry": {"type": "Point", "coordinates": [72.771417, 40.559451]}, "properties": {"id": 4067, "price": 9084000.0, "city": "Ош"}}, {"type": "Feature", "geometry": {"type": "Point", "coordinates": [72.781184, 40.562532]}, "properties": {"id": 4068, "price": 2184000.0, "city": "Ош"}}, {"type": "Feature", "geometry": {"type": "Point", "coordinates": [72.847661, 40.572756]}, "properties": {"id": 4069, "price": 16154000.0, "city": "Ош"}}, {"type": "Feature", "geometry": {"type": "Point", "coordinates": [72.864033, 40.557697]}, "properties": {"id": 4070, "price": 4807000.0, "city": "Ош"}}, {"type": "Feature", "geometry": {"type": "Point", "coordinates": [72.785578, 40.491313]}, "properties": {"id": 4071, "price": 4756000.0, "city": "Ош"}}, {"type": "Feature", "geometry": {"type": "Point", "coordinates": [72.816457, 40.540793]}, "properties": {"id": 4072, "price": 3309000.0, "city": "Ош"}}, {"type": "Feature", "geometry": {"type": "Point", "coordinates": [72.827708, 40.48444]}, "properties": {"id": 4073, "price": 17690000.0, "city": "Ош"}}, {"type": "Feature", "geometry": {"type": "Point", "coordinates": [72.810402, 40.570689]}, "properties": {"id": 4074, "price": 6547000.0, "city": "Ош"}}, {"type": "Feature", "geometry": {"type": "Point", "coordinates": [72.838077, 40.571444]}, "properties": {"id": 4075, "price": 1494000.0, "city": "Ош"}}, {"type": "Feature", "geometry": {"type": "Point", "coordinates": [72.848723, 40.550822]}, "properties": {"id": 4076, "price": 2026000.0, "city": "Ош"}}, {"type": "Feature", "geometry": {"type": "Point", "coordinates": [72.777867, 40.501996]}, "properties": {"id": 4077, "price": 1873000.0, "city": "Ош"}}, {"type": "Feature", "geometry": {"type": "Point", "coordinates": [72.77527, 40.519331]}, "properties": {"id": 4078, "price": 1503000.0, "city": "Ош"}}, {"type": "Feature", "geometry": {"type": "Point", "coordinates": [72.736281, 40.596683]}, "properties": {"id": 4079, "price": 16887000.0, "city": "Ош"}}, {"type": "Feature", "geometry": {"type": "Point", "coordinates": [72.754945, 40.516217]}, "properties": {"id": 4080, "price": 3250000.0, "city": "Ош"}}, {"type": "Feature", "geometry": {"type": "Point", "coordinates": [72.80855, 40.49897]}, "properties": {"id": 4081, "price": 2497000.0, "city": "Ош"}}, {"type": "Feature", "geometry": {"type": "Point", "coordinates": [72.782406, 40.576838]}, "properties": {"id": 4082, "price": 6781000.0, "city": "Ош"}}, {"type": "Feature", "geometry": {"type": "Point", "coordinates": [72.749121, 40.613265]}, "properties": {"id": 4083, "price": 6913000.0, "city": "Ош"}}, {"type": "Feature", "geometry": {"type": "Point", "coordinates": [72.785822, 40.569804]}, "properties": {"id": 4084, "price": 2475000.0, "city": "Ош"}}, {"type": "Feature", "geometry": {"type": "Point", "coordinates": [72.803708, 40.522754]}, "properties": {"id": 4085, "price": 2657000.0, "city": "Ош"}}, {"type": "Feature", "geometry": {"type": "Point", "coordinates": [72.744998, 40.591919]}, "properties": {"id": 4086, "price": 17399000.0, "city": "Ош"}}, {"type": "Feature", "geometry": {"type": "Point", "coordinates": [72.817504, 40.510224]}, "properties": {"id": 4087, "price": 6503000.0, "city": "Ош"}}, {"type": "Feature", "geometry": {"type": "Point", "coordinates": [72.842628, 40.548103]}, "properties": {"id": 4088, "price": 2060000.0, "city": "Ош"}}, {"type": "Feature", "geometry": {"type": "Point", "coordinates": [72.801976, 40.54782]}, "properties": {"id": 4089, "price": 6376000.0, "city": "Ош"}}, {"type": "Feature", "geometry": {"type": "Point", "coordinates": [72.815463, 40.557455]}, "properties": {"id": 4090, "price": 1306000.0, "city": "Ош"}}, {"type": "Feature", "geometry": {"type": "Point", "coordinates": [72.878376, 40.514589]}, "properties": {"id": 4091, "price": 7407000.0, "city": "Ош"}}, {"type": "Feature", "geometry": {"type": "Point", "coordinates": [72.782406, 40.485125]}, "properties": {"id": 4092, "price": 6819000.0, "city": "Ош"}}, {"type": "Feature", "geometry": {"type": "Point", "coordinates": [72.766111, 40.50377]}, "properties": {"id": 4093, "price": 1025000.0, "city": "Ош"}}, {"type": "Feature", "geometry": {"type": "Point", "coordinates": [72.794757, 40.513029]}, "properties": {"id": 4094, "price": 7862000.0, "city": "Ош"}}, {"type": "Feature", "geometry": {"type": "Point", "coordinates": [72.687327, 40.530621]}, "properties": {"id": 4095, "price": 5585000.0, "city": "Ош"}}, {"type": "Feature", "geometry": {"type": "Point", "coordinates": [72.787918, 40.543222]}, "properties": {"id": 4096, "price": 19753000.0, "city": "Ош"}}, {"type": "Feature", "geometry": {"type": "Point", "coordinates": [72.850826, 40.537809]}, "properties": {"id": 4097, "price": 4980000.0, "city": "Ош"}}, {"type": "Feature", "geometry": {"type": "Point", "coordinates": [72.766204, 40.397971]}, "properties": {"id": 4098, "price": 2699000.0, "city": "Ош"}}, {"type": "Feature", "geometry": {"type": "Point", "coordinates": [72.828201, 40.586578]}, "properties": {"id": 4099, "price": 37764000.0, "city": "Ош"}}, {"type": "Feature", "geometry": {"type": "Point", "coordinates": [72.801653, 40.525733]}, "properties": {"id": 4100, "price": 13353000.0, "city": "Ош"}}, {"type": "Feature", "geometry": {"type": "Point", "coordinates": [73.046089, 40.931624]}, "properties": {"id": 4101, "price": 994000.0, "city": "Джалал-Абад"}}, {"type": "Feature", "geometry": {"type": "Point", "coordinates": [73.0068, 40.916732]}, "properties": {"id": 4102, "price": 19034000.0, "city": "Джалал-Абад"}}, {"type": "Feature", "geometry": {"type": "Point", "coordinates": [73.052115, 40.951499]}, "properties": {"id": 4103, "price": 2423000.0, "city": "Джалал-Абад"}}, {"type": "Feature", "geometry": {"type": "Point", "coordinates": [72.967918, 40.937615]}, "properties": {"id": 4104, "price": 2013000.0, "city": "Джалал-Абад"}}, {"type": "Feature", "geometry": {"type": "Point", "coordinates": [72.943315, 40.982727]}, "properties": {"id": 4105, "price": 1930000.0, "city": "Джалал-Абад"}}, {"type": "Feature", "geometry": {"type": "Point", "coordinates": [73.063067, 40.922784]}, "properties": {"id": 4106, "price": 4324000.0, "city": "Джалал-Абад"}}, {"type": "Feature", "geometry": {"type": "Point", "coordinates": [72.961403, 40.929882]}, "properties": {"id": 4107, "price": 1938000.0, "city": "Джалал-Абад"}}, {"type": "Feature", "geometry": {"type": "Point", "coordinates": [73.030853, 40.903831]}, "properties": {"id": 4108, "price": 19400000.0, "city": "Джалал-Абад"}}, {"type": "Feature", "geometry": {"type": "Point", "coordinates": [73.064601, 40.953018]}, "properties": {"id": 4109, "price": 4528000.0, "city": "Джалал-Абад"}}, {"type": "Feature", "geometry": {"type": "Point", "coordinates": [72.956006, 40.981693]}, "properties": {"id": 4110, "price": 950000.0, "city": "Джалал-Абад"}}, {"type": "Feature", "geometry": {"type": "Point", "coordinates": [73.0304, 41.020849]}, "properties": {"id": 4111, "price": 2867000.0, "city": "Джалал-Абад"}}, {"type": "Feature", "geometry": {"type": "Point", "coordinates": [73.04027, 40.99189]}, "properties": {"id": 4112, "price": 6849000.0, "city": "Джалал-Абад"}}, {"type": "Feature", "geometry": {"type": "Point", "coordinates": [73.067433, 40.923552]}, "properties": {"id": 4113, "price": 7078000.0, "city": "Джалал-Абад"}}, {"type": "Feature", "geometry": {"type": "Point", "coordinates": [73.041628, 40.957872]}, "properties": {"id": 4114, "price": 17170000.0, "city": "Джалал-Абад"}}, {"type": "Feature", "geometry": {"type": "Point", "coordinates": [73.001674, 40.970772]}, "properties": {"id": 4115, "price": 6711000.0, "city": "Джалал-Абад"}}, {"type": "Feature", "geometry": {"type": "Point", "coordinates": [72.988787, 40.934056]}, "properties": {"id": 4116, "price": 14661000.0, "city": "Джалал-Абад"}}, {"type": "Feature", "geometry": {"type": "Point", "coordinates": [72.980051, 40.95215]}, "properties": {"id": 4117, "price": 1739000.0, "city": "Джалал-Абад"}}, {"type": "Feature", "geometry": {"type": "Point", "coordinates": [73.080886, 40.965783]}, "properties": {"id": 4118, "price": 4935000.0, "city": "Джалал-Абад"}}, {"type": "Feature", "geometry": {"type": "Point", "coordinates": [73.000253, 40.946432]}, "properties": {"id": 4119, "price": 2125000.0, "city": "Джалал-Абад"}}, {"type": "Feature", "geometry": {"type": "Point", "coordinates": [73.060323, 40.946069]}, "properties": {"id": 4120, "price": 10755000.0, "city": "Джалал-Абад"}}, {"type": "Feature", "geometry": {"type": "Point", "coordinates": [73.038638, 40.983]}, "properties": {"id": 4121, "price": 2635000.0, "city": "Джалал-Абад"}}, {"type": "Feature", "geometry": {"type": "Point", "coordinates": [73.00509, 40.928586]}, "properties": {"id": 4122, "price": 18359000.0, "city": "Джалал-Абад"}}, {"type": "Feature", "geometry": {"type": "Point", "coordinates": [72.928988, 40.926721]}, "properties": {"id": 4123, "price": 5371000.0, "city": "Джалал-Абад"}}, {"type": "Feature", "geometry": {"type": "Point", "coordinates": [72.97774, 41.028368]}, "properties": {"id": 4124, "price": 12144000.0, "city": "Джалал-Абад"}}, {"type": "Feature", "geometry": {"type": "Point", "coordinates": [73.016172, 40.963727]}, "properties": {"id": 4125, "price": 58220000.0, "city": "Джалал-Абад"}}, {"type": "Feature", "geometry": {"type": "Point", "coordinates": [72.996523, 40.9807]}, "properties": {"id": 4126, "price": 10523000.0, "city": "Джалал-Абад"}}, {"type": "Feature", "geometry": {"type": "Point", "coordinates": [72.958396, 40.923978]}, "properties": {"id": 4127, "price": 2047000.0, "city": "Джалал-Абад"}}, {"type": "Feature", "geometry": {"type": "Point", "coordinates": [73.014275, 41.002108]}, "properties": {"id": 4128, "price": 3078000.0, "city": "Джалал-Абад"}}, {"type": "Feature", "geometry": {"type": "Point", "coordinates": [73.003452, 40.993768]}, "properties": {"id": 4129, "price": 1696000.0, "city": "Джалал-Абад"}}, {"type": "Feature", "geometry": {"type": "Point", "coordinates": [72.933811, 40.932327]}, "properties": {"id": 4130, "price": 16824000.0, "city": "Джалал-Абад"}}, {"type": "Feature", "geometry": {"type": "Point", "coordinates": [72.946627, 40.960248]}, "properties": {"id": 4131, "price": 3775000.0, "city": "Джалал-Абад"}}, {"type": "Feature", "geometry": {"type": "Point", "coordinates": [73.052195, 40.88828]}, "properties": {"id": 4132, "price": 2984000.0, "city": "Джалал-Абад"}}, {"type": "Feature", "geometry": {"type": "Point", "coordinates": [72.976669, 40.987681]}, "properties": {"id": 4133, "price": 1750000.0, "city": "Джалал-Абад"}}, {"type": "Feature", "geometry": {"type": "Point", "coordinates": [72.992541, 40.981893]}, "properties": {"id": 4134, "price": 1504000.0, "city": "Джалал-Абад"}}, {"type": "Feature", "geometry": {"type": "Point", "coordinates": [73.018983, 40.937723]}, "properties": {"id": 4135, "price": 15179000.0, "city": "Джалал-Абад"}}, {"type": "Feature", "geometry": {"type": "Point", "coordinates": [72.999412, 40.968825]}, "properties": {"id": 4136, "price": 53266000.0, "city": "Джалал-Абад"}}, {"type": "Feature", "geometry": {"type": "Point", "coordinates": [73.017188, 40.961441]}, "properties": {"id": 4137, "price": 3516000.0, "city": "Джалал-Абад"}}, {"type": "Feature", "geometry": {"type": "Point", "coordinates": [73.129253, 40.913482]}, "properties": {"id": 4138, "price": 5500000.0, "city": "Джалал-Абад"}}, {"type": "Feature", "geometry": {"type": "Point", "coordinates": [72.935482, 40.985391]}, "properties": {"id": 4139, "price": 42663000.0, "city": "Джалал-Абад"}}, {"type": "Feature", "geometry": {"type": "Point", "coordinates": [73.054001, 40.927649]}, "properties": {"id": 4140, "price": 3247000.0, "city": "Джалал-Абад"}}, {"type": "Feature", "geometry": {"type": "Point", "coordinates": [73.011294, 40.953183]}, "properties": {"id": 4141, "price": 8179000.0, "city": "Джалал-Абад"}}, {"type": "Feature", "geometry": {"type": "Point", "coordinates": [73.011813, 41.026905]}, "properties": {"id": 4142, "price": 2260000.0, "city": "Джалал-Абад"}}, {"type": "Feature", "geometry": {"type": "Point", "coordinates": [72.963801, 40.964836]}, "properties": {"id": 4143, "price": 2784000.0, "city": "Джалал-Абад"}}, {"type": "Feature", "geometry": {"type": "Point", "coordinates": [72.936503, 40.930136]}, "properties": {"id": 4144, "price": 5791000.0, "city": "Джалал-Абад"}}, {"type": "Feature", "geometry": {"type": "Point", "coordinates": [73.016549, 40.884503]}, "properties": {"id": 4145, "price": 3056000.0, "city": "Джалал-Абад"}}, {"type": "Feature", "geometry": {"type": "Point", "coordinates": [73.032583, 40.952188]}, "properties": {"id": 4146, "price": 6984000.0, "city": "Джалал-Абад"}}, {"type": "Feature", "geometry": {"type": "Point", "coordinates": [72.975772, 41.0308]}, "properties": {"id": 4147, "price": 1927000.0, "city": "Джалал-Абад"}}, {"type": "Feature", "geometry": {"type": "Point", "coordinates": [73.058736, 40.905007]}, "properties": {"id": 4148, "price": 3425000.0, "city": "Джалал-Абад"}}, {"type": "Feature", "geometry": {"type": "Point", "coordinates": [72.986011, 40.93239]}, "properties": {"id": 4149, "price": 5106000.0, "city": "Джалал-Абад"}}, {"type": "Feature", "geometry": {"type": "Point", "coordinates": [72.981326, 40.910284]}, "properties": {"id": 4150, "price": 2679000.0, "city": "Джалал-Абад"}}, {"type": "Feature", "geometry": {"type": "Point", "coordinates": [73.002989, 40.921689]}, "properties": {"id": 4151, "price": 2455000.0, "city": "Джалал-Абад"}}, {"type": "Feature", "geometry": {"type": "Point", "coordinates": [73.084986, 40.942359]}, "properties": {"id": 4152, "price": 3912000.0, "city": "Джалал-Абад"}}, {"type": "Feature", "geometry": {"type": "Point", "coordinates": [72.943335, 40.993598]}, "properties": {"id": 4153, "price": 58100000.0, "city": "Джалал-Абад"}}, {"type": "Feature", "geometry": {"type": "Point", "coordinates": [73.007978, 40.937336]}, "properties": {"id": 4154, "price": 5180000.0, "city": "Джалал-Абад"}}, {"type": "Feature", "geometry": {"type": "Point", "coordinates": [73.065866, 40.921781]}, "properties": {"id": 4155, "price": 3460000.0, "city": "Джалал-Абад"}}, {"type": "Feature", "geometry": {"type": "Point", "coordinates": [73.064749, 40.938618]}, "properties": {"id": 4156, "price": 31964000.0, "city": "Джалал-Абад"}}, {"type": "Feature", "geometry": {"type": "Point", "coordinates": [73.016754, 40.943429]}, "properties": {"id": 4157, "price": 19917000.0, "city": "Джалал-Абад"}}, {"type": "Feature", "geometry": {"type": "Point", "coordinates": [73.005779, 40.969486]}, "properties": {"id": 4158, "price": 14500000.0, "city": "Джалал-Абад"}}, {"type": "Feature", "geometry": {"type": "Point", "coordinates": [73.050109, 40.969982]}, "properties": {"id": 4159, "price": 43659000.0, "city": "Джалал-Абад"}}, {"type": "Feature", "geometry": {"type": "Point", "coordinates": [72.992245, 40.932182]}, "properties": {"id": 4160, "price": 17123000.0, "city": "Джалал-Абад"}}, {"type": "Feature", "geometry": {"type": "Point", "coordinates": [72.948686, 40.957487]}, "properties": {"id": 4161, "price": 938000.0, "city": "Джалал-Абад"}}, {"type": "Feature", "geometry": {"type": "Point", "coordinates": [72.943087, 40.920843]}, "properties": {"id": 4162, "price": 3797000.0, "city": "Джалал-Абад"}}, {"type": "Feature", "geometry": {"type": "Point", "coordinates": [72.944788, 40.923501]}, "properties": {"id": 4163, "price": 5600000.0, "city": "Джалал-Абад"}}, {"type": "Feature", "geometry": {"type": "Point", "coordinates": [72.985096, 40.916334]}, "properties": {"id": 4164, "price": 6411000.0, "city": "Джалал-Абад"}}, {"type": "Feature", "geometry": {"type": "Point", "coordinates": [73.010076, 40.938248]}, "properties": {"id": 4165, "price": 13145000.0, "city": "Джалал-Абад"}}, {"type": "Feature", "geometry": {"type": "Point", "coordinates": [72.943459, 40.999063]}, "properties": {"id": 4166, "price": 7484000.0, "city": "Джалал-Абад"}}, {"type": "Feature", "geometry": {"type": "Point", "coordinates": [73.059828, 40.94215]}, "properties": {"id": 4167, "price": 2864000.0, "city": "Джалал-Абад"}}, {"type": "Feature", "geometry": {"type": "Point", "coordinates": [73.062424, 41.002077]}, "properties": {"id": 4168, "price": 12302000.0, "city": "Джалал-Абад"}}, {"type": "Feature", "geometry": {"type": "Point", "coordinates": [73.037116, 40.881718]}, "properties": {"id": 4169, "price": 7155000.0, "city": "Джалал-Абад"}}, {"type": "Feature", "geometry": {"type": "Point", "coordinates": [73.002996, 40.94044]}, "properties": {"id": 4170, "price": 42132000.0, "city": "Джалал-Абад"}}, {"type": "Feature", "geometry": {"type": "Point", "coordinates": [73.107842, 40.937262]}, "properties": {"id": 4171, "price": 12423000.0, "city": "Джалал-Абад"}}, {"type": "Feature", "geometry": {"type": "Point", "coordinates": [73.011223, 40.946729]}, "properties": {"id": 4172, "price": 4678000.0, "city": "Джалал-Абад"}}, {"type": "Feature", "geometry": {"type": "Point", "coordinates": [72.955532, 41.037213]}, "properties": {"id": 4173, "price": 5285000.0, "city": "Джалал-Абад"}}, {"type": "Feature", "geometry": {"type": "Point", "coordinates": [73.02444, 40.962088]}, "properties": {"id": 4174, "price": 6920000.0, "city": "Джалал-Абад"}}, {"type": "Feature", "geometry": {"type": "Point", "coordinates": [73.055271, 40.971665]}, "properties": {"id": 4175, "price": 14617000.0, "city": "Джалал-Абад"}}, {"type": "Feature", "geometry": {"type": "Point", "coordinates": [72.988325, 40.993816]}, "properties": {"id": 4176, "price": 7700000.0, "city": "Джалал-Абад"}}, {"type": "Feature", "geometry": {"type": "Point", "coordinates": [72.974168, 40.944336]}, "properties": {"id": 4177, "price": 2863000.0, "city": "Джалал-Абад"}}, {"type": "Feature", "geometry": {"type": "Point", "coordinates": [72.969747, 40.984996]}, "properties": {"id": 4178, "price": 7056000.0, "city": "Джалал-Абад"}}, {"type": "Feature", "geometry": {"type": "Point", "coordinates": [73.073262, 40.86591]}, "properties": {"id": 4179, "price": 2355000.0, "city": "Джалал-Абад"}}, {"type": "Feature", "geometry": {"type": "Point", "coordinates": [72.997538, 40.957107]}, "properties": {"id": 4180, "price": 12159000.0, "city": "Джалал-Абад"}}, {"type": "Feature", "geometry": {"type": "Point", "coordinates": [72.985937, 40.983285]}, "properties": {"id": 4181, "price": 11828000.0, "city": "Джалал-Абад"}}, {"type": "Feature", "geometry": {"type": "Point", "coordinates": [73.004312, 40.910305]}, "properties": {"id": 4182, "price": 9698000.0, "city": "Джалал-Абад"}}, {"type": "Feature", "geometry": {"type": "Point", "coordinates": [73.024099, 40.89763]}, "properties": {"id": 4183, "price": 16524000.0, "city": "Джалал-Абад"}}, {"type": "Feature", "geometry": {"type": "Point", "coordinates": [73.072796, 40.941597]}, "properties": {"id": 4184, "price": 1558000.0, "city": "Джалал-Абад"}}, {"type": "Feature", "geometry": {"type": "Point", "coordinates": [73.085854, 40.889787]}, "properties": {"id": 4185, "price": 7753000.0, "city": "Джалал-Абад"}}, {"type": "Feature", "geometry": {"type": "Point", "coordinates": [72.970002, 40.941131]}, "properties": {"id": 4186, "price": 2634000.0, "city": "Джалал-Абад"}}, {"type": "Feature", "geometry": {"type": "Point", "coordinates": [72.972356, 40.938573]}, "properties": {"id": 4187, "price": 1944000.0, "city": "Джалал-Абад"}}, {"type": "Feature", "geometry": {"type": "Point", "coordinates": [72.96611, 40.996729]}, "properties": {"id": 4188, "price": 8061000.0, "city": "Джалал-Абад"}}, {"type": "Feature", "geometry": {"type": "Point", "coordinates": [73.046235, 40.962219]}, "properties": {"id": 4189, "price": 52673000.0, "city": "Джалал-Абад"}}, {"type": "Feature", "geometry": {"type": "Point", "coordinates": [73.028191, 40.996018]}, "properties": {"id": 4190, "price": 10884000.0, "city": "Джалал-Абад"}}, {"type": "Feature", "geometry": {"type": "Point", "coordinates": [73.030769, 40.968758]}, "properties": {"id": 4191, "price": 7670000.0, "city": "Джалал-Абад"}}, {"type": "Feature", "geometry": {"type": "Point", "coordinates": [73.07118, 40.896578]}, "properties": {"id": 4192, "price": 5407000.0, "city": "Джалал-Абад"}}, {"type": "Feature", "geometry": {"type": "Point", "coordinates": [73.039039, 40.94845]}, "properties": {"id": 4193, "price": 6490000.0, "city": "Джалал-Абад"}}, {"type": "Feature", "geometry": {"type": "Point", "coordinates": [73.018699, 40.927067]}, "properties": {"id": 4194, "price": 7874000.0, "city": "Джалал-Абад"}}, {"type": "Feature", "geometry": {"type": "Point", "coordinates": [73.016315, 40.919081]}, "properties": {"id": 4195, "price": 9034000.0, "city": "Джалал-Абад"}}, {"type": "Feature", "geometry": {"type": "Point", "coordinates": [73.00724, 40.950303]}, "properties": {"id": 4196, "price": 16926000.0, "city": "Джалал-Абад"}}, {"type": "Feature", "geometry": {"type": "Point", "coordinates": [73.011729, 41.015392]}, "properties": {"id": 4197, "price": 8639000.0, "city": "Джалал-Абад"}}, {"type": "Feature", "geometry": {"type": "Point", "coordinates": [72.97279, 40.920598]}, "properties": {"id": 4198, "price": 770000.0, "city": "Джалал-Абад"}}, {"type": "Feature", "geometry": {"type": "Point", "coordinates": [72.964636, 40.94989]}, "properties": {"id": 4199, "price": 2897000.0, "city": "Джалал-Абад"}}, {"type": "Feature", "geometry": {"type": "Point", "coordinates": [72.997179, 41.003136]}, "properties": {"id": 4200, "price": 23465000.0, "city": "Джалал-Абад"}}, {"type": "Feature", "geometry": {"type": "Point", "coordinates": [72.921102, 40.931227]}, "properties": {"id": 4201, "price": 4636000.0, "city": "Джалал-Абад"}}, {"type": "Feature", "geometry": {"type": "Point", "coordinates": [72.978068, 41.012423]}, "properties": {"id": 4202, "price": 1962000.0, "city": "Джалал-Абад"}}, {"type": "Feature", "geometry": {"type": "Point", "coordinates": [72.940845, 40.945231]}, "properties": {"id": 4203, "price": 7326000.0, "city": "Джалал-Абад"}}, {"type": "Feature", "geometry": {"type": "Point", "coordinates": [72.979655, 40.945834]}, "properties": {"id": 4204, "price": 2896000.0, "city": "Джалал-Абад"}}, {"type": "Feature", "geometry": {"type": "Point", "coordinates": [72.987647, 40.820087]}, "properties": {"id": 4205, "price": 14176000.0, "city": "Джалал-Абад"}}, {"type": "Feature", "geometry": {"type": "Point", "coordinates": [73.032211, 40.972865]}, "properties": {"id": 4206, "price": 17731000.0, "city": "Джалал-Абад"}}, {"type": "Feature", "geometry": {"type": "Point", "coordinates": [73.08415, 40.981398]}, "properties": {"id": 4207, "price": 8849000.0, "city": "Джалал-Абад"}}, {"type": "Feature", "geometry": {"type": "Point", "coordinates": [72.999326, 40.947002]}, "properties": {"id": 4208, "price": 5807000.0, "city": "Джалал-Абад"}}, {"type": "Feature", "geometry": {"type": "Point", "coordinates": [72.975545, 40.912868]}, "properties": {"id": 4209, "price": 1724000.0, "city": "Джалал-Абад"}}, {"type": "Feature", "geometry": {"type": "Point", "coordinates": [72.965346, 41.047812]}, "properties": {"id": 4210, "price": 16740000.0, "city": "Джалал-Абад"}}, {"type": "Feature", "geometry": {"type": "Point", "coordinates": [72.949295, 40.954172]}, "properties": {"id": 4211, "price": 10903000.0, "city": "Джалал-Абад"}}, {"type": "Feature", "geometry": {"type": "Point", "coordinates": [73.01781, 40.914656]}, "properties": {"id": 4212, "price": 5028000.0, "city": "Джалал-Абад"}}, {"type": "Feature", "geometry": {"type": "Point", "coordinates": [72.991857, 40.989236]}, "properties": {"id": 4213, "price": 1630000.0, "city": "Джалал-Абад"}}, {"type": "Feature", "geometry": {"type": "Point", "coordinates": [73.019625, 40.986502]}, "properties": {"id": 4214, "price": 59858000.0, "city": "Джалал-Абад"}}, {"type": "Feature", "geometry": {"type": "Point", "coordinates": [73.080581, 40.867482]}, "properties": {"id": 4215, "price": 5736000.0, "city": "Джалал-Абад"}}, {"type": "Feature", "geometry": {"type": "Point", "coordinates": [73.038555, 40.925359]}, "properties": {"id": 4216, "price": 2811000.0, "city": "Джалал-Абад"}}, {"type": "Feature", "geometry": {"type": "Point", "coordinates": [73.026948, 40.896116]}, "properties": {"id": 4217, "price": 714000.0, "city": "Джалал-Абад"}}, {"type": "Feature", "geometry": {"type": "Point", "coordinates": [72.97539, 40.975522]}, "properties": {"id": 4218, "price": 4384000.0, "city": "Джалал-Абад"}}, {"type": "Feature", "geometry": {"type": "Point", "coordinates": [73.040431, 40.946471]}, "properties": {"id": 4219, "price": 4762000.0, "city": "Джалал-Абад"}}, {"type": "Feature", "geometry": {"type": "Point", "coordinates": [72.970231, 40.967401]}, "properties": {"id": 4220, "price": 1039000.0, "city": "Джалал-Абад"}}, {"type": "Feature", "geometry": {"type": "Point", "coordinates": [73.027315, 40.8794]}, "properties": {"id": 4221, "price": 4667000.0, "city": "Джалал-Абад"}}, {"type": "Feature", "geometry": {"type": "Point", "coordinates": [73.002105, 40.91198]}, "properties": {"id": 4222, "price": 6499000.0, "city": "Джалал-Абад"}}, {"type": "Feature", "geometry": {"type": "Point", "coordinates": [73.015206, 40.944308]}, "properties": {"id": 4223, "price": 2469000.0, "city": "Джалал-Абад"}}, {"type": "Feature", "geometry": {"type": "Point", "coordinates": [73.018734, 40.926073]}, "properties": {"id": 4224, "price": 20764000.0, "city": "Джалал-Абад"}}, {"type": "Feature", "geometry": {"type": "Point", "coordinates": [72.982181, 40.966433]}, "properties": {"id": 4225, "price": 47279000.0, "city": "Джалал-Абад"}}, {"type": "Feature", "geometry": {"type": "Point", "coordinates": [73.066097, 40.956621]}, "properties": {"id": 4226, "price": 657000.0, "city": "Джалал-Абад"}}, {"type": "Feature", "geometry": {"type": "Point", "coordinates": [73.008431, 41.015881]}, "properties": {"id": 4227, "price": 47945000.0, "city": "Джалал-Абад"}}, {"type": "Feature", "geometry": {"type": "Point", "coordinates": [73.02435, 40.947323]}, "properties": {"id": 4228, "price": 798000.0, "city": "Джалал-Абад"}}, {"type": "Feature", "geometry": {"type": "Point", "coordinates": [73.031882, 40.96957]}, "properties": {"id": 4229, "price": 2505000.0, "city": "Джалал-Абад"}}, {"type": "Feature", "geometry": {"type": "Point", "coordinates": [73.024559, 40.942938]}, "properties": {"id": 4230, "price": 7062000.0, "city": "Джалал-Абад"}}, {"type": "Feature", "geometry": {"type": "Point", "coordinates": [73.015935, 40.924405]}, "properties": {"id": 4231, "price": 1115000.0, "city": "Джалал-Абад"}}, {"type": "Feature", "geometry": {"type": "Point", "coordinates": [72.994545, 40.905206]}, "properties": {"id": 4232, "price": 19599000.0, "city": "Джалал-Абад"}}, {"type": "Feature", "geometry": {"type": "Point", "coordinates": [72.996143, 40.996961]}, "properties": {"id": 4233, "price": 3160000.0, "city": "Джалал-Абад"}}, {"type": "Feature", "geometry": {"type": "Point", "coordinates": [72.97719, 41.043379]}, "properties": {"id": 4234, "price": 6825000.0, "city": "Джалал-Абад"}}, {"type": "Feature", "geometry": {"type": "Point", "coordinates": [72.944548, 40.946173]}, "properties": {"id": 4235, "price": 48332000.0, "city": "Джалал-Абад"}}, {"type": "Feature", "geometry": {"type": "Point", "coordinates": [72.963701, 40.9103]}, "properties": {"id": 4236, "price": 1153000.0, "city": "Джалал-Абад"}}, {"type": "Feature", "geometry": {"type": "Point", "coordinates": [73.000104, 40.916702]}, "properties": {"id": 4237, "price": 1542000.0, "city": "Джалал-Абад"}}, {"type": "Feature", "geometry": {"type": "Point", "coordinates": [73.060538, 40.916695]}, "properties": {"id": 4238, "price": 50914000.0, "city": "Джалал-Абад"}}, {"type": "Feature", "geometry": {"type": "Point", "coordinates": [73.068672, 40.938576]}, "properties": {"id": 4239, "price": 3015000.0, "city": "Джалал-Абад"}}, {"type": "Feature", "geometry": {"type": "Point", "coordinates": [72.938649, 41.019771]}, "properties": {"id": 4240, "price": 13141000.0, "city": "Джалал-Абад"}}, {"type": "Feature", "geometry": {"type": "Point", "coordinates": [72.930351, 40.930462]}, "properties": {"id": 4241, "price": 8773000.0, "city": "Джалал-Абад"}}, {"type": "Feature", "geometry": {"type": "Point", "coordinates": [73.094709, 40.873077]}, "properties": {"id": 4242, "price": 33472000.0, "city": "Джалал-Абад"}}, {"type": "Feature", "geometry": {"type": "Point", "coordinates": [73.041109, 40.922702]}, "properties": {"id": 4243, "price": 10924000.0, "city": "Джалал-Абад"}}, {"type": "Feature", "geometry": {"type": "Point", "coordinates": [72.959137, 40.974784]}, "properties": {"id": 4244, "price": 1467000.0, "city": "Джалал-Абад"}}, {"type": "Feature", "geometry": {"type": "Point", "coordinates": [73.014212, 40.94006]}, "properties": {"id": 4245, "price": 42776000.0, "city": "Джалал-Абад"}}, {"type": "Feature", "geometry": {"type": "Point", "coordinates": [72.961884, 40.961812]}, "properties": {"id": 4246, "price": 52970000.0, "city": "Джалал-Абад"}}, {"type": "Feature", "geometry": {"type": "Point", "coordinates": [73.052791, 40.953739]}, "properties": {"id": 4247, "price": 13730000.0, "city": "Джалал-Абад"}}, {"type": "Feature", "geometry": {"type": "Point", "coordinates": [73.066746, 40.952278]}, "properties": {"id": 4248, "price": 1750000.0, "city": "Джалал-Абад"}}, {"type": "Feature", "geometry": {"type": "Point", "coordinates": [72.992732, 41.000862]}, "properties": {"id": 4249, "price": 19477000.0, "city": "Джалал-Абад"}}, {"type": "Feature", "geometry": {"type": "Point", "coordinates": [72.985608, 40.990888]}, "properties": {"id": 4250, "price": 34999000.0, "city": "Джалал-Абад"}}, {"type": "Feature", "geometry": {"type": "Point", "coordinates": [73.000525, 40.936616]}, "properties": {"id": 4251, "price": 4885000.0, "city": "Джалал-Абад"}}, {"type": "Feature", "geometry": {"type": "Point", "coordinates": [73.015208, 40.911823]}, "properties": {"id": 4252, "price": 1123000.0, "city": "Джалал-Абад"}}, {"type": "Feature", "geometry": {"type": "Point", "coordinates": [73.027902, 40.947051]}, "properties": {"id": 4253, "price": 4276000.0, "city": "Джалал-Абад"}}, {"type": "Feature", "geometry": {"type": "Point", "coordinates": [73.023069, 40.916282]}, "properties": {"id": 4254, "price": 1889000.0, "city": "Джалал-Абад"}}, {"type": "Feature", "geometry": {"type": "Point", "coordinates": [73.006462, 40.947922]}, "properties": {"id": 4255, "price": 2873000.0, "city": "Джалал-Абад"}}, {"type": "Feature", "geometry": {"type": "Point", "coordinates": [72.992465, 40.908829]}, "properties": {"id": 4256, "price": 11693000.0, "city": "Джалал-Абад"}}, {"type": "Feature", "geometry": {"type": "Point", "coordinates": [73.010573, 40.919846]}, "properties": {"id": 4257, "price": 8383000.0, "city": "Джалал-Абад"}}, {"type": "Feature", "geometry": {"type": "Point", "coordinates": [73.092569, 40.956965]}, "properties": {"id": 4258, "price": 6384000.0, "city": "Джалал-Абад"}}, {"type": "Feature", "geometry": {"type": "Point", "coordinates": [72.997045, 40.937053]}, "properties": {"id": 4259, "price": 14492000.0, "city": "Джалал-Абад"}}, {"type": "Feature", "geometry": {"type": "Point", "coordinates": [73.046038, 40.905494]}, "properties": {"id": 4260, "price": 964000.0, "city": "Джалал-Абад"}}, {"type": "Feature", "geometry": {"type": "Point", "coordinates": [73.015863, 40.922203]}, "properties": {"id": 4261, "price": 4100000.0, "city": "Джалал-Абад"}}, {"type": "Feature", "geometry": {"type": "Point", "coordinates": [73.067652, 41.011095]}, "properties": {"id": 4262, "price": 2228000.0, "city": "Джалал-Абад"}}, {"type": "Feature", "geometry": {"type": "Point", "coordinates": [73.098454, 40.906491]}, "properties": {"id": 4263, "price": 6771000.0, "city": "Джалал-Абад"}}, {"type": "Feature", "geometry": {"type": "Point", "coordinates": [73.057364, 40.931866]}, "properties": {"id": 4264, "price": 38046000.0, "city": "Джалал-Абад"}}, {"type": "Feature", "geometry": {"type": "Point", "coordinates": [73.055737, 40.863468]}, "properties": {"id": 4265, "price": 2024000.0, "city": "Джалал-Абад"}}, {"type": "Feature", "geometry": {"type": "Point", "coordinates": [73.006876, 40.945352]}, "properties": {"id": 4266, "price": 29611000.0, "city": "Джалал-Абад"}}, {"type": "Feature", "geometry": {"type": "Point", "coordinates": [73.027415, 40.843864]}, "properties": {"id": 4267, "price": 1488000.0, "city": "Джалал-Абад"}}, {"type": "Feature", "geometry": {"type": "Point", "coordinates": [72.982048, 40.930956]}, "properties": {"id": 4268, "price": 5317000.0, "city": "Джалал-Абад"}}, {"type": "Feature", "geometry": {"type": "Point", "coordinates": [73.059847, 40.942649]}, "properties": {"id": 4269, "price": 1668000.0, "city": "Джалал-Абад"}}, {"type": "Feature", "geometry": {"type": "Point", "coordinates": [73.034788, 40.955634]}, "properties": {"id": 4270, "price": 2313000.0, "city": "Джалал-Абад"}}, {"type": "Feature", "geometry": {"type": "Point", "coordinates": [72.973001, 40.92439]}, "properties": {"id": 4271, "price": 7787000.0, "city": "Джалал-Абад"}}, {"type": "Feature", "geometry": {"type": "Point", "coordinates": [73.065142, 40.97999]}, "properties": {"id": 4272, "price": 10051000.0, "city": "Джалал-Абад"}}, {"type": "Feature", "geometry": {"type": "Point", "coordinates": [72.940618, 41.012315]}, "properties": {"id": 4273, "price": 14267000.0, "city": "Джалал-Абад"}}, {"type": "Feature", "geometry": {"type": "Point", "coordinates": [73.060828, 40.894622]}, "properties": {"id": 4274, "price": 5828000.0, "city": "Джалал-Абад"}}, {"type": "Feature", "geometry": {"type": "Point", "coordinates": [72.929147, 40.964632]}, "properties": {"id": 4275, "price": 4057000.0, "city": "Джалал-Абад"}}, {"type": "Feature", "geometry": {"type": "Point", "coordinates": [72.960688, 40.974417]}, "properties": {"id": 4276, "price": 2012000.0, "city": "Джалал-Абад"}}, {"type": "Feature", "geometry": {"type": "Point", "coordinates": [72.971147, 41.002408]}, "properties": {"id": 4277, "price": 5352000.0, "city": "Джалал-Абад"}}, {"type": "Feature", "geometry": {"type": "Point", "coordinates": [72.994292, 40.914114]}, "properties": {"id": 4278, "price": 3222000.0, "city": "Джалал-Абад"}}, {"type": "Feature", "geometry": {"type": "Point", "coordinates": [73.133632, 40.977039]}, "properties": {"id": 4279, "price": 1167000.0, "city": "Джалал-Абад"}}, {"type": "Feature", "geometry": {"type": "Point", "coordinates": [72.975062, 40.914237]}, "properties": {"id": 4280, "price": 4877000.0, "city": "Джалал-Абад"}}, {"type": "Feature", "geometry": {"type": "Point", "coordinates": [73.050186, 40.914374]}, "properties": {"id": 4281, "price": 7496000.0, "city": "Джалал-Абад"}}, {"type": "Feature", "geometry": {"type": "Point", "coordinates": [73.011977, 40.899165]}, "properties": {"id": 4282, "price": 32440000.0, "city": "Джалал-Абад"}}, {"type": "Feature", "geometry": {"type": "Point", "coordinates": [73.019087, 40.939958]}, "properties": {"id": 4283, "price": 3841000.0, "city": "Джалал-Абад"}}, {"type": "Feature", "geometry": {"type": "Point", "coordinates": [73.000672, 40.906508]}, "properties": {"id": 4284, "price": 1923000.0, "city": "Джалал-Абад"}}, {"type": "Feature", "geometry": {"type": "Point", "coordinates": [73.008875, 40.999028]}, "properties": {"id": 4285, "price": 1205000.0, "city": "Джалал-Абад"}}, {"type": "Feature", "geometry": {"type": "Point", "coordinates": [72.991082, 40.984544]}, "properties": {"id": 4286, "price": 1107000.0, "city": "Джалал-Абад"}}, {"type": "Feature", "geometry": {"type": "Point", "coordinates": [73.050663, 40.988404]}, "properties": {"id": 4287, "price": 3549000.0, "city": "Джалал-Абад"}}, {"type": "Feature", "geometry": {"type": "Point", "coordinates": [72.90183, 40.986102]}, "properties": {"id": 4288, "price": 6012000.0, "city": "Джалал-Абад"}}, {"type": "Feature", "geometry": {"type": "Point", "coordinates": [73.002135, 40.939383]}, "properties": {"id": 4289, "price": 2106000.0, "city": "Джалал-Абад"}}, {"type": "Feature", "geometry": {"type": "Point", "coordinates": [73.012165, 40.934299]}, "properties": {"id": 4290, "price": 722000.0, "city": "Джалал-Абад"}}, {"type": "Feature", "geometry": {"type": "Point", "coordinates": [73.064081, 40.90657]}, "properties": {"id": 4291, "price": 915000.0, "city": "Джалал-Абад"}}, {"type": "Feature", "geometry": {"type": "Point", "coordinates": [73.013855, 40.914353]}, "properties": {"id": 4292, "price": 10924000.0, "city": "Джалал-Абад"}}, {"type": "Feature", "geometry": {"type": "Point", "coordinates": [72.997374, 40.920476]}, "properties": {"id": 4293, "price": 9568000.0, "city": "Джалал-Абад"}}, {"type": "Feature", "geometry": {"type": "Point", "coordinates": [73.033857, 40.955857]}, "properties": {"id": 4294, "price": 1208000.0, "city": "Джалал-Абад"}}, {"type": "Feature", "geometry": {"type": "Point", "coordinates": [73.022256, 40.997698]}, "properties": {"id": 4295, "price": 12133000.0, "city": "Джалал-Абад"}}, {"type": "Feature", "geometry": {"type": "Point", "coordinates": [73.00871, 40.901885]}, "properties": {"id": 4296, "price": 13483000.0, "city": "Джалал-Абад"}}, {"type": "Feature", "geometry": {"type": "Point", "coordinates": [72.939996, 41.0098]}, "properties": {"id": 4297, "price": 1889000.0, "city": "Джалал-Абад"}}, {"type": "Feature", "geometry": {"type": "Point", "coordinates": [73.011665, 40.946042]}, "properties": {"id": 4298, "price": 989000.0, "city": "Джалал-Абад"}}, {"type": "Feature", "geometry": {"type": "Point", "coordinates": [73.050922, 40.887523]}, "properties": {"id": 4299, "price": 13636000.0, "city": "Джалал-Абад"}}, {"type": "Feature", "geometry": {"type": "Point", "coordinates": [72.9556, 40.975993]}, "properties": {"id": 4300, "price": 9909000.0, "city": "Джалал-Абад"}}, {"type": "Feature", "geometry": {"type": "Point", "coordinates": [73.057756, 40.987082]}, "properties": {"id": 4301, "price": 2621000.0, "city": "Джалал-Абад"}}, {"type": "Feature", "geometry": {"type": "Point", "coordinates": [73.040653, 40.951466]}, "properties": {"id": 4302, "price": 1962000.0, "city": "Джалал-Абад"}}, {"type": "Feature", "geometry": {"type": "Point", "coordinates": [73.009632, 40.904555]}, "properties": {"id": 4303, "price": 1768000.0, "city": "Джалал-Абад"}}, {"type": "Feature", "geometry": {"type": "Point", "coordinates": [72.956974, 40.933006]}, "properties": {"id": 4304, "price": 4843000.0, "city": "Джалал-Абад"}}, {"type": "Feature", "geometry": {"type": "Point", "coordinates": [73.046841, 40.860744]}, "properties": {"id": 4305, "price": 38420000.0, "city": "Джалал-Абад"}}, {"type": "Feature", "geometry": {"type": "Point", "coordinates": [72.948126, 40.980107]}, "properties": {"id": 4306, "price": 23365000.0, "city": "Джалал-Абад"}}, {"type": "Feature", "geometry": {"type": "Point", "coordinates": [72.955113, 40.929868]}, "properties": {"id": 4307, "price": 4516000.0, "city": "Джалал-Абад"}}, {"type": "Feature", "geometry": {"type": "Point", "coordinates": [72.982434, 41.007619]}, "properties": {"id": 4308, "price": 2174000.0, "city": "Джалал-Абад"}}, {"type": "Feature", "geometry": {"type": "Point", "coordinates": [72.955427, 40.950632]}, "properties": {"id": 4309, "price": 47394000.0, "city": "Джалал-Абад"}}, {"type": "Feature", "geometry": {"type": "Point", "coordinates": [72.976976, 40.91552]}, "properties": {"id": 4310, "price": 1600000.0, "city": "Джалал-Абад"}}, {"type": "Feature", "geometry": {"type": "Point", "coordinates": [73.064866, 40.936782]}, "properties": {"id": 4311, "price": 5268000.0, "city": "Джалал-Абад"}}, {"type": "Feature", "geometry": {"type": "Point", "coordinates": [73.018806, 40.953195]}, "properties": {"id": 4312, "price": 2717000.0, "city": "Джалал-Абад"}}, {"type": "Feature", "geometry": {"type": "Point", "coordinates": [73.027863, 40.958644]}, "properties": {"id": 4313, "price": 1119000.0, "city": "Джалал-Абад"}}, {"type": "Feature", "geometry": {"type": "Point", "coordinates": [72.979262, 40.94629]}, "properties": {"id": 4314, "price": 12122000.0, "city": "Джалал-Абад"}}, {"type": "Feature", "geometry": {"type": "Point", "coordinates": [72.997324, 40.958937]}, "properties": {"id": 4315, "price": 7251000.0, "city": "Джалал-Абад"}}, {"type": "Feature", "geometry": {"type": "Point", "coordinates": [72.94873, 40.922245]}, "properties": {"id": 4316, "price": 58015000.0, "city": "Джалал-Абад"}}, {"type": "Feature", "geometry": {"type": "Point", "coordinates": [73.023025, 40.922519]}, "properties": {"id": 4317, "price": 1347000.0, "city": "Джалал-Абад"}}, {"type": "Feature", "geometry": {"type": "Point", "coordinates": [73.008129, 40.91621]}, "properties": {"id": 4318, "price": 6413000.0, "city": "Джалал-Абад"}}, {"type": "Feature", "geometry": {"type": "Point", "coordinates": [72.997414, 40.963336]}, "properties": {"id": 4319, "price": 1175000.0, "city": "Джалал-Абад"}}, {"type": "Feature", "geometry": {"type": "Point", "coordinates": [73.077848, 41.020466]}, "properties": {"id": 4320, "price": 57889000.0, "city": "Джалал-Абад"}}, {"type": "Feature", "geometry": {"type": "Point", "coordinates": [73.028545, 40.928615]}, "properties": {"id": 4321, "price": 3288000.0, "city": "Джалал-Абад"}}, {"type": "Feature", "geometry": {"type": "Point", "coordinates": [72.96851, 40.926958]}, "properties": {"id": 4322, "price": 1086000.0, "city": "Джалал-Абад"}}, {"type": "Feature", "geometry": {"type": "Point", "coordinates": [73.001043, 40.951489]}, "properties": {"id": 4323, "price": 18180000.0, "city": "Джалал-Абад"}}, {"type": "Feature", "geometry": {"type": "Point", "coordinates": [72.954855, 40.924981]}, "properties": {"id": 4324, "price": 6594000.0, "city": "Джалал-Абад"}}, {"type": "Feature", "geometry": {"type": "Point", "coordinates": [72.965495, 40.970139]}, "properties": {"id": 4325, "price": 18994000.0, "city": "Джалал-Абад"}}, {"type": "Feature", "geometry": {"type": "Point", "coordinates": [72.967225, 40.91943]}, "properties": {"id": 4326, "price": 1688000.0, "city": "Джалал-Абад"}}, {"type": "Feature", "geometry": {"type": "Point", "coordinates": [73.010455, 40.899306]}, "properties": {"id": 4327, "price": 18818000.0, "city": "Джалал-Абад"}}, {"type": "Feature", "geometry": {"type": "Point", "coordinates": [72.978673, 40.958918]}, "properties": {"id": 4328, "price": 5361000.0, "city": "Джалал-Абад"}}, {"type": "Feature", "geometry": {"type": "Point", "coordinates": [73.028059, 40.898161]}, "properties": {"id": 4329, "price": 43786000.0, "city": "Джалал-Абад"}}, {"type": "Feature", "geometry": {"type": "Point", "coordinates": [73.028359, 40.945273]}, "properties": {"id": 4330, "price": 790000.0, "city": "Джалал-Абад"}}, {"type": "Feature", "geometry": {"type": "Point", "coordinates": [72.976081, 40.969338]}, "properties": {"id": 4331, "price": 7541000.0, "city": "Джалал-Абад"}}, {"type": "Feature", "geometry": {"type": "Point", "coordinates": [73.092613, 40.894492]}, "properties": {"id": 4332, "price": 810000.0, "city": "Джалал-Абад"}}, {"type": "Feature", "geometry": {"type": "Point", "coordinates": [72.958559, 40.997093]}, "properties": {"id": 4333, "price": 4615000.0, "city": "Джалал-Абад"}}, {"type": "Feature", "geometry": {"type": "Point", "coordinates": [73.054781, 40.911591]}, "properties": {"id": 4334, "price": 7221000.0, "city": "Джалал-Абад"}}, {"type": "Feature", "geometry": {"type": "Point", "coordinates": [73.036683, 41.013499]}, "properties": {"id": 4335, "price": 1688000.0, "city": "Джалал-Абад"}}, {"type": "Feature", "geometry": {"type": "Point", "coordinates": [73.024223, 40.930369]}, "properties": {"id": 4336, "price": 6587000.0, "city": "Джалал-Абад"}}, {"type": "Feature", "geometry": {"type": "Point", "coordinates": [73.035254, 40.930481]}, "properties": {"id": 4337, "price": 7666000.0, "city": "Джалал-Абад"}}, {"type": "Feature", "geometry": {"type": "Point", "coordinates": [72.964908, 41.086156]}, "properties": {"id": 4338, "price": 46027000.0, "city": "Джалал-Абад"}}, {"type": "Feature", "geometry": {"type": "Point", "coordinates": [72.970609, 40.916285]}, "properties": {"id": 4339, "price": 19292000.0, "city": "Джалал-Абад"}}, {"type": "Feature", "geometry": {"type": "Point", "coordinates": [73.01547, 40.898501]}, "properties": {"id": 4340, "price": 1341000.0, "city": "Джалал-Абад"}}, {"type": "Feature", "geometry": {"type": "Point", "coordinates": [72.996991, 40.918345]}, "properties": {"id": 4341, "price": 4100000.0, "city": "Джалал-Абад"}}, {"type": "Feature", "geometry": {"type": "Point", "coordinates": [73.004101, 40.901351]}, "properties": {"id": 4342, "price": 47227000.0, "city": "Джалал-Абад"}}, {"type": "Feature", "geometry": {"type": "Point", "coordinates": [73.055264, 40.939602]}, "properties": {"id": 4343, "price": 3610000.0, "city": "Джалал-Абад"}}, {"type": "Feature", "geometry": {"type": "Point", "coordinates": [73.077758, 40.902596]}, "properties": {"id": 4344, "price": 25684000.0, "city": "Джалал-Абад"}}, {"type": "Feature", "geometry": {"type": "Point", "coordinates": [73.031399, 40.962877]}, "properties": {"id": 4345, "price": 3462000.0, "city": "Джалал-Абад"}}, {"type": "Feature", "geometry": {"type": "Point", "coordinates": [73.033306, 40.91827]}, "properties": {"id": 4346, "price": 1471000.0, "city": "Джалал-Абад"}}, {"type": "Feature", "geometry": {"type": "Point", "coordinates": [73.035757, 40.926353]}, "properties": {"id": 4347, "price": 13195000.0, "city": "Джалал-Абад"}}, {"type": "Feature", "geometry": {"type": "Point", "coordinates": [73.066756, 40.888448]}, "properties": {"id": 4348, "price": 2626000.0, "city": "Джалал-Абад"}}, {"type": "Feature", "geometry": {"type": "Point", "coordinates": [73.050329, 40.949168]}, "properties": {"id": 4349, "price": 3818000.0, "city": "Джалал-Абад"}}, {"type": "Feature", "geometry": {"type": "Point", "coordinates": [73.054526, 40.942047]}, "properties": {"id": 4350, "price": 18504000.0, "city": "Джалал-Абад"}}, {"type": "Feature", "geometry": {"type": "Point", "coordinates": [73.01366, 40.904438]}, "properties": {"id": 4351, "price": 5265000.0, "city": "Джалал-Абад"}}, {"type": "Feature", "geometry": {"type": "Point", "coordinates": [72.959756, 40.912055]}, "properties": {"id": 4352, "price": 1052000.0, "city": "Джалал-Абад"}}, {"type": "Feature", "geometry": {"type": "Point", "coordinates": [72.978561, 40.937665]}, "properties": {"id": 4353, "price": 45828000.0, "city": "Джалал-Абад"}}, {"type": "Feature", "geometry": {"type": "Point", "coordinates": [73.073124, 40.955365]}, "properties": {"id": 4354, "price": 17783000.0, "city": "Джалал-Абад"}}, {"type": "Feature", "geometry": {"type": "Point", "coordinates": [73.040686, 40.837083]}, "properties": {"id": 4355, "price": 2826000.0, "city": "Джалал-Абад"}}, {"type": "Feature", "geometry": {"type": "Point", "coordinates": [72.956175, 40.981471]}, "properties": {"id": 4356, "price": 3228000.0, "city": "Джалал-Абад"}}, {"type": "Feature", "geometry": {"type": "Point", "coordinates": [73.025513, 40.937393]}, "properties": {"id": 4357, "price": 10138000.0, "city": "Джалал-Абад"}}, {"type": "Feature", "geometry": {"type": "Point", "coordinates": [73.026843, 40.961183]}, "properties": {"id": 4358, "price": 2190000.0, "city": "Джалал-Абад"}}, {"type": "Feature", "geometry": {"type": "Point", "coordinates": [73.021418, 40.925644]}, "properties": {"id": 4359, "price": 1323000.0, "city": "Джалал-Абад"}}, {"type": "Feature", "geometry": {"type": "Point", "coordinates": [73.067669, 40.919357]}, "properties": {"id": 4360, "price": 2804000.0, "city": "Джалал-Абад"}}, {"type": "Feature", "geometry": {"type": "Point", "coordinates": [78.399137, 42.417312]}, "properties": {"id": 4361, "price": 3434000.0, "city": "Каракол"}}, {"type": "Feature", "geometry": {"type": "Point", "coordinates": [78.524187, 42.485306]}, "properties": {"id": 4362, "price": 1075000.0, "city": "Каракол"}}, {"type": "Feature", "geometry": {"type": "Point", "coordinates": [78.353014, 42.451886]}, "properties": {"id": 4363, "price": 2461000.0, "city": "Каракол"}}, {"type": "Feature", "geometry": {"type": "Point", "coordinates": [78.436072, 42.576377]}, "properties": {"id": 4364, "price": 3932000.0, "city": "Каракол"}}, {"type": "Feature", "geometry": {"type": "Point", "coordinates": [78.375543, 42.3739]}, "properties": {"id": 4365, "price": 12128000.0, "city": "Каракол"}}, {"type": "Feature", "geometry": {"type": "Point", "coordinates": [78.362984, 42.337352]}, "properties": {"id": 4366, "price": 7466000.0, "city": "Каракол"}}, {"type": "Feature", "geometry": {"type": "Point", "coordinates": [78.370676, 42.455719]}, "properties": {"id": 4367, "price": 1006000.0, "city": "Каракол"}}, {"type": "Feature", "geometry": {"type": "Point", "coordinates": [78.327415, 42.411365]}, "properties": {"id": 4368, "price": 6497000.0, "city": "Каракол"}}, {"type": "Feature", "geometry": {"type": "Point", "coordinates": [78.419901, 42.55852]}, "properties": {"id": 4369, "price": 3007000.0, "city": "Каракол"}}, {"type": "Feature", "geometry": {"type": "Point", "coordinates": [78.348597, 42.542089]}, "properties": {"id": 4370, "price": 7472000.0, "city": "Каракол"}}, {"type": "Feature", "geometry": {"type": "Point", "coordinates": [78.444459, 42.399458]}, "properties": {"id": 4371, "price": 1144000.0, "city": "Каракол"}}, {"type": "Feature", "geometry": {"type": "Point", "coordinates": [78.329126, 42.522379]}, "properties": {"id": 4372, "price": 38782000.0, "city": "Каракол"}}, {"type": "Feature", "geometry": {"type": "Point", "coordinates": [78.409045, 42.501051]}, "properties": {"id": 4373, "price": 21822000.0, "city": "Каракол"}}, {"type": "Feature", "geometry": {"type": "Point", "coordinates": [78.424516, 42.566462]}, "properties": {"id": 4374, "price": 9450000.0, "city": "Каракол"}}, {"type": "Feature", "geometry": {"type": "Point", "coordinates": [78.357886, 42.489446]}, "properties": {"id": 4375, "price": 12574000.0, "city": "Каракол"}}, {"type": "Feature", "geometry": {"type": "Point", "coordinates": [78.449885, 42.531236]}, "properties": {"id": 4376, "price": 839000.0, "city": "Каракол"}}, {"type": "Feature", "geometry": {"type": "Point", "coordinates": [78.302285, 42.373916]}, "properties": {"id": 4377, "price": 28890000.0, "city": "Каракол"}}, {"type": "Feature", "geometry": {"type": "Point", "coordinates": [78.480937, 42.469756]}, "properties": {"id": 4378, "price": 3914000.0, "city": "Каракол"}}, {"type": "Feature", "geometry": {"type": "Point", "coordinates": [78.493524, 42.554113]}, "properties": {"id": 4379, "price": 7209000.0, "city": "Каракол"}}, {"type": "Feature", "geometry": {"type": "Point", "coordinates": [78.306825, 42.528201]}, "properties": {"id": 4380, "price": 2663000.0, "city": "Каракол"}}, {"type": "Feature", "geometry": {"type": "Point", "coordinates": [78.405654, 42.423398]}, "properties": {"id": 4381, "price": 2409000.0, "city": "Каракол"}}, {"type": "Feature", "geometry": {"type": "Point", "coordinates": [78.421094, 42.520898]}, "properties": {"id": 4382, "price": 28668000.0, "city": "Каракол"}}, {"type": "Feature", "geometry": {"type": "Point", "coordinates": [78.380554, 42.45851]}, "properties": {"id": 4383, "price": 56786000.0, "city": "Каракол"}}, {"type": "Feature", "geometry": {"type": "Point", "coordinates": [78.308062, 42.48623]}, "properties": {"id": 4384, "price": 11504000.0, "city": "Каракол"}}, {"type": "Feature", "geometry": {"type": "Point", "coordinates": [78.448396, 42.489706]}, "properties": {"id": 4385, "price": 54323000.0, "city": "Каракол"}}, {"type": "Feature", "geometry": {"type": "Point", "coordinates": [78.305821, 42.45223]}, "properties": {"id": 4386, "price": 6427000.0, "city": "Каракол"}}, {"type": "Feature", "geometry": {"type": "Point", "coordinates": [78.417136, 42.461732]}, "properties": {"id": 4387, "price": 36201000.0, "city": "Каракол"}}, {"type": "Feature", "geometry": {"type": "Point", "coordinates": [78.3134, 42.568396]}, "properties": {"id": 4388, "price": 7965000.0, "city": "Каракол"}}, {"type": "Feature", "geometry": {"type": "Point", "coordinates": [78.414333, 42.575754]}, "properties": {"id": 4389, "price": 29690000.0, "city": "Каракол"}}, {"type": "Feature", "geometry": {"type": "Point", "coordinates": [78.47775, 42.4268]}, "properties": {"id": 4390, "price": 6994000.0, "city": "Каракол"}}, {"type": "Feature", "geometry": {"type": "Point", "coordinates": [78.472282, 42.525955]}, "properties": {"id": 4391, "price": 4358000.0, "city": "Каракол"}}, {"type": "Feature", "geometry": {"type": "Point", "coordinates": [78.364843, 42.426866]}, "properties": {"id": 4392, "price": 1167000.0, "city": "Каракол"}}, {"type": "Feature", "geometry": {"type": "Point", "coordinates": [78.341097, 42.495429]}, "properties": {"id": 4393, "price": 19397000.0, "city": "Каракол"}}, {"type": "Feature", "geometry": {"type": "Point", "coordinates": [78.405224, 42.404225]}, "properties": {"id": 4394, "price": 633000.0, "city": "Каракол"}}, {"type": "Feature", "geometry": {"type": "Point", "coordinates": [78.370449, 42.455013]}, "properties": {"id": 4395, "price": 5006000.0, "city": "Каракол"}}, {"type": "Feature", "geometry": {"type": "Point", "coordinates": [78.491481, 42.527756]}, "properties": {"id": 4396, "price": 4146000.0, "city": "Каракол"}}, {"type": "Feature", "geometry": {"type": "Point", "coordinates": [78.425156, 42.43077]}, "properties": {"id": 4397, "price": 3316000.0, "city": "Каракол"}}, {"type": "Feature", "geometry": {"type": "Point", "coordinates": [78.380128, 42.385371]}, "properties": {"id": 4398, "price": 1364000.0, "city": "Каракол"}}, {"type": "Feature", "geometry": {"type": "Point", "coordinates": [78.295429, 42.445727]}, "properties": {"id": 4399, "price": 46388000.0, "city": "Каракол"}}, {"type": "Feature", "geometry": {"type": "Point", "coordinates": [78.350178, 42.537404]}, "properties": {"id": 4400, "price": 8864000.0, "city": "Каракол"}}, {"type": "Feature", "geometry": {"type": "Point", "coordinates": [78.270266, 42.436417]}, "properties": {"id": 4401, "price": 1628000.0, "city": "Каракол"}}, {"type": "Feature", "geometry": {"type": "Point", "coordinates": [78.531953, 42.505506]}, "properties": {"id": 4402, "price": 2330000.0, "city": "Каракол"}}, {"type": "Feature", "geometry": {"type": "Point", "coordinates": [78.358516, 42.468006]}, "properties": {"id": 4403, "price": 1913000.0, "city": "Каракол"}}, {"type": "Feature", "geometry": {"type": "Point", "coordinates": [78.369067, 42.520601]}, "properties": {"id": 4404, "price": 3003000.0, "city": "Каракол"}}, {"type": "Feature", "geometry": {"type": "Point", "coordinates": [78.422995, 42.52552]}, "properties": {"id": 4405, "price": 3791000.0, "city": "Каракол"}}, {"type": "Feature", "geometry": {"type": "Point", "coordinates": [78.476511, 42.498537]}, "properties": {"id": 4406, "price": 3480000.0, "city": "Каракол"}}, {"type": "Feature", "geometry": {"type": "Point", "coordinates": [78.38967, 42.464898]}, "properties": {"id": 4407, "price": 2858000.0, "city": "Каракол"}}, {"type": "Feature", "geometry": {"type": "Point", "coordinates": [78.30288, 42.447151]}, "properties": {"id": 4408, "price": 7733000.0, "city": "Каракол"}}, {"type": "Feature", "geometry": {"type": "Point", "coordinates": [78.332334, 42.53282]}, "properties": {"id": 4409, "price": 5030000.0, "city": "Каракол"}}, {"type": "Feature", "geometry": {"type": "Point", "coordinates": [78.326335, 42.461111]}, "properties": {"id": 4410, "price": 996000.0, "city": "Каракол"}}, {"type": "Feature", "geometry": {"type": "Point", "coordinates": [78.324214, 42.494795]}, "properties": {"id": 4411, "price": 2045000.0, "city": "Каракол"}}, {"type": "Feature", "geometry": {"type": "Point", "coordinates": [78.397197, 42.459058]}, "properties": {"id": 4412, "price": 6375000.0, "city": "Каракол"}}, {"type": "Feature", "geometry": {"type": "Point", "coordinates": [78.542439, 42.517556]}, "properties": {"id": 4413, "price": 7819000.0, "city": "Каракол"}}, {"type": "Feature", "geometry": {"type": "Point", "coordinates": [78.32659, 42.475936]}, "properties": {"id": 4414, "price": 4762000.0, "city": "Каракол"}}, {"type": "Feature", "geometry": {"type": "Point", "coordinates": [78.468967, 42.372241]}, "properties": {"id": 4415, "price": 47398000.0, "city": "Каракол"}}, {"type": "Feature", "geometry": {"type": "Point", "coordinates": [78.468283, 42.436155]}, "properties": {"id": 4416, "price": 877000.0, "city": "Каракол"}}, {"type": "Feature", "geometry": {"type": "Point", "coordinates": [78.479357, 42.546738]}, "properties": {"id": 4417, "price": 1052000.0, "city": "Каракол"}}, {"type": "Feature", "geometry": {"type": "Point", "coordinates": [78.478956, 42.465061]}, "properties": {"id": 4418, "price": 15643000.0, "city": "Каракол"}}, {"type": "Feature", "geometry": {"type": "Point", "coordinates": [78.405986, 42.518857]}, "properties": {"id": 4419, "price": 891000.0, "city": "Каракол"}}, {"type": "Feature", "geometry": {"type": "Point", "coordinates": [78.49765, 42.5393]}, "properties": {"id": 4420, "price": 13835000.0, "city": "Каракол"}}, {"type": "Feature", "geometry": {"type": "Point", "coordinates": [78.25647, 42.62205]}, "properties": {"id": 4421, "price": 5280000.0, "city": "Каракол"}}, {"type": "Feature", "geometry": {"type": "Point", "coordinates": [78.453566, 42.458276]}, "properties": {"id": 4422, "price": 8014000.0, "city": "Каракол"}}, {"type": "Feature", "geometry": {"type": "Point", "coordinates": [78.325408, 42.527436]}, "properties": {"id": 4423, "price": 4546000.0, "city": "Каракол"}}, {"type": "Feature", "geometry": {"type": "Point", "coordinates": [78.360582, 42.435414]}, "properties": {"id": 4424, "price": 5862000.0, "city": "Каракол"}}, {"type": "Feature", "geometry": {"type": "Point", "coordinates": [78.279712, 42.415619]}, "properties": {"id": 4425, "price": 9068000.0, "city": "Каракол"}}, {"type": "Feature", "geometry": {"type": "Point", "coordinates": [78.417036, 42.436525]}, "properties": {"id": 4426, "price": 2258000.0, "city": "Каракол"}}, {"type": "Feature", "geometry": {"type": "Point", "coordinates": [78.508969, 42.515665]}, "properties": {"id": 4427, "price": 1576000.0, "city": "Каракол"}}, {"type": "Feature", "geometry": {"type": "Point", "coordinates": [78.337038, 42.564878]}, "properties": {"id": 4428, "price": 3188000.0, "city": "Каракол"}}, {"type": "Feature", "geometry": {"type": "Point", "coordinates": [78.381959, 42.328063]}, "properties": {"id": 4429, "price": 6082000.0, "city": "Каракол"}}, {"type": "Feature", "geometry": {"type": "Point", "coordinates": [78.456097, 42.475737]}, "properties": {"id": 4430, "price": 2124000.0, "city": "Каракол"}}, {"type": "Feature", "geometry": {"type": "Point", "coordinates": [78.373941, 42.464304]}, "properties": {"id": 4431, "price": 4114000.0, "city": "Каракол"}}, {"type": "Feature", "geometry": {"type": "Point", "coordinates": [78.418391, 42.579601]}, "properties": {"id": 4432, "price": 6595000.0, "city": "Каракол"}}, {"type": "Feature", "geometry": {"type": "Point", "coordinates": [78.417041, 42.540958]}, "properties": {"id": 4433, "price": 987000.0, "city": "Каракол"}}, {"type": "Feature", "geometry": {"type": "Point", "coordinates": [78.35818, 42.511791]}, "properties": {"id": 4434, "price": 2970000.0, "city": "Каракол"}}, {"type": "Feature", "geometry": {"type": "Point", "coordinates": [78.443156, 42.424747]}, "properties": {"id": 4435, "price": 44831000.0, "city": "Каракол"}}, {"type": "Feature", "geometry": {"type": "Point", "coordinates": [78.320556, 42.462193]}, "properties": {"id": 4436, "price": 1544000.0, "city": "Каракол"}}, {"type": "Feature", "geometry": {"type": "Point", "coordinates": [78.447936, 42.461712]}, "properties": {"id": 4437, "price": 4493000.0, "city": "Каракол"}}, {"type": "Feature", "geometry": {"type": "Point", "coordinates": [78.370477, 42.531602]}, "properties": {"id": 4438, "price": 56934000.0, "city": "Каракол"}}, {"type": "Feature", "geometry": {"type": "Point", "coordinates": [78.391591, 42.439298]}, "properties": {"id": 4439, "price": 775000.0, "city": "Каракол"}}, {"type": "Feature", "geometry": {"type": "Point", "coordinates": [78.458869, 42.440792]}, "properties": {"id": 4440, "price": 7640000.0, "city": "Каракол"}}, {"type": "Feature", "geometry": {"type": "Point", "coordinates": [78.308075, 42.437422]}, "properties": {"id": 4441, "price": 2294000.0, "city": "Каракол"}}, {"type": "Feature", "geometry": {"type": "Point", "coordinates": [78.42329, 42.453126]}, "properties": {"id": 4442, "price": 4132000.0, "city": "Каракол"}}, {"type": "Feature", "geometry": {"type": "Point", "coordinates": [78.483138, 42.40712]}, "properties": {"id": 4443, "price": 1862000.0, "city": "Каракол"}}, {"type": "Feature", "geometry": {"type": "Point", "coordinates": [78.353734, 42.412198]}, "properties": {"id": 4444, "price": 3731000.0, "city": "Каракол"}}, {"type": "Feature", "geometry": {"type": "Point", "coordinates": [78.444226, 42.506514]}, "properties": {"id": 4445, "price": 6027000.0, "city": "Каракол"}}, {"type": "Feature", "geometry": {"type": "Point", "coordinates": [78.254202, 42.510888]}, "properties": {"id": 4446, "price": 46760000.0, "city": "Каракол"}}, {"type": "Feature", "geometry": {"type": "Point", "coordinates": [78.29238, 42.469394]}, "properties": {"id": 4447, "price": 7291000.0, "city": "Каракол"}}, {"type": "Feature", "geometry": {"type": "Point", "coordinates": [78.387518, 42.535781]}, "properties": {"id": 4448, "price": 619000.0, "city": "Каракол"}}, {"type": "Feature", "geometry": {"type": "Point", "coordinates": [78.454544, 42.442553]}, "properties": {"id": 4449, "price": 2259000.0, "city": "Каракол"}}, {"type": "Feature", "geometry": {"type": "Point", "coordinates": [78.444434, 42.536039]}, "properties": {"id": 4450, "price": 1384000.0, "city": "Каракол"}}, {"type": "Feature", "geometry": {"type": "Point", "coordinates": [78.451588, 42.447777]}, "properties": {"id": 4451, "price": 2113000.0, "city": "Каракол"}}, {"type": "Feature", "geometry": {"type": "Point", "coordinates": [78.40547, 42.43431]}, "properties": {"id": 4452, "price": 5928000.0, "city": "Каракол"}}, {"type": "Feature", "geometry": {"type": "Point", "coordinates": [78.412791, 42.466635]}, "properties": {"id": 4453, "price": 703000.0, "city": "Каракол"}}, {"type": "Feature", "geometry": {"type": "Point", "coordinates": [78.381862, 42.553604]}, "properties": {"id": 4454, "price": 2829000.0, "city": "Каракол"}}, {"type": "Feature", "geometry": {"type": "Point", "coordinates": [78.442235, 42.556902]}, "properties": {"id": 4455, "price": 7115000.0, "city": "Каракол"}}, {"type": "Feature", "geometry": {"type": "Point", "coordinates": [78.45495, 42.566851]}, "properties": {"id": 4456, "price": 3682000.0, "city": "Каракол"}}, {"type": "Feature", "geometry": {"type": "Point", "coordinates": [78.46641, 42.555167]}, "properties": {"id": 4457, "price": 7292000.0, "city": "Каракол"}}, {"type": "Feature", "geometry": {"type": "Point", "coordinates": [78.441537, 42.435283]}, "properties": {"id": 4458, "price": 3952000.0, "city": "Каракол"}}, {"type": "Feature", "geometry": {"type": "Point", "coordinates": [78.319766, 42.448962]}, "properties": {"id": 4459, "price": 19566000.0, "city": "Каракол"}}, {"type": "Feature", "geometry": {"type": "Point", "coordinates": [78.333271, 42.469]}, "properties": {"id": 4460, "price": 19072000.0, "city": "Каракол"}}, {"type": "Feature", "geometry": {"type": "Point", "coordinates": [78.281671, 42.399125]}, "properties": {"id": 4461, "price": 1465000.0, "city": "Каракол"}}, {"type": "Feature", "geometry": {"type": "Point", "coordinates": [78.379193, 42.535067]}, "properties": {"id": 4462, "price": 1531000.0, "city": "Каракол"}}, {"type": "Feature", "geometry": {"type": "Point", "coordinates": [78.429819, 42.512304]}, "properties": {"id": 4463, "price": 4855000.0, "city": "Каракол"}}, {"type": "Feature", "geometry": {"type": "Point", "coordinates": [78.430859, 42.457418]}, "properties": {"id": 4464, "price": 2589000.0, "city": "Каракол"}}, {"type": "Feature", "geometry": {"type": "Point", "coordinates": [78.442169, 42.565473]}, "properties": {"id": 4465, "price": 2659000.0, "city": "Каракол"}}, {"type": "Feature", "geometry": {"type": "Point", "coordinates": [78.415616, 42.553122]}, "properties": {"id": 4466, "price": 1576000.0, "city": "Каракол"}}, {"type": "Feature", "geometry": {"type": "Point", "coordinates": [78.386606, 42.481011]}, "properties": {"id": 4467, "price": 1682000.0, "city": "Каракол"}}, {"type": "Feature", "geometry": {"type": "Point", "coordinates": [78.330678, 42.456666]}, "properties": {"id": 4468, "price": 7005000.0, "city": "Каракол"}}, {"type": "Feature", "geometry": {"type": "Point", "coordinates": [78.304549, 42.558285]}, "properties": {"id": 4469, "price": 8392000.0, "city": "Каракол"}}, {"type": "Feature", "geometry": {"type": "Point", "coordinates": [78.439328, 42.317316]}, "properties": {"id": 4470, "price": 6554000.0, "city": "Каракол"}}, {"type": "Feature", "geometry": {"type": "Point", "coordinates": [78.455266, 42.443832]}, "properties": {"id": 4471, "price": 2408000.0, "city": "Каракол"}}, {"type": "Feature", "geometry": {"type": "Point", "coordinates": [78.42655, 42.481946]}, "properties": {"id": 4472, "price": 9076000.0, "city": "Каракол"}}, {"type": "Feature", "geometry": {"type": "Point", "coordinates": [78.356924, 42.431528]}, "properties": {"id": 4473, "price": 8773000.0, "city": "Каракол"}}, {"type": "Feature", "geometry": {"type": "Point", "coordinates": [78.376961, 42.68057]}, "properties": {"id": 4474, "price": 2620000.0, "city": "Каракол"}}, {"type": "Feature", "geometry": {"type": "Point", "coordinates": [78.433425, 42.506212]}, "properties": {"id": 4475, "price": 18017000.0, "city": "Каракол"}}, {"type": "Feature", "geometry": {"type": "Point", "coordinates": [78.426986, 42.479038]}, "properties": {"id": 4476, "price": 15314000.0, "city": "Каракол"}}, {"type": "Feature", "geometry": {"type": "Point", "coordinates": [78.381784, 42.549359]}, "properties": {"id": 4477, "price": 2404000.0, "city": "Каракол"}}, {"type": "Feature", "geometry": {"type": "Point", "coordinates": [78.380403, 42.391035]}, "properties": {"id": 4478, "price": 10388000.0, "city": "Каракол"}}, {"type": "Feature", "geometry": {"type": "Point", "coordinates": [78.521428, 42.633481]}, "properties": {"id": 4479, "price": 4169000.0, "city": "Каракол"}}, {"type": "Feature", "geometry": {"type": "Point", "coordinates": [78.414225, 42.515057]}, "properties": {"id": 4480, "price": 7958000.0, "city": "Каракол"}}, {"type": "Feature", "geometry": {"type": "Point", "coordinates": [78.419541, 42.610853]}, "properties": {"id": 4481, "price": 1127000.0, "city": "Каракол"}}, {"type": "Feature", "geometry": {"type": "Point", "coordinates": [78.391558, 42.558136]}, "properties": {"id": 4482, "price": 2261000.0, "city": "Каракол"}}, {"type": "Feature", "geometry": {"type": "Point", "coordinates": [78.362672, 42.435082]}, "properties": {"id": 4483, "price": 7664000.0, "city": "Каракол"}}, {"type": "Feature", "geometry": {"type": "Point", "coordinates": [78.510936, 42.498639]}, "properties": {"id": 4484, "price": 1748000.0, "city": "Каракол"}}, {"type": "Feature", "geometry": {"type": "Point", "coordinates": [78.316005, 42.426953]}, "properties": {"id": 4485, "price": 2757000.0, "city": "Каракол"}}, {"type": "Feature", "geometry": {"type": "Point", "coordinates": [78.43849, 42.50758]}, "properties": {"id": 4486, "price": 3280000.0, "city": "Каракол"}}, {"type": "Feature", "geometry": {"type": "Point", "coordinates": [78.427621, 42.477423]}, "properties": {"id": 4487, "price": 1996000.0, "city": "Каракол"}}, {"type": "Feature", "geometry": {"type": "Point", "coordinates": [78.406651, 42.381123]}, "properties": {"id": 4488, "price": 670000.0, "city": "Каракол"}}, {"type": "Feature", "geometry": {"type": "Point", "coordinates": [78.375572, 42.623709]}, "properties": {"id": 4489, "price": 8560000.0, "city": "Каракол"}}, {"type": "Feature", "geometry": {"type": "Point", "coordinates": [78.328754, 42.4741]}, "properties": {"id": 4490, "price": 51982000.0, "city": "Каракол"}}, {"type": "Feature", "geometry": {"type": "Point", "coordinates": [78.43224, 42.390927]}, "properties": {"id": 4491, "price": 20655000.0, "city": "Каракол"}}, {"type": "Feature", "geometry": {"type": "Point", "coordinates": [78.358773, 42.500856]}, "properties": {"id": 4492, "price": 2513000.0, "city": "Каракол"}}, {"type": "Feature", "geometry": {"type": "Point", "coordinates": [78.360297, 42.610094]}, "properties": {"id": 4493, "price": 2554000.0, "city": "Каракол"}}, {"type": "Feature", "geometry": {"type": "Point", "coordinates": [78.369886, 42.359094]}, "properties": {"id": 4494, "price": 2719000.0, "city": "Каракол"}}, {"type": "Feature", "geometry": {"type": "Point", "coordinates": [78.292141, 42.514891]}, "properties": {"id": 4495, "price": 2802000.0, "city": "Каракол"}}, {"type": "Feature", "geometry": {"type": "Point", "coordinates": [78.335469, 42.419048]}, "properties": {"id": 4496, "price": 1225000.0, "city": "Каракол"}}, {"type": "Feature", "geometry": {"type": "Point", "coordinates": [78.476079, 42.555796]}, "properties": {"id": 4497, "price": 7311000.0, "city": "Каракол"}}, {"type": "Feature", "geometry": {"type": "Point", "coordinates": [78.410267, 42.482042]}, "properties": {"id": 4498, "price": 5708000.0, "city": "Каракол"}}, {"type": "Feature", "geometry": {"type": "Point", "coordinates": [78.261678, 42.459739]}, "properties": {"id": 4499, "price": 2226000.0, "city": "Каракол"}}, {"type": "Feature", "geometry": {"type": "Point", "coordinates": [78.355424, 42.45112]}, "properties": {"id": 4500, "price": 8769000.0, "city": "Каракол"}}, {"type": "Feature", "geometry": {"type": "Point", "coordinates": [78.438447, 42.557926]}, "properties": {"id": 4501, "price": 15019000.0, "city": "Каракол"}}, {"type": "Feature", "geometry": {"type": "Point", "coordinates": [78.370653, 42.435932]}, "properties": {"id": 4502, "price": 11381000.0, "city": "Каракол"}}, {"type": "Feature", "geometry": {"type": "Point", "coordinates": [78.390983, 42.562042]}, "properties": {"id": 4503, "price": 19366000.0, "city": "Каракол"}}, {"type": "Feature", "geometry": {"type": "Point", "coordinates": [78.309164, 42.498385]}, "properties": {"id": 4504, "price": 6847000.0, "city": "Каракол"}}, {"type": "Feature", "geometry": {"type": "Point", "coordinates": [78.427284, 42.508473]}, "properties": {"id": 4505, "price": 806000.0, "city": "Каракол"}}, {"type": "Feature", "geometry": {"type": "Point", "coordinates": [78.46371, 42.512251]}, "properties": {"id": 4506, "price": 21679000.0, "city": "Каракол"}}, {"type": "Feature", "geometry": {"type": "Point", "coordinates": [78.33719, 42.329423]}, "properties": {"id": 4507, "price": 7037000.0, "city": "Каракол"}}, {"type": "Feature", "geometry": {"type": "Point", "coordinates": [78.392225, 42.471503]}, "properties": {"id": 4508, "price": 59040000.0, "city": "Каракол"}}, {"type": "Feature", "geometry": {"type": "Point", "coordinates": [78.498528, 42.543532]}, "properties": {"id": 4509, "price": 13817000.0, "city": "Каракол"}}, {"type": "Feature", "geometry": {"type": "Point", "coordinates": [78.355857, 42.390067]}, "properties": {"id": 4510, "price": 43931000.0, "city": "Каракол"}}, {"type": "Feature", "geometry": {"type": "Point", "coordinates": [78.345132, 42.554569]}, "properties": {"id": 4511, "price": 4259000.0, "city": "Каракол"}}, {"type": "Feature", "geometry": {"type": "Point", "coordinates": [78.343457, 42.554733]}, "properties": {"id": 4512, "price": 18769000.0, "city": "Каракол"}}, {"type": "Feature", "geometry": {"type": "Point", "coordinates": [78.414615, 42.508361]}, "properties": {"id": 4513, "price": 2773000.0, "city": "Каракол"}}, {"type": "Feature", "geometry": {"type": "Point", "coordinates": [78.486962, 42.457138]}, "properties": {"id": 4514, "price": 1938000.0, "city": "Каракол"}}, {"type": "Feature", "geometry": {"type": "Point", "coordinates": [78.398294, 42.502068]}, "properties": {"id": 4515, "price": 9796000.0, "city": "Каракол"}}, {"type": "Feature", "geometry": {"type": "Point", "coordinates": [78.421428, 42.515044]}, "properties": {"id": 4516, "price": 6425000.0, "city": "Каракол"}}, {"type": "Feature", "geometry": {"type": "Point", "coordinates": [78.384836, 42.613753]}, "properties": {"id": 4517, "price": 7791000.0, "city": "Каракол"}}, {"type": "Feature", "geometry": {"type": "Point", "coordinates": [78.475847, 42.437287]}, "properties": {"id": 4518, "price": 1895000.0, "city": "Каракол"}}, {"type": "Feature", "geometry": {"type": "Point", "coordinates": [78.448173, 42.645198]}, "properties": {"id": 4519, "price": 1663000.0, "city": "Каракол"}}, {"type": "Feature", "geometry": {"type": "Point", "coordinates": [78.402689, 42.484169]}, "properties": {"id": 4520, "price": 5593000.0, "city": "Каракол"}}, {"type": "Feature", "geometry": {"type": "Point", "coordinates": [78.314171, 42.486444]}, "properties": {"id": 4521, "price": 1250000.0, "city": "Каракол"}}, {"type": "Feature", "geometry": {"type": "Point", "coordinates": [78.428968, 42.495417]}, "properties": {"id": 4522, "price": 15366000.0, "city": "Каракол"}}, {"type": "Feature", "geometry": {"type": "Point", "coordinates": [78.341812, 42.540387]}, "properties": {"id": 4523, "price": 2069000.0, "city": "Каракол"}}, {"type": "Feature", "geometry": {"type": "Point", "coordinates": [78.420592, 42.463193]}, "properties": {"id": 4524, "price": 5484000.0, "city": "Каракол"}}, {"type": "Feature", "geometry": {"type": "Point", "coordinates": [78.300673, 42.399526]}, "properties": {"id": 4525, "price": 6173000.0, "city": "Каракол"}}, {"type": "Feature", "geometry": {"type": "Point", "coordinates": [78.430047, 42.631663]}, "properties": {"id": 4526, "price": 4583000.0, "city": "Каракол"}}, {"type": "Feature", "geometry": {"type": "Point", "coordinates": [78.39715, 42.528862]}, "properties": {"id": 4527, "price": 38967000.0, "city": "Каракол"}}, {"type": "Feature", "geometry": {"type": "Point", "coordinates": [78.402941, 42.456661]}, "properties": {"id": 4528, "price": 3768000.0, "city": "Каракол"}}, {"type": "Feature", "geometry": {"type": "Point", "coordinates": [78.284191, 42.552042]}, "properties": {"id": 4529, "price": 801000.0, "city": "Каракол"}}, {"type": "Feature", "geometry": {"type": "Point", "coordinates": [78.40485, 42.460761]}, "properties": {"id": 4530, "price": 5864000.0, "city": "Каракол"}}, {"type": "Feature", "geometry": {"type": "Point", "coordinates": [78.423915, 42.475591]}, "properties": {"id": 4531, "price": 771000.0, "city": "Каракол"}}, {"type": "Feature", "geometry": {"type": "Point", "coordinates": [78.52586, 42.422065]}, "properties": {"id": 4532, "price": 10620000.0, "city": "Каракол"}}, {"type": "Feature", "geometry": {"type": "Point", "coordinates": [78.423503, 42.533462]}, "properties": {"id": 4533, "price": 16414000.0, "city": "Каракол"}}, {"type": "Feature", "geometry": {"type": "Point", "coordinates": [78.340636, 42.527709]}, "properties": {"id": 4534, "price": 6601000.0, "city": "Каракол"}}, {"type": "Feature", "geometry": {"type": "Point", "coordinates": [78.427932, 42.541382]}, "properties": {"id": 4535, "price": 16673000.0, "city": "Каракол"}}, {"type": "Feature", "geometry": {"type": "Point", "coordinates": [78.316579, 42.363]}, "properties": {"id": 4536, "price": 1505000.0, "city": "Каракол"}}, {"type": "Feature", "geometry": {"type": "Point", "coordinates": [78.369384, 42.530673]}, "properties": {"id": 4537, "price": 6232000.0, "city": "Каракол"}}, {"type": "Feature", "geometry": {"type": "Point", "coordinates": [78.367374, 42.482122]}, "properties": {"id": 4538, "price": 857000.0, "city": "Каракол"}}, {"type": "Feature", "geometry": {"type": "Point", "coordinates": [78.335943, 42.406934]}, "properties": {"id": 4539, "price": 1254000.0, "city": "Каракол"}}, {"type": "Feature", "geometry": {"type": "Point", "coordinates": [78.278752, 42.465568]}, "properties": {"id": 4540, "price": 9884000.0, "city": "Каракол"}}, {"type": "Feature", "geometry": {"type": "Point", "coordinates": [78.403628, 42.467928]}, "properties": {"id": 4541, "price": 9132000.0, "city": "Каракол"}}, {"type": "Feature", "geometry": {"type": "Point", "coordinates": [78.442888, 42.398546]}, "properties": {"id": 4542, "price": 4480000.0, "city": "Каракол"}}, {"type": "Feature", "geometry": {"type": "Point", "coordinates": [78.328266, 42.384532]}, "properties": {"id": 4543, "price": 14460000.0, "city": "Каракол"}}, {"type": "Feature", "geometry": {"type": "Point", "coordinates": [78.44444, 42.435843]}, "properties": {"id": 4544, "price": 7957000.0, "city": "Каракол"}}, {"type": "Feature", "geometry": {"type": "Point", "coordinates": [78.390782, 42.498158]}, "properties": {"id": 4545, "price": 9317000.0, "city": "Каракол"}}, {"type": "Feature", "geometry": {"type": "Point", "coordinates": [78.357642, 42.558472]}, "properties": {"id": 4546, "price": 1342000.0, "city": "Каракол"}}, {"type": "Feature", "geometry": {"type": "Point", "coordinates": [78.382104, 42.520888]}, "properties": {"id": 4547, "price": 8012000.0, "city": "Каракол"}}, {"type": "Feature", "geometry": {"type": "Point", "coordinates": [78.403482, 42.454637]}, "properties": {"id": 4548, "price": 56623000.0, "city": "Каракол"}}, {"type": "Feature", "geometry": {"type": "Point", "coordinates": [78.307542, 42.491868]}, "properties": {"id": 4549, "price": 7160000.0, "city": "Каракол"}}, {"type": "Feature", "geometry": {"type": "Point", "coordinates": [78.290205, 42.477188]}, "properties": {"id": 4550, "price": 45512000.0, "city": "Каракол"}}, {"type": "Feature", "geometry": {"type": "Point", "coordinates": [78.369058, 42.609543]}, "properties": {"id": 4551, "price": 17301000.0, "city": "Каракол"}}, {"type": "Feature", "geometry": {"type": "Point", "coordinates": [78.440205, 42.534245]}, "properties": {"id": 4552, "price": 1311000.0, "city": "Каракол"}}, {"type": "Feature", "geometry": {"type": "Point", "coordinates": [78.428045, 42.565318]}, "properties": {"id": 4553, "price": 13233000.0, "city": "Каракол"}}, {"type": "Feature", "geometry": {"type": "Point", "coordinates": [78.407652, 42.509419]}, "properties": {"id": 4554, "price": 1334000.0, "city": "Каракол"}}, {"type": "Feature", "geometry": {"type": "Point", "coordinates": [78.438267, 42.509897]}, "properties": {"id": 4555, "price": 5659000.0, "city": "Каракол"}}, {"type": "Feature", "geometry": {"type": "Point", "coordinates": [78.401437, 42.462558]}, "properties": {"id": 4556, "price": 19252000.0, "city": "Каракол"}}, {"type": "Feature", "geometry": {"type": "Point", "coordinates": [78.460546, 42.451969]}, "properties": {"id": 4557, "price": 18390000.0, "city": "Каракол"}}, {"type": "Feature", "geometry": {"type": "Point", "coordinates": [78.494035, 42.554797]}, "properties": {"id": 4558, "price": 7127000.0, "city": "Каракол"}}, {"type": "Feature", "geometry": {"type": "Point", "coordinates": [78.324693, 42.536407]}, "properties": {"id": 4559, "price": 31107000.0, "city": "Каракол"}}, {"type": "Feature", "geometry": {"type": "Point", "coordinates": [78.383251, 42.465522]}, "properties": {"id": 4560, "price": 2276000.0, "city": "Каракол"}}, {"type": "Feature", "geometry": {"type": "Point", "coordinates": [78.451215, 42.539329]}, "properties": {"id": 4561, "price": 2700000.0, "city": "Каракол"}}, {"type": "Feature", "geometry": {"type": "Point", "coordinates": [78.382201, 42.496493]}, "properties": {"id": 4562, "price": 3840000.0, "city": "Каракол"}}, {"type": "Feature", "geometry": {"type": "Point", "coordinates": [78.399333, 42.490783]}, "properties": {"id": 4563, "price": 49920000.0, "city": "Каракол"}}, {"type": "Feature", "geometry": {"type": "Point", "coordinates": [78.354953, 42.481099]}, "properties": {"id": 4564, "price": 7365000.0, "city": "Каракол"}}, {"type": "Feature", "geometry": {"type": "Point", "coordinates": [78.477892, 42.492751]}, "properties": {"id": 4565, "price": 1031000.0, "city": "Каракол"}}, {"type": "Feature", "geometry": {"type": "Point", "coordinates": [78.395751, 42.564327]}, "properties": {"id": 4566, "price": 2303000.0, "city": "Каракол"}}, {"type": "Feature", "geometry": {"type": "Point", "coordinates": [78.463053, 42.460594]}, "properties": {"id": 4567, "price": 1603000.0, "city": "Каракол"}}, {"type": "Feature", "geometry": {"type": "Point", "coordinates": [78.406691, 42.456571]}, "properties": {"id": 4568, "price": 17208000.0, "city": "Каракол"}}, {"type": "Feature", "geometry": {"type": "Point", "coordinates": [78.453824, 42.515829]}, "properties": {"id": 4569, "price": 5161000.0, "city": "Каракол"}}, {"type": "Feature", "geometry": {"type": "Point", "coordinates": [78.437531, 42.400198]}, "properties": {"id": 4570, "price": 54312000.0, "city": "Каракол"}}, {"type": "Feature", "geometry": {"type": "Point", "coordinates": [78.42681, 42.559304]}, "properties": {"id": 4571, "price": 18584000.0, "city": "Каракол"}}, {"type": "Feature", "geometry": {"type": "Point", "coordinates": [78.266266, 42.489424]}, "properties": {"id": 4572, "price": 7414000.0, "city": "Каракол"}}, {"type": "Feature", "geometry": {"type": "Point", "coordinates": [78.424595, 42.596247]}, "properties": {"id": 4573, "price": 6735000.0, "city": "Каракол"}}, {"type": "Feature", "geometry": {"type": "Point", "coordinates": [78.307968, 42.487672]}, "properties": {"id": 4574, "price": 19562000.0, "city": "Каракол"}}, {"type": "Feature", "geometry": {"type": "Point", "coordinates": [78.47847, 42.438791]}, "properties": {"id": 4575, "price": 10124000.0, "city": "Каракол"}}, {"type": "Feature", "geometry": {"type": "Point", "coordinates": [78.349625, 42.503367]}, "properties": {"id": 4576, "price": 7826000.0, "city": "Каракол"}}, {"type": "Feature", "geometry": {"type": "Point", "coordinates": [78.518311, 42.59252]}, "properties": {"id": 4577, "price": 2193000.0, "city": "Каракол"}}, {"type": "Feature", "geometry": {"type": "Point", "coordinates": [78.403369, 42.451824]}, "properties": {"id": 4578, "price": 2061000.0, "city": "Каракол"}}, {"type": "Feature", "geometry": {"type": "Point", "coordinates": [78.453875, 42.534361]}, "properties": {"id": 4579, "price": 7854000.0, "city": "Каракол"}}, {"type": "Feature", "geometry": {"type": "Point", "coordinates": [78.37055, 42.522015]}, "properties": {"id": 4580, "price": 16740000.0, "city": "Каракол"}}, {"type": "Feature", "geometry": {"type": "Point", "coordinates": [75.342475, 42.864046]}, "properties": {"id": 4581, "price": 17171000.0, "city": "Токмок"}}, {"type": "Feature", "geometry": {"type": "Point", "coordinates": [75.299316, 42.838377]}, "properties": {"id": 4582, "price": 39291000.0, "city": "Токмок"}}, {"type": "Feature", "geometry": {"type": "Point", "coordinates": [75.235413, 42.889734]}, "properties": {"id": 4583, "price": 6146000.0, "city": "Токмок"}}, {"type": "Feature", "geometry": {"type": "Point", "coordinates": [75.244721, 42.890075]}, "properties": {"id": 4584, "price": 2757000.0, "city": "Токмок"}}, {"type": "Feature", "geometry": {"type": "Point", "coordinates": [75.267654, 42.836527]}, "properties": {"id": 4585, "price": 4332000.0, "city": "Токмок"}}, {"type": "Feature", "geometry": {"type": "Point", "coordinates": [75.298872, 42.772901]}, "properties": {"id": 4586, "price": 5223000.0, "city": "Токмок"}}, {"type": "Feature", "geometry": {"type": "Point", "coordinates": [75.243136, 42.871844]}, "properties": {"id": 4587, "price": 3553000.0, "city": "Токмок"}}, {"type": "Feature", "geometry": {"type": "Point", "coordinates": [75.341179, 42.832216]}, "properties": {"id": 4588, "price": 15719000.0, "city": "Токмок"}}, {"type": "Feature", "geometry": {"type": "Point", "coordinates": [75.249254, 42.83126]}, "properties": {"id": 4589, "price": 3891000.0, "city": "Токмок"}}, {"type": "Feature", "geometry": {"type": "Point", "coordinates": [75.221066, 42.705531]}, "properties": {"id": 4590, "price": 9808000.0, "city": "Токмок"}}, {"type": "Feature", "geometry": {"type": "Point", "coordinates": [75.252901, 42.872382]}, "properties": {"id": 4591, "price": 35970000.0, "city": "Токмок"}}, {"type": "Feature", "geometry": {"type": "Point", "coordinates": [75.267111, 42.862314]}, "properties": {"id": 4592, "price": 14897000.0, "city": "Токмок"}}, {"type": "Feature", "geometry": {"type": "Point", "coordinates": [75.326698, 42.866671]}, "properties": {"id": 4593, "price": 2080000.0, "city": "Токмок"}}, {"type": "Feature", "geometry": {"type": "Point", "coordinates": [75.20224, 42.783817]}, "properties": {"id": 4594, "price": 1383000.0, "city": "Токмок"}}, {"type": "Feature", "geometry": {"type": "Point", "coordinates": [75.230322, 42.797284]}, "properties": {"id": 4595, "price": 3045000.0, "city": "Токмок"}}, {"type": "Feature", "geometry": {"type": "Point", "coordinates": [75.250496, 42.856408]}, "properties": {"id": 4596, "price": 2668000.0, "city": "Токмок"}}, {"type": "Feature", "geometry": {"type": "Point", "coordinates": [75.329112, 42.84756]}, "properties": {"id": 4597, "price": 6824000.0, "city": "Токмок"}}, {"type": "Feature", "geometry": {"type": "Point", "coordinates": [75.233159, 42.877076]}, "properties": {"id": 4598, "price": 22517000.0, "city": "Токмок"}}, {"type": "Feature", "geometry": {"type": "Point", "coordinates": [75.225788, 42.868422]}, "properties": {"id": 4599, "price": 5812000.0, "city": "Токмок"}}, {"type": "Feature", "geometry": {"type": "Point", "coordinates": [75.226476, 42.819918]}, "properties": {"id": 4600, "price": 2231000.0, "city": "Токмок"}}, {"type": "Feature", "geometry": {"type": "Point", "coordinates": [75.288563, 42.888549]}, "properties": {"id": 4601, "price": 5855000.0, "city": "Токмок"}}, {"type": "Feature", "geometry": {"type": "Point", "coordinates": [75.273596, 42.853053]}, "properties": {"id": 4602, "price": 7014000.0, "city": "Токмок"}}, {"type": "Feature", "geometry": {"type": "Point", "coordinates": [75.321083, 42.750241]}, "properties": {"id": 4603, "price": 1709000.0, "city": "Токмок"}}, {"type": "Feature", "geometry": {"type": "Point", "coordinates": [75.276576, 42.895715]}, "properties": {"id": 4604, "price": 33735000.0, "city": "Токмок"}}, {"type": "Feature", "geometry": {"type": "Point", "coordinates": [75.236933, 42.881238]}, "properties": {"id": 4605, "price": 9282000.0, "city": "Токмок"}}, {"type": "Feature", "geometry": {"type": "Point", "coordinates": [75.226609, 42.900916]}, "properties": {"id": 4606, "price": 4326000.0, "city": "Токмок"}}, {"type": "Feature", "geometry": {"type": "Point", "coordinates": [75.254263, 42.923129]}, "properties": {"id": 4607, "price": 2136000.0, "city": "Токмок"}}, {"type": "Feature", "geometry": {"type": "Point", "coordinates": [75.325321, 42.746171]}, "properties": {"id": 4608, "price": 1010000.0, "city": "Токмок"}}, {"type": "Feature", "geometry": {"type": "Point", "coordinates": [75.36529, 42.715951]}, "properties": {"id": 4609, "price": 935000.0, "city": "Токмок"}}, {"type": "Feature", "geometry": {"type": "Point", "coordinates": [75.241418, 42.854904]}, "properties": {"id": 4610, "price": 2044000.0, "city": "Токмок"}}, {"type": "Feature", "geometry": {"type": "Point", "coordinates": [75.378711, 42.877904]}, "properties": {"id": 4611, "price": 1883000.0, "city": "Токмок"}}, {"type": "Feature", "geometry": {"type": "Point", "coordinates": [75.288986, 42.902578]}, "properties": {"id": 4612, "price": 8007000.0, "city": "Токмок"}}, {"type": "Feature", "geometry": {"type": "Point", "coordinates": [75.336783, 42.796527]}, "properties": {"id": 4613, "price": 2198000.0, "city": "Токмок"}}, {"type": "Feature", "geometry": {"type": "Point", "coordinates": [75.345481, 42.856673]}, "properties": {"id": 4614, "price": 5704000.0, "city": "Токмок"}}, {"type": "Feature", "geometry": {"type": "Point", "coordinates": [75.295501, 42.909001]}, "properties": {"id": 4615, "price": 7167000.0, "city": "Токмок"}}, {"type": "Feature", "geometry": {"type": "Point", "coordinates": [75.289036, 42.818352]}, "properties": {"id": 4616, "price": 2962000.0, "city": "Токмок"}}, {"type": "Feature", "geometry": {"type": "Point", "coordinates": [75.292399, 42.87034]}, "properties": {"id": 4617, "price": 51532000.0, "city": "Токмок"}}, {"type": "Feature", "geometry": {"type": "Point", "coordinates": [75.303399, 42.834098]}, "properties": {"id": 4618, "price": 2231000.0, "city": "Токмок"}}, {"type": "Feature", "geometry": {"type": "Point", "coordinates": [75.274283, 42.759031]}, "properties": {"id": 4619, "price": 5961000.0, "city": "Токмок"}}, {"type": "Feature", "geometry": {"type": "Point", "coordinates": [75.335937, 42.792736]}, "properties": {"id": 4620, "price": 3086000.0, "city": "Токмок"}}, {"type": "Feature", "geometry": {"type": "Point", "coordinates": [75.336093, 42.832678]}, "properties": {"id": 4621, "price": 1939000.0, "city": "Токмок"}}, {"type": "Feature", "geometry": {"type": "Point", "coordinates": [75.293528, 42.809582]}, "properties": {"id": 4622, "price": 5707000.0, "city": "Токмок"}}, {"type": "Feature", "geometry": {"type": "Point", "coordinates": [75.375531, 42.715583]}, "properties": {"id": 4623, "price": 5847000.0, "city": "Токмок"}}, {"type": "Feature", "geometry": {"type": "Point", "coordinates": [75.23284, 42.841047]}, "properties": {"id": 4624, "price": 8234000.0, "city": "Токмок"}}, {"type": "Feature", "geometry": {"type": "Point", "coordinates": [75.331607, 42.880251]}, "properties": {"id": 4625, "price": 6214000.0, "city": "Токмок"}}, {"type": "Feature", "geometry": {"type": "Point", "coordinates": [75.313899, 42.847329]}, "properties": {"id": 4626, "price": 13133000.0, "city": "Токмок"}}, {"type": "Feature", "geometry": {"type": "Point", "coordinates": [75.309579, 42.825501]}, "properties": {"id": 4627, "price": 2805000.0, "city": "Токмок"}}, {"type": "Feature", "geometry": {"type": "Point", "coordinates": [75.246921, 42.966505]}, "properties": {"id": 4628, "price": 2029000.0, "city": "Токмок"}}, {"type": "Feature", "geometry": {"type": "Point", "coordinates": [75.345401, 42.857443]}, "properties": {"id": 4629, "price": 7773000.0, "city": "Токмок"}}, {"type": "Feature", "geometry": {"type": "Point", "coordinates": [75.182677, 42.800576]}, "properties": {"id": 4630, "price": 12491000.0, "city": "Токмок"}}, {"type": "Feature", "geometry": {"type": "Point", "coordinates": [75.28559, 42.855322]}, "properties": {"id": 4631, "price": 2467000.0, "city": "Токмок"}}, {"type": "Feature", "geometry": {"type": "Point", "coordinates": [75.371497, 42.915531]}, "properties": {"id": 4632, "price": 5181000.0, "city": "Токмок"}}, {"type": "Feature", "geometry": {"type": "Point", "coordinates": [75.246898, 42.848083]}, "properties": {"id": 4633, "price": 3891000.0, "city": "Токмок"}}, {"type": "Feature", "geometry": {"type": "Point", "coordinates": [75.319282, 42.83018]}, "properties": {"id": 4634, "price": 4659000.0, "city": "Токмок"}}, {"type": "Feature", "geometry": {"type": "Point", "coordinates": [75.305292, 42.911341]}, "properties": {"id": 4635, "price": 5198000.0, "city": "Токмок"}}, {"type": "Feature", "geometry": {"type": "Point", "coordinates": [75.347777, 42.852796]}, "properties": {"id": 4636, "price": 4944000.0, "city": "Токмок"}}, {"type": "Feature", "geometry": {"type": "Point", "coordinates": [75.216558, 42.82256]}, "properties": {"id": 4637, "price": 2033000.0, "city": "Токмок"}}, {"type": "Feature", "geometry": {"type": "Point", "coordinates": [75.25418, 42.815705]}, "properties": {"id": 4638, "price": 2578000.0, "city": "Токмок"}}, {"type": "Feature", "geometry": {"type": "Point", "coordinates": [75.294085, 42.877486]}, "properties": {"id": 4639, "price": 2593000.0, "city": "Токмок"}}, {"type": "Feature", "geometry": {"type": "Point", "coordinates": [75.33041, 42.834146]}, "properties": {"id": 4640, "price": 10618000.0, "city": "Токмок"}}, {"type": "Feature", "geometry": {"type": "Point", "coordinates": [75.337203, 42.923236]}, "properties": {"id": 4641, "price": 8676000.0, "city": "Токмок"}}, {"type": "Feature", "geometry": {"type": "Point", "coordinates": [75.287177, 42.792004]}, "properties": {"id": 4642, "price": 7733000.0, "city": "Токмок"}}, {"type": "Feature", "geometry": {"type": "Point", "coordinates": [75.307003, 42.834066]}, "properties": {"id": 4643, "price": 13668000.0, "city": "Токмок"}}, {"type": "Feature", "geometry": {"type": "Point", "coordinates": [75.353306, 42.808804]}, "properties": {"id": 4644, "price": 5317000.0, "city": "Токмок"}}, {"type": "Feature", "geometry": {"type": "Point", "coordinates": [75.337433, 42.91377]}, "properties": {"id": 4645, "price": 5728000.0, "city": "Токмок"}}, {"type": "Feature", "geometry": {"type": "Point", "coordinates": [75.291049, 42.888109]}, "properties": {"id": 4646, "price": 2220000.0, "city": "Токмок"}}, {"type": "Feature", "geometry": {"type": "Point", "coordinates": [75.261136, 42.831783]}, "properties": {"id": 4647, "price": 4526000.0, "city": "Токмок"}}, {"type": "Feature", "geometry": {"type": "Point", "coordinates": [75.270704, 42.800131]}, "properties": {"id": 4648, "price": 11752000.0, "city": "Токмок"}}, {"type": "Feature", "geometry": {"type": "Point", "coordinates": [75.17556, 42.918643]}, "properties": {"id": 4649, "price": 1484000.0, "city": "Токмок"}}, {"type": "Feature", "geometry": {"type": "Point", "coordinates": [75.306031, 42.85135]}, "properties": {"id": 4650, "price": 725000.0, "city": "Токмок"}}, {"type": "Feature", "geometry": {"type": "Point", "coordinates": [75.299268, 42.829523]}, "properties": {"id": 4651, "price": 823000.0, "city": "Токмок"}}, {"type": "Feature", "geometry": {"type": "Point", "coordinates": [75.249404, 42.85569]}, "properties": {"id": 4652, "price": 6823000.0, "city": "Токмок"}}, {"type": "Feature", "geometry": {"type": "Point", "coordinates": [75.259757, 42.806077]}, "properties": {"id": 4653, "price": 1652000.0, "city": "Токмок"}}, {"type": "Feature", "geometry": {"type": "Point", "coordinates": [75.208895, 42.827096]}, "properties": {"id": 4654, "price": 9346000.0, "city": "Токмок"}}, {"type": "Feature", "geometry": {"type": "Point", "coordinates": [75.30365, 42.788091]}, "properties": {"id": 4655, "price": 4501000.0, "city": "Токмок"}}, {"type": "Feature", "geometry": {"type": "Point", "coordinates": [75.312336, 42.780898]}, "properties": {"id": 4656, "price": 1295000.0, "city": "Токмок"}}, {"type": "Feature", "geometry": {"type": "Point", "coordinates": [75.317424, 42.822416]}, "properties": {"id": 4657, "price": 1772000.0, "city": "Токмок"}}, {"type": "Feature", "geometry": {"type": "Point", "coordinates": [75.255371, 42.834416]}, "properties": {"id": 4658, "price": 1123000.0, "city": "Токмок"}}, {"type": "Feature", "geometry": {"type": "Point", "coordinates": [75.366264, 42.885911]}, "properties": {"id": 4659, "price": 4198000.0, "city": "Токмок"}}, {"type": "Feature", "geometry": {"type": "Point", "coordinates": [75.221003, 42.753842]}, "properties": {"id": 4660, "price": 37085000.0, "city": "Токмок"}}, {"type": "Feature", "geometry": {"type": "Point", "coordinates": [75.345152, 42.855217]}, "properties": {"id": 4661, "price": 3875000.0, "city": "Токмок"}}, {"type": "Feature", "geometry": {"type": "Point", "coordinates": [75.306106, 42.832284]}, "properties": {"id": 4662, "price": 13759000.0, "city": "Токмок"}}, {"type": "Feature", "geometry": {"type": "Point", "coordinates": [75.283124, 42.843079]}, "properties": {"id": 4663, "price": 13218000.0, "city": "Токмок"}}, {"type": "Feature", "geometry": {"type": "Point", "coordinates": [75.28276, 42.858455]}, "properties": {"id": 4664, "price": 1668000.0, "city": "Токмок"}}, {"type": "Feature", "geometry": {"type": "Point", "coordinates": [75.274743, 42.883775]}, "properties": {"id": 4665, "price": 7633000.0, "city": "Токмок"}}, {"type": "Feature", "geometry": {"type": "Point", "coordinates": [75.282426, 42.7851]}, "properties": {"id": 4666, "price": 14142000.0, "city": "Токмок"}}, {"type": "Feature", "geometry": {"type": "Point", "coordinates": [75.341793, 42.880394]}, "properties": {"id": 4667, "price": 1620000.0, "city": "Токмок"}}, {"type": "Feature", "geometry": {"type": "Point", "coordinates": [75.248786, 42.847637]}, "properties": {"id": 4668, "price": 13959000.0, "city": "Токмок"}}, {"type": "Feature", "geometry": {"type": "Point", "coordinates": [75.284987, 42.788166]}, "properties": {"id": 4669, "price": 3813000.0, "city": "Токмок"}}, {"type": "Feature", "geometry": {"type": "Point", "coordinates": [75.314179, 42.779876]}, "properties": {"id": 4670, "price": 1345000.0, "city": "Токмок"}}, {"type": "Feature", "geometry": {"type": "Point", "coordinates": [75.302518, 42.890628]}, "properties": {"id": 4671, "price": 5878000.0, "city": "Токмок"}}, {"type": "Feature", "geometry": {"type": "Point", "coordinates": [75.34388, 42.796656]}, "properties": {"id": 4672, "price": 7858000.0, "city": "Токмок"}}, {"type": "Feature", "geometry": {"type": "Point", "coordinates": [75.252727, 42.899563]}, "properties": {"id": 4673, "price": 6951000.0, "city": "Токмок"}}, {"type": "Feature", "geometry": {"type": "Point", "coordinates": [75.28095, 42.819352]}, "properties": {"id": 4674, "price": 5771000.0, "city": "Токмок"}}, {"type": "Feature", "geometry": {"type": "Point", "coordinates": [75.224905, 42.850352]}, "properties": {"id": 4675, "price": 4170000.0, "city": "Токмок"}}, {"type": "Feature", "geometry": {"type": "Point", "coordinates": [75.361308, 42.809058]}, "properties": {"id": 4676, "price": 2290000.0, "city": "Токмок"}}, {"type": "Feature", "geometry": {"type": "Point", "coordinates": [75.240307, 42.82914]}, "properties": {"id": 4677, "price": 7523000.0, "city": "Токмок"}}, {"type": "Feature", "geometry": {"type": "Point", "coordinates": [75.310086, 42.878647]}, "properties": {"id": 4678, "price": 2851000.0, "city": "Токмок"}}, {"type": "Feature", "geometry": {"type": "Point", "coordinates": [75.296959, 42.800558]}, "properties": {"id": 4679, "price": 18811000.0, "city": "Токмок"}}, {"type": "Feature", "geometry": {"type": "Point", "coordinates": [75.251335, 42.771677]}, "properties": {"id": 4680, "price": 5190000.0, "city": "Токмок"}}, {"type": "Feature", "geometry": {"type": "Point", "coordinates": [75.195104, 42.803709]}, "properties": {"id": 4681, "price": 18678000.0, "city": "Токмок"}}, {"type": "Feature", "geometry": {"type": "Point", "coordinates": [75.252711, 42.911272]}, "properties": {"id": 4682, "price": 1848000.0, "city": "Токмок"}}, {"type": "Feature", "geometry": {"type": "Point", "coordinates": [75.367505, 42.814343]}, "properties": {"id": 4683, "price": 8616000.0, "city": "Токмок"}}, {"type": "Feature", "geometry": {"type": "Point", "coordinates": [75.323468, 42.884295]}, "properties": {"id": 4684, "price": 6656000.0, "city": "Токмок"}}, {"type": "Feature", "geometry": {"type": "Point", "coordinates": [75.207484, 42.77443]}, "properties": {"id": 4685, "price": 18063000.0, "city": "Токмок"}}, {"type": "Feature", "geometry": {"type": "Point", "coordinates": [75.307954, 42.803848]}, "properties": {"id": 4686, "price": 6196000.0, "city": "Токмок"}}, {"type": "Feature", "geometry": {"type": "Point", "coordinates": [75.335788, 42.811842]}, "properties": {"id": 4687, "price": 635000.0, "city": "Токмок"}}, {"type": "Feature", "geometry": {"type": "Point", "coordinates": [75.258913, 42.900123]}, "properties": {"id": 4688, "price": 2917000.0, "city": "Токмок"}}, {"type": "Feature", "geometry": {"type": "Point", "coordinates": [75.371421, 42.800797]}, "properties": {"id": 4689, "price": 17538000.0, "city": "Токмок"}}, {"type": "Feature", "geometry": {"type": "Point", "coordinates": [75.305945, 42.898347]}, "properties": {"id": 4690, "price": 14277000.0, "city": "Токмок"}}, {"type": "Feature", "geometry": {"type": "Point", "coordinates": [75.242804, 42.880439]}, "properties": {"id": 4691, "price": 2343000.0, "city": "Токмок"}}, {"type": "Feature", "geometry": {"type": "Point", "coordinates": [75.267823, 42.815803]}, "properties": {"id": 4692, "price": 6760000.0, "city": "Токмок"}}, {"type": "Feature", "geometry": {"type": "Point", "coordinates": [75.30433, 42.821993]}, "properties": {"id": 4693, "price": 1190000.0, "city": "Токмок"}}, {"type": "Feature", "geometry": {"type": "Point", "coordinates": [75.347943, 42.836916]}, "properties": {"id": 4694, "price": 4376000.0, "city": "Токмок"}}, {"type": "Feature", "geometry": {"type": "Point", "coordinates": [75.34671, 42.809148]}, "properties": {"id": 4695, "price": 8272000.0, "city": "Токмок"}}, {"type": "Feature", "geometry": {"type": "Point", "coordinates": [75.310366, 42.77178]}, "properties": {"id": 4696, "price": 18125000.0, "city": "Токмок"}}, {"type": "Feature", "geometry": {"type": "Point", "coordinates": [75.203254, 42.799261]}, "properties": {"id": 4697, "price": 13344000.0, "city": "Токмок"}}, {"type": "Feature", "geometry": {"type": "Point", "coordinates": [75.247435, 42.819603]}, "properties": {"id": 4698, "price": 2667000.0, "city": "Токмок"}}, {"type": "Feature", "geometry": {"type": "Point", "coordinates": [75.349028, 42.811742]}, "properties": {"id": 4699, "price": 2494000.0, "city": "Токмок"}}, {"type": "Feature", "geometry": {"type": "Point", "coordinates": [75.369529, 42.892072]}, "properties": {"id": 4700, "price": 1811000.0, "city": "Токмок"}}, {"type": "Feature", "geometry": {"type": "Point", "coordinates": [75.290452, 42.758197]}, "properties": {"id": 4701, "price": 6745000.0, "city": "Токмок"}}, {"type": "Feature", "geometry": {"type": "Point", "coordinates": [75.298763, 42.768173]}, "properties": {"id": 4702, "price": 2216000.0, "city": "Токмок"}}, {"type": "Feature", "geometry": {"type": "Point", "coordinates": [75.37194, 42.852338]}, "properties": {"id": 4703, "price": 1179000.0, "city": "Токмок"}}, {"type": "Feature", "geometry": {"type": "Point", "coordinates": [75.283755, 42.838333]}, "properties": {"id": 4704, "price": 41306000.0, "city": "Токмок"}}, {"type": "Feature", "geometry": {"type": "Point", "coordinates": [75.377081, 42.72652]}, "properties": {"id": 4705, "price": 2151000.0, "city": "Токмок"}}, {"type": "Feature", "geometry": {"type": "Point", "coordinates": [75.279881, 42.865323]}, "properties": {"id": 4706, "price": 8507000.0, "city": "Токмок"}}, {"type": "Feature", "geometry": {"type": "Point", "coordinates": [75.347349, 42.86432]}, "properties": {"id": 4707, "price": 17571000.0, "city": "Токмок"}}, {"type": "Feature", "geometry": {"type": "Point", "coordinates": [75.338935, 42.77939]}, "properties": {"id": 4708, "price": 1387000.0, "city": "Токмок"}}, {"type": "Feature", "geometry": {"type": "Point", "coordinates": [75.32062, 42.812999]}, "properties": {"id": 4709, "price": 10479000.0, "city": "Токмок"}}, {"type": "Feature", "geometry": {"type": "Point", "coordinates": [75.331526, 42.861438]}, "properties": {"id": 4710, "price": 6935000.0, "city": "Токмок"}}, {"type": "Feature", "geometry": {"type": "Point", "coordinates": [75.241198, 42.843169]}, "properties": {"id": 4711, "price": 7575000.0, "city": "Токмок"}}, {"type": "Feature", "geometry": {"type": "Point", "coordinates": [75.357339, 42.878397]}, "properties": {"id": 4712, "price": 5998000.0, "city": "Токмок"}}, {"type": "Feature", "geometry": {"type": "Point", "coordinates": [75.258872, 42.827744]}, "properties": {"id": 4713, "price": 2085000.0, "city": "Токмок"}}, {"type": "Feature", "geometry": {"type": "Point", "coordinates": [75.270129, 42.774687]}, "properties": {"id": 4714, "price": 7877000.0, "city": "Токмок"}}, {"type": "Feature", "geometry": {"type": "Point", "coordinates": [75.38494, 42.827923]}, "properties": {"id": 4715, "price": 4834000.0, "city": "Токмок"}}, {"type": "Feature", "geometry": {"type": "Point", "coordinates": [75.342591, 42.826945]}, "properties": {"id": 4716, "price": 2162000.0, "city": "Токмок"}}, {"type": "Feature", "geometry": {"type": "Point", "coordinates": [75.349409, 42.770894]}, "properties": {"id": 4717, "price": 1770000.0, "city": "Токмок"}}, {"type": "Feature", "geometry": {"type": "Point", "coordinates": [75.308074, 42.884451]}, "properties": {"id": 4718, "price": 9215000.0, "city": "Токмок"}}, {"type": "Feature", "geometry": {"type": "Point", "coordinates": [75.277524, 42.890369]}, "properties": {"id": 4719, "price": 3213000.0, "city": "Токмок"}}, {"type": "Feature", "geometry": {"type": "Point", "coordinates": [75.329659, 42.886432]}, "properties": {"id": 4720, "price": 1767000.0, "city": "Токмок"}}, {"type": "Feature", "geometry": {"type": "Point", "coordinates": [75.195271, 42.868276]}, "properties": {"id": 4721, "price": 5109000.0, "city": "Токмок"}}, {"type": "Feature", "geometry": {"type": "Point", "coordinates": [75.294803, 42.793495]}, "properties": {"id": 4722, "price": 2794000.0, "city": "Токмок"}}, {"type": "Feature", "geometry": {"type": "Point", "coordinates": [75.273075, 42.900278]}, "properties": {"id": 4723, "price": 4274000.0, "city": "Токмок"}}, {"type": "Feature", "geometry": {"type": "Point", "coordinates": [75.360943, 42.874672]}, "properties": {"id": 4724, "price": 3175000.0, "city": "Токмок"}}, {"type": "Feature", "geometry": {"type": "Point", "coordinates": [75.171592, 42.870957]}, "properties": {"id": 4725, "price": 4024000.0, "city": "Токмок"}}, {"type": "Feature", "geometry": {"type": "Point", "coordinates": [75.199959, 42.821628]}, "properties": {"id": 4726, "price": 36384000.0, "city": "Токмок"}}, {"type": "Feature", "geometry": {"type": "Point", "coordinates": [75.276686, 42.977389]}, "properties": {"id": 4727, "price": 21499000.0, "city": "Токмок"}}, {"type": "Feature", "geometry": {"type": "Point", "coordinates": [75.259443, 42.787009]}, "properties": {"id": 4728, "price": 2952000.0, "city": "Токмок"}}, {"type": "Feature", "geometry": {"type": "Point", "coordinates": [75.31771, 42.843442]}, "properties": {"id": 4729, "price": 5111000.0, "city": "Токмок"}}, {"type": "Feature", "geometry": {"type": "Point", "coordinates": [75.344534, 42.81784]}, "properties": {"id": 4730, "price": 2121000.0, "city": "Токмок"}}, {"type": "Feature", "geometry": {"type": "Point", "coordinates": [75.265496, 42.792819]}, "properties": {"id": 4731, "price": 5895000.0, "city": "Токмок"}}, {"type": "Feature", "geometry": {"type": "Point", "coordinates": [75.215527, 42.793429]}, "properties": {"id": 4732, "price": 43014000.0, "city": "Токмок"}}, {"type": "Feature", "geometry": {"type": "Point", "coordinates": [75.276501, 42.835108]}, "properties": {"id": 4733, "price": 4301000.0, "city": "Токмок"}}, {"type": "Feature", "geometry": {"type": "Point", "coordinates": [75.294329, 42.730409]}, "properties": {"id": 4734, "price": 15520000.0, "city": "Токмок"}}, {"type": "Feature", "geometry": {"type": "Point", "coordinates": [75.288489, 42.838035]}, "properties": {"id": 4735, "price": 1814000.0, "city": "Токмок"}}, {"type": "Feature", "geometry": {"type": "Point", "coordinates": [75.293429, 42.80177]}, "properties": {"id": 4736, "price": 5272000.0, "city": "Токмок"}}, {"type": "Feature", "geometry": {"type": "Point", "coordinates": [75.284601, 42.885571]}, "properties": {"id": 4737, "price": 24475000.0, "city": "Токмок"}}, {"type": "Feature", "geometry": {"type": "Point", "coordinates": [75.264779, 42.751127]}, "properties": {"id": 4738, "price": 14452000.0, "city": "Токмок"}}, {"type": "Feature", "geometry": {"type": "Point", "coordinates": [75.311108, 42.825145]}, "properties": {"id": 4739, "price": 5268000.0, "city": "Токмок"}}, {"type": "Feature", "geometry": {"type": "Point", "coordinates": [75.297917, 42.835304]}, "properties": {"id": 4740, "price": 52242000.0, "city": "Токмок"}}, {"type": "Feature", "geometry": {"type": "Point", "coordinates": [75.430457, 42.805801]}, "properties": {"id": 4741, "price": 17091000.0, "city": "Токмок"}}, {"type": "Feature", "geometry": {"type": "Point", "coordinates": [75.339255, 42.763456]}, "properties": {"id": 4742, "price": 17188000.0, "city": "Токмок"}}, {"type": "Feature", "geometry": {"type": "Point", "coordinates": [75.331624, 42.851336]}, "properties": {"id": 4743, "price": 1809000.0, "city": "Токмок"}}, {"type": "Feature", "geometry": {"type": "Point", "coordinates": [75.271854, 42.839392]}, "properties": {"id": 4744, "price": 5742000.0, "city": "Токмок"}}, {"type": "Feature", "geometry": {"type": "Point", "coordinates": [75.212283, 42.870984]}, "properties": {"id": 4745, "price": 28898000.0, "city": "Токмок"}}, {"type": "Feature", "geometry": {"type": "Point", "coordinates": [75.295099, 42.89267]}, "properties": {"id": 4746, "price": 13394000.0, "city": "Токмок"}}, {"type": "Feature", "geometry": {"type": "Point", "coordinates": [75.300647, 42.822459]}, "properties": {"id": 4747, "price": 15261000.0, "city": "Токмок"}}, {"type": "Feature", "geometry": {"type": "Point", "coordinates": [75.27246, 42.824962]}, "properties": {"id": 4748, "price": 27720000.0, "city": "Токмок"}}, {"type": "Feature", "geometry": {"type": "Point", "coordinates": [75.33666, 42.751698]}, "properties": {"id": 4749, "price": 27452000.0, "city": "Токмок"}}, {"type": "Feature", "geometry": {"type": "Point", "coordinates": [75.308582, 42.861227]}, "properties": {"id": 4750, "price": 1000000.0, "city": "Токмок"}}, {"type": "Feature", "geometry": {"type": "Point", "coordinates": [75.327777, 42.851578]}, "properties": {"id": 4751, "price": 3852000.0, "city": "Токмок"}}, {"type": "Feature", "geometry": {"type": "Point", "coordinates": [75.362529, 42.764658]}, "properties": {"id": 4752, "price": 6621000.0, "city": "Токмок"}}, {"type": "Feature", "geometry": {"type": "Point", "coordinates": [75.255584, 42.885742]}, "properties": {"id": 4753, "price": 2419000.0, "city": "Токмок"}}, {"type": "Feature", "geometry": {"type": "Point", "coordinates": [75.305609, 42.848905]}, "properties": {"id": 4754, "price": 6447000.0, "city": "Токмок"}}, {"type": "Feature", "geometry": {"type": "Point", "coordinates": [75.311112, 42.808202]}, "properties": {"id": 4755, "price": 3798000.0, "city": "Токмок"}}, {"type": "Feature", "geometry": {"type": "Point", "coordinates": [75.229878, 42.905038]}, "properties": {"id": 4756, "price": 15719000.0, "city": "Токмок"}}, {"type": "Feature", "geometry": {"type": "Point", "coordinates": [75.343445, 42.862965]}, "properties": {"id": 4757, "price": 3494000.0, "city": "Токмок"}}, {"type": "Feature", "geometry": {"type": "Point", "coordinates": [75.271437, 42.821133]}, "properties": {"id": 4758, "price": 14528000.0, "city": "Токмок"}}, {"type": "Feature", "geometry": {"type": "Point", "coordinates": [75.225017, 42.856261]}, "properties": {"id": 4759, "price": 13696000.0, "city": "Токмок"}}, {"type": "Feature", "geometry": {"type": "Point", "coordinates": [75.284988, 42.699393]}, "properties": {"id": 4760, "price": 14892000.0, "city": "Токмок"}}, {"type": "Feature", "geometry": {"type": "Point", "coordinates": [73.858779, 42.879995]}, "properties": {"id": 4761, "price": 1790000.0, "city": "Кара-Балта"}}, {"type": "Feature", "geometry": {"type": "Point", "coordinates": [73.841621, 42.876611]}, "properties": {"id": 4762, "price": 1236000.0, "city": "Кара-Балта"}}, {"type": "Feature", "geometry": {"type": "Point", "coordinates": [73.905519, 42.804114]}, "properties": {"id": 4763, "price": 1606000.0, "city": "Кара-Балта"}}, {"type": "Feature", "geometry": {"type": "Point", "coordinates": [73.923128, 42.908876]}, "properties": {"id": 4764, "price": 1062000.0, "city": "Кара-Балта"}}, {"type": "Feature", "geometry": {"type": "Point", "coordinates": [73.810673, 42.885752]}, "properties": {"id": 4765, "price": 4076000.0, "city": "Кара-Балта"}}, {"type": "Feature", "geometry": {"type": "Point", "coordinates": [73.821918, 42.854467]}, "properties": {"id": 4766, "price": 6472000.0, "city": "Кара-Балта"}}, {"type": "Feature", "geometry": {"type": "Point", "coordinates": [73.906307, 42.952171]}, "properties": {"id": 4767, "price": 684000.0, "city": "Кара-Балта"}}, {"type": "Feature", "geometry": {"type": "Point", "coordinates": [73.777962, 42.801335]}, "properties": {"id": 4768, "price": 2744000.0, "city": "Кара-Балта"}}, {"type": "Feature", "geometry": {"type": "Point", "coordinates": [73.826849, 42.863868]}, "properties": {"id": 4769, "price": 3983000.0, "city": "Кара-Балта"}}, {"type": "Feature", "geometry": {"type": "Point", "coordinates": [73.913923, 42.832916]}, "properties": {"id": 4770, "price": 1716000.0, "city": "Кара-Балта"}}, {"type": "Feature", "geometry": {"type": "Point", "coordinates": [73.840241, 42.842438]}, "properties": {"id": 4771, "price": 1184000.0, "city": "Кара-Балта"}}, {"type": "Feature", "geometry": {"type": "Point", "coordinates": [73.80519, 42.927383]}, "properties": {"id": 4772, "price": 21040000.0, "city": "Кара-Балта"}}, {"type": "Feature", "geometry": {"type": "Point", "coordinates": [73.782908, 42.866601]}, "properties": {"id": 4773, "price": 2406000.0, "city": "Кара-Балта"}}, {"type": "Feature", "geometry": {"type": "Point", "coordinates": [73.903505, 42.861821]}, "properties": {"id": 4774, "price": 862000.0, "city": "Кара-Балта"}}, {"type": "Feature", "geometry": {"type": "Point", "coordinates": [73.802634, 42.837668]}, "properties": {"id": 4775, "price": 1822000.0, "city": "Кара-Балта"}}, {"type": "Feature", "geometry": {"type": "Point", "coordinates": [73.904602, 42.801617]}, "properties": {"id": 4776, "price": 3928000.0, "city": "Кара-Балта"}}, {"type": "Feature", "geometry": {"type": "Point", "coordinates": [73.942002, 42.864543]}, "properties": {"id": 4777, "price": 2813000.0, "city": "Кара-Балта"}}, {"type": "Feature", "geometry": {"type": "Point", "coordinates": [73.862121, 42.768417]}, "properties": {"id": 4778, "price": 19986000.0, "city": "Кара-Балта"}}, {"type": "Feature", "geometry": {"type": "Point", "coordinates": [73.873187, 42.869418]}, "properties": {"id": 4779, "price": 19573000.0, "city": "Кара-Балта"}}, {"type": "Feature", "geometry": {"type": "Point", "coordinates": [73.844459, 42.850915]}, "properties": {"id": 4780, "price": 1188000.0, "city": "Кара-Балта"}}, {"type": "Feature", "geometry": {"type": "Point", "coordinates": [73.980617, 42.89591]}, "properties": {"id": 4781, "price": 17115000.0, "city": "Кара-Балта"}}, {"type": "Feature", "geometry": {"type": "Point", "coordinates": [73.826475, 42.934662]}, "properties": {"id": 4782, "price": 27347000.0, "city": "Кара-Балта"}}, {"type": "Feature", "geometry": {"type": "Point", "coordinates": [73.894559, 42.906871]}, "properties": {"id": 4783, "price": 1422000.0, "city": "Кара-Балта"}}, {"type": "Feature", "geometry": {"type": "Point", "coordinates": [73.864653, 42.914927]}, "properties": {"id": 4784, "price": 9703000.0, "city": "Кара-Балта"}}, {"type": "Feature", "geometry": {"type": "Point", "coordinates": [73.837166, 42.733294]}, "properties": {"id": 4785, "price": 15000000.0, "city": "Кара-Балта"}}, {"type": "Feature", "geometry": {"type": "Point", "coordinates": [73.818416, 42.937571]}, "properties": {"id": 4786, "price": 13694000.0, "city": "Кара-Балта"}}, {"type": "Feature", "geometry": {"type": "Point", "coordinates": [73.879379, 42.912736]}, "properties": {"id": 4787, "price": 1038000.0, "city": "Кара-Балта"}}, {"type": "Feature", "geometry": {"type": "Point", "coordinates": [73.820604, 42.813752]}, "properties": {"id": 4788, "price": 2815000.0, "city": "Кара-Балта"}}, {"type": "Feature", "geometry": {"type": "Point", "coordinates": [73.830079, 42.853758]}, "properties": {"id": 4789, "price": 7092000.0, "city": "Кара-Балта"}}, {"type": "Feature", "geometry": {"type": "Point", "coordinates": [73.847944, 42.839147]}, "properties": {"id": 4790, "price": 25357000.0, "city": "Кара-Балта"}}, {"type": "Feature", "geometry": {"type": "Point", "coordinates": [73.938733, 42.819943]}, "properties": {"id": 4791, "price": 5700000.0, "city": "Кара-Балта"}}, {"type": "Feature", "geometry": {"type": "Point", "coordinates": [73.860479, 42.858887]}, "properties": {"id": 4792, "price": 1980000.0, "city": "Кара-Балта"}}, {"type": "Feature", "geometry": {"type": "Point", "coordinates": [73.945754, 42.929661]}, "properties": {"id": 4793, "price": 7611000.0, "city": "Кара-Балта"}}, {"type": "Feature", "geometry": {"type": "Point", "coordinates": [73.926104, 42.898916]}, "properties": {"id": 4794, "price": 5023000.0, "city": "Кара-Балта"}}, {"type": "Feature", "geometry": {"type": "Point", "coordinates": [73.851918, 42.809044]}, "properties": {"id": 4795, "price": 5679000.0, "city": "Кара-Балта"}}, {"type": "Feature", "geometry": {"type": "Point", "coordinates": [73.80111, 42.879487]}, "properties": {"id": 4796, "price": 7394000.0, "city": "Кара-Балта"}}, {"type": "Feature", "geometry": {"type": "Point", "coordinates": [73.924357, 42.840922]}, "properties": {"id": 4797, "price": 1713000.0, "city": "Кара-Балта"}}, {"type": "Feature", "geometry": {"type": "Point", "coordinates": [73.959186, 42.849401]}, "properties": {"id": 4798, "price": 4346000.0, "city": "Кара-Балта"}}, {"type": "Feature", "geometry": {"type": "Point", "coordinates": [73.839476, 42.852973]}, "properties": {"id": 4799, "price": 13260000.0, "city": "Кара-Балта"}}, {"type": "Feature", "geometry": {"type": "Point", "coordinates": [73.774739, 42.735663]}, "properties": {"id": 4800, "price": 24381000.0, "city": "Кара-Балта"}}, {"type": "Feature", "geometry": {"type": "Point", "coordinates": [73.890652, 42.858426]}, "properties": {"id": 4801, "price": 9568000.0, "city": "Кара-Балта"}}, {"type": "Feature", "geometry": {"type": "Point", "coordinates": [73.836216, 42.855742]}, "properties": {"id": 4802, "price": 6685000.0, "city": "Кара-Балта"}}, {"type": "Feature", "geometry": {"type": "Point", "coordinates": [73.860288, 42.734107]}, "properties": {"id": 4803, "price": 19309000.0, "city": "Кара-Балта"}}, {"type": "Feature", "geometry": {"type": "Point", "coordinates": [73.870488, 42.915282]}, "properties": {"id": 4804, "price": 9534000.0, "city": "Кара-Балта"}}, {"type": "Feature", "geometry": {"type": "Point", "coordinates": [73.864419, 42.892012]}, "properties": {"id": 4805, "price": 1897000.0, "city": "Кара-Балта"}}, {"type": "Feature", "geometry": {"type": "Point", "coordinates": [73.810372, 42.847541]}, "properties": {"id": 4806, "price": 21563000.0, "city": "Кара-Балта"}}, {"type": "Feature", "geometry": {"type": "Point", "coordinates": [73.869509, 42.87979]}, "properties": {"id": 4807, "price": 36409000.0, "city": "Кара-Балта"}}, {"type": "Feature", "geometry": {"type": "Point", "coordinates": [73.845095, 42.881845]}, "properties": {"id": 4808, "price": 8117000.0, "city": "Кара-Балта"}}, {"type": "Feature", "geometry": {"type": "Point", "coordinates": [73.877625, 42.862144]}, "properties": {"id": 4809, "price": 13900000.0, "city": "Кара-Балта"}}, {"type": "Feature", "geometry": {"type": "Point", "coordinates": [73.87627, 42.839369]}, "properties": {"id": 4810, "price": 2766000.0, "city": "Кара-Балта"}}, {"type": "Feature", "geometry": {"type": "Point", "coordinates": [73.884157, 42.85032]}, "properties": {"id": 4811, "price": 746000.0, "city": "Кара-Балта"}}, {"type": "Feature", "geometry": {"type": "Point", "coordinates": [73.910099, 42.856893]}, "properties": {"id": 4812, "price": 1300000.0, "city": "Кара-Балта"}}, {"type": "Feature", "geometry": {"type": "Point", "coordinates": [73.838703, 42.800461]}, "properties": {"id": 4813, "price": 867000.0, "city": "Кара-Балта"}}, {"type": "Feature", "geometry": {"type": "Point", "coordinates": [73.910222, 42.851828]}, "properties": {"id": 4814, "price": 6891000.0, "city": "Кара-Балта"}}, {"type": "Feature", "geometry": {"type": "Point", "coordinates": [73.875429, 42.849884]}, "properties": {"id": 4815, "price": 2516000.0, "city": "Кара-Балта"}}, {"type": "Feature", "geometry": {"type": "Point", "coordinates": [73.973183, 42.868039]}, "properties": {"id": 4816, "price": 12614000.0, "city": "Кара-Балта"}}, {"type": "Feature", "geometry": {"type": "Point", "coordinates": [73.851311, 42.779718]}, "properties": {"id": 4817, "price": 9666000.0, "city": "Кара-Балта"}}, {"type": "Feature", "geometry": {"type": "Point", "coordinates": [73.733551, 42.854046]}, "properties": {"id": 4818, "price": 14984000.0, "city": "Кара-Балта"}}, {"type": "Feature", "geometry": {"type": "Point", "coordinates": [73.765581, 42.832831]}, "properties": {"id": 4819, "price": 16880000.0, "city": "Кара-Балта"}}, {"type": "Feature", "geometry": {"type": "Point", "coordinates": [73.813397, 42.816578]}, "properties": {"id": 4820, "price": 6665000.0, "city": "Кара-Балта"}}, {"type": "Feature", "geometry": {"type": "Point", "coordinates": [73.80342, 42.992744]}, "properties": {"id": 4821, "price": 57712000.0, "city": "Кара-Балта"}}, {"type": "Feature", "geometry": {"type": "Point", "coordinates": [73.89212, 42.803182]}, "properties": {"id": 4822, "price": 4290000.0, "city": "Кара-Балта"}}, {"type": "Feature", "geometry": {"type": "Point", "coordinates": [73.850512, 42.866115]}, "properties": {"id": 4823, "price": 52637000.0, "city": "Кара-Балта"}}, {"type": "Feature", "geometry": {"type": "Point", "coordinates": [73.909255, 42.839636]}, "properties": {"id": 4824, "price": 4245000.0, "city": "Кара-Балта"}}, {"type": "Feature", "geometry": {"type": "Point", "coordinates": [73.866567, 42.865313]}, "properties": {"id": 4825, "price": 19437000.0, "city": "Кара-Балта"}}, {"type": "Feature", "geometry": {"type": "Point", "coordinates": [73.869527, 42.861135]}, "properties": {"id": 4826, "price": 11820000.0, "city": "Кара-Балта"}}, {"type": "Feature", "geometry": {"type": "Point", "coordinates": [73.816623, 42.795799]}, "properties": {"id": 4827, "price": 4296000.0, "city": "Кара-Балта"}}, {"type": "Feature", "geometry": {"type": "Point", "coordinates": [73.765625, 42.849338]}, "properties": {"id": 4828, "price": 32362000.0, "city": "Кара-Балта"}}, {"type": "Feature", "geometry": {"type": "Point", "coordinates": [73.881902, 42.84449]}, "properties": {"id": 4829, "price": 2635000.0, "city": "Кара-Балта"}}, {"type": "Feature", "geometry": {"type": "Point", "coordinates": [73.897352, 42.853588]}, "properties": {"id": 4830, "price": 1174000.0, "city": "Кара-Балта"}}, {"type": "Feature", "geometry": {"type": "Point", "coordinates": [73.839468, 42.85642]}, "properties": {"id": 4831, "price": 2864000.0, "city": "Кара-Балта"}}, {"type": "Feature", "geometry": {"type": "Point", "coordinates": [73.820332, 42.82632]}, "properties": {"id": 4832, "price": 6520000.0, "city": "Кара-Балта"}}, {"type": "Feature", "geometry": {"type": "Point", "coordinates": [73.88472, 42.809724]}, "properties": {"id": 4833, "price": 729000.0, "city": "Кара-Балта"}}, {"type": "Feature", "geometry": {"type": "Point", "coordinates": [73.87542, 42.859799]}, "properties": {"id": 4834, "price": 16652000.0, "city": "Кара-Балта"}}, {"type": "Feature", "geometry": {"type": "Point", "coordinates": [73.878866, 42.777244]}, "properties": {"id": 4835, "price": 3458000.0, "city": "Кара-Балта"}}, {"type": "Feature", "geometry": {"type": "Point", "coordinates": [73.73755, 42.845054]}, "properties": {"id": 4836, "price": 5567000.0, "city": "Кара-Балта"}}, {"type": "Feature", "geometry": {"type": "Point", "coordinates": [73.779852, 42.801378]}, "properties": {"id": 4837, "price": 25972000.0, "city": "Кара-Балта"}}, {"type": "Feature", "geometry": {"type": "Point", "coordinates": [73.871294, 42.832537]}, "properties": {"id": 4838, "price": 5504000.0, "city": "Кара-Балта"}}, {"type": "Feature", "geometry": {"type": "Point", "coordinates": [73.885269, 42.866604]}, "properties": {"id": 4839, "price": 926000.0, "city": "Кара-Балта"}}, {"type": "Feature", "geometry": {"type": "Point", "coordinates": [73.865627, 42.959317]}, "properties": {"id": 4840, "price": 3963000.0, "city": "Кара-Балта"}}, {"type": "Feature", "geometry": {"type": "Point", "coordinates": [73.803663, 42.963737]}, "properties": {"id": 4841, "price": 2990000.0, "city": "Кара-Балта"}}, {"type": "Feature", "geometry": {"type": "Point", "coordinates": [73.891528, 42.854558]}, "properties": {"id": 4842, "price": 827000.0, "city": "Кара-Балта"}}, {"type": "Feature", "geometry": {"type": "Point", "coordinates": [73.866574, 42.728567]}, "properties": {"id": 4843, "price": 4660000.0, "city": "Кара-Балта"}}, {"type": "Feature", "geometry": {"type": "Point", "coordinates": [73.777406, 42.82694]}, "properties": {"id": 4844, "price": 45134000.0, "city": "Кара-Балта"}}, {"type": "Feature", "geometry": {"type": "Point", "coordinates": [73.880635, 42.718026]}, "properties": {"id": 4845, "price": 643000.0, "city": "Кара-Балта"}}, {"type": "Feature", "geometry": {"type": "Point", "coordinates": [73.796592, 42.758964]}, "properties": {"id": 4846, "price": 676000.0, "city": "Кара-Балта"}}, {"type": "Feature", "geometry": {"type": "Point", "coordinates": [73.819949, 42.856787]}, "properties": {"id": 4847, "price": 1624000.0, "city": "Кара-Балта"}}, {"type": "Feature", "geometry": {"type": "Point", "coordinates": [73.870877, 42.85311]}, "properties": {"id": 4848, "price": 5612000.0, "city": "Кара-Балта"}}, {"type": "Feature", "geometry": {"type": "Point", "coordinates": [73.838157, 42.853178]}, "properties": {"id": 4849, "price": 16948000.0, "city": "Кара-Балта"}}, {"type": "Feature", "geometry": {"type": "Point", "coordinates": [73.914461, 42.978062]}, "properties": {"id": 4850, "price": 2364000.0, "city": "Кара-Балта"}}, {"type": "Feature", "geometry": {"type": "Point", "coordinates": [73.897066, 42.826104]}, "properties": {"id": 4851, "price": 3625000.0, "city": "Кара-Балта"}}, {"type": "Feature", "geometry": {"type": "Point", "coordinates": [73.827943, 42.817604]}, "properties": {"id": 4852, "price": 4871000.0, "city": "Кара-Балта"}}, {"type": "Feature", "geometry": {"type": "Point", "coordinates": [73.797041, 42.850746]}, "properties": {"id": 4853, "price": 10693000.0, "city": "Кара-Балта"}}, {"type": "Feature", "geometry": {"type": "Point", "coordinates": [73.891763, 42.753319]}, "properties": {"id": 4854, "price": 50157000.0, "city": "Кара-Балта"}}, {"type": "Feature", "geometry": {"type": "Point", "coordinates": [73.819444, 42.924355]}, "properties": {"id": 4855, "price": 32218000.0, "city": "Кара-Балта"}}, {"type": "Feature", "geometry": {"type": "Point", "coordinates": [73.862249, 42.875086]}, "properties": {"id": 4856, "price": 7938000.0, "city": "Кара-Балта"}}, {"type": "Feature", "geometry": {"type": "Point", "coordinates": [73.875269, 42.816181]}, "properties": {"id": 4857, "price": 8302000.0, "city": "Кара-Балта"}}, {"type": "Feature", "geometry": {"type": "Point", "coordinates": [73.817601, 42.818785]}, "properties": {"id": 4858, "price": 1798000.0, "city": "Кара-Балта"}}, {"type": "Feature", "geometry": {"type": "Point", "coordinates": [73.847147, 42.779941]}, "properties": {"id": 4859, "price": 2357000.0, "city": "Кара-Балта"}}, {"type": "Feature", "geometry": {"type": "Point", "coordinates": [73.821645, 42.851459]}, "properties": {"id": 4860, "price": 1940000.0, "city": "Кара-Балта"}}, {"type": "Feature", "geometry": {"type": "Point", "coordinates": [73.798744, 42.877405]}, "properties": {"id": 4861, "price": 3845000.0, "city": "Кара-Балта"}}, {"type": "Feature", "geometry": {"type": "Point", "coordinates": [73.928221, 42.819144]}, "properties": {"id": 4862, "price": 9515000.0, "city": "Кара-Балта"}}, {"type": "Feature", "geometry": {"type": "Point", "coordinates": [73.730584, 42.881584]}, "properties": {"id": 4863, "price": 7934000.0, "city": "Кара-Балта"}}, {"type": "Feature", "geometry": {"type": "Point", "coordinates": [73.753233, 42.844285]}, "properties": {"id": 4864, "price": 12649000.0, "city": "Кара-Балта"}}, {"type": "Feature", "geometry": {"type": "Point", "coordinates": [73.804046, 42.912354]}, "properties": {"id": 4865, "price": 3763000.0, "city": "Кара-Балта"}}, {"type": "Feature", "geometry": {"type": "Point", "coordinates": [73.948097, 42.954492]}, "properties": {"id": 4866, "price": 44856000.0, "city": "Кара-Балта"}}, {"type": "Feature", "geometry": {"type": "Point", "coordinates": [73.686658, 42.912392]}, "properties": {"id": 4867, "price": 13304000.0, "city": "Кара-Балта"}}, {"type": "Feature", "geometry": {"type": "Point", "coordinates": [73.874537, 42.818879]}, "properties": {"id": 4868, "price": 5367000.0, "city": "Кара-Балта"}}, {"type": "Feature", "geometry": {"type": "Point", "coordinates": [73.885445, 42.785401]}, "properties": {"id": 4869, "price": 6196000.0, "city": "Кара-Балта"}}, {"type": "Feature", "geometry": {"type": "Point", "coordinates": [73.841203, 42.860418]}, "properties": {"id": 4870, "price": 24354000.0, "city": "Кара-Балта"}}, {"type": "Feature", "geometry": {"type": "Point", "coordinates": [73.791201, 42.846204]}, "properties": {"id": 4871, "price": 4507000.0, "city": "Кара-Балта"}}, {"type": "Feature", "geometry": {"type": "Point", "coordinates": [73.872343, 42.879019]}, "properties": {"id": 4872, "price": 17740000.0, "city": "Кара-Балта"}}, {"type": "Feature", "geometry": {"type": "Point", "coordinates": [73.834832, 42.890066]}, "properties": {"id": 4873, "price": 6695000.0, "city": "Кара-Балта"}}, {"type": "Feature", "geometry": {"type": "Point", "coordinates": [73.829241, 42.869889]}, "properties": {"id": 4874, "price": 809000.0, "city": "Кара-Балта"}}, {"type": "Feature", "geometry": {"type": "Point", "coordinates": [73.863446, 42.798477]}, "properties": {"id": 4875, "price": 2372000.0, "city": "Кара-Балта"}}, {"type": "Feature", "geometry": {"type": "Point", "coordinates": [73.820906, 42.886891]}, "properties": {"id": 4876, "price": 3860000.0, "city": "Кара-Балта"}}, {"type": "Feature", "geometry": {"type": "Point", "coordinates": [73.922127, 42.836192]}, "properties": {"id": 4877, "price": 1279000.0, "city": "Кара-Балта"}}, {"type": "Feature", "geometry": {"type": "Point", "coordinates": [73.88551, 42.772475]}, "properties": {"id": 4878, "price": 2305000.0, "city": "Кара-Балта"}}, {"type": "Feature", "geometry": {"type": "Point", "coordinates": [73.817045, 42.851438]}, "properties": {"id": 4879, "price": 5656000.0, "city": "Кара-Балта"}}, {"type": "Feature", "geometry": {"type": "Point", "coordinates": [73.84654, 42.850806]}, "properties": {"id": 4880, "price": 4168000.0, "city": "Кара-Балта"}}, {"type": "Feature", "geometry": {"type": "Point", "coordinates": [73.8616, 42.924287]}, "properties": {"id": 4881, "price": 14005000.0, "city": "Кара-Балта"}}, {"type": "Feature", "geometry": {"type": "Point", "coordinates": [73.909482, 42.78167]}, "properties": {"id": 4882, "price": 14339000.0, "city": "Кара-Балта"}}, {"type": "Feature", "geometry": {"type": "Point", "coordinates": [73.834696, 42.938585]}, "properties": {"id": 4883, "price": 7965000.0, "city": "Кара-Балта"}}, {"type": "Feature", "geometry": {"type": "Point", "coordinates": [73.767007, 42.906286]}, "properties": {"id": 4884, "price": 2632000.0, "city": "Кара-Балта"}}, {"type": "Feature", "geometry": {"type": "Point", "coordinates": [73.913934, 42.70614]}, "properties": {"id": 4885, "price": 986000.0, "city": "Кара-Балта"}}, {"type": "Feature", "geometry": {"type": "Point", "coordinates": [73.881117, 42.820095]}, "properties": {"id": 4886, "price": 4395000.0, "city": "Кара-Балта"}}, {"type": "Feature", "geometry": {"type": "Point", "coordinates": [73.860338, 42.819585]}, "properties": {"id": 4887, "price": 9422000.0, "city": "Кара-Балта"}}, {"type": "Feature", "geometry": {"type": "Point", "coordinates": [73.814858, 42.875046]}, "properties": {"id": 4888, "price": 14335000.0, "city": "Кара-Балта"}}, {"type": "Feature", "geometry": {"type": "Point", "coordinates": [73.970751, 42.853181]}, "properties": {"id": 4889, "price": 3502000.0, "city": "Кара-Балта"}}, {"type": "Feature", "geometry": {"type": "Point", "coordinates": [73.837274, 42.749361]}, "properties": {"id": 4890, "price": 7937000.0, "city": "Кара-Балта"}}, {"type": "Feature", "geometry": {"type": "Point", "coordinates": [73.855267, 42.867171]}, "properties": {"id": 4891, "price": 3525000.0, "city": "Кара-Балта"}}, {"type": "Feature", "geometry": {"type": "Point", "coordinates": [73.761382, 42.880826]}, "properties": {"id": 4892, "price": 7562000.0, "city": "Кара-Балта"}}, {"type": "Feature", "geometry": {"type": "Point", "coordinates": [73.870609, 42.856625]}, "properties": {"id": 4893, "price": 2852000.0, "city": "Кара-Балта"}}, {"type": "Feature", "geometry": {"type": "Point", "coordinates": [73.877975, 42.958549]}, "properties": {"id": 4894, "price": 3584000.0, "city": "Кара-Балта"}}, {"type": "Feature", "geometry": {"type": "Point", "coordinates": [73.909879, 42.897626]}, "properties": {"id": 4895, "price": 15076000.0, "city": "Кара-Балта"}}, {"type": "Feature", "geometry": {"type": "Point", "coordinates": [73.77892, 42.865123]}, "properties": {"id": 4896, "price": 6903000.0, "city": "Кара-Балта"}}, {"type": "Feature", "geometry": {"type": "Point", "coordinates": [73.905748, 42.893221]}, "properties": {"id": 4897, "price": 7637000.0, "city": "Кара-Балта"}}, {"type": "Feature", "geometry": {"type": "Point", "coordinates": [73.857861, 42.731689]}, "properties": {"id": 4898, "price": 6084000.0, "city": "Кара-Балта"}}, {"type": "Feature", "geometry": {"type": "Point", "coordinates": [73.850128, 42.833834]}, "properties": {"id": 4899, "price": 3493000.0, "city": "Кара-Балта"}}, {"type": "Feature", "geometry": {"type": "Point", "coordinates": [73.79224, 42.772551]}, "properties": {"id": 4900, "price": 7107000.0, "city": "Кара-Балта"}}, {"type": "Feature", "geometry": {"type": "Point", "coordinates": [72.21741, 42.563925]}, "properties": {"id": 4901, "price": 889000.0, "city": "Талас"}}, {"type": "Feature", "geometry": {"type": "Point", "coordinates": [72.25463, 42.573606]}, "properties": {"id": 4902, "price": 1872000.0, "city": "Талас"}}, {"type": "Feature", "geometry": {"type": "Point", "coordinates": [72.237091, 42.511704]}, "properties": {"id": 4903, "price": 42324000.0, "city": "Талас"}}, {"type": "Feature", "geometry": {"type": "Point", "coordinates": [72.197286, 42.436857]}, "properties": {"id": 4904, "price": 3017000.0, "city": "Талас"}}, {"type": "Feature", "geometry": {"type": "Point", "coordinates": [72.276454, 42.564738]}, "properties": {"id": 4905, "price": 16581000.0, "city": "Талас"}}, {"type": "Feature", "geometry": {"type": "Point", "coordinates": [72.121826, 42.546126]}, "properties": {"id": 4906, "price": 666000.0, "city": "Талас"}}, {"type": "Feature", "geometry": {"type": "Point", "coordinates": [72.231105, 42.499427]}, "properties": {"id": 4907, "price": 7880000.0, "city": "Талас"}}, {"type": "Feature", "geometry": {"type": "Point", "coordinates": [72.299716, 42.609431]}, "properties": {"id": 4908, "price": 7396000.0, "city": "Талас"}}, {"type": "Feature", "geometry": {"type": "Point", "coordinates": [72.113673, 42.443954]}, "properties": {"id": 4909, "price": 1777000.0, "city": "Талас"}}, {"type": "Feature", "geometry": {"type": "Point", "coordinates": [72.264122, 42.544828]}, "properties": {"id": 4910, "price": 1144000.0, "city": "Талас"}}, {"type": "Feature", "geometry": {"type": "Point", "coordinates": [72.190695, 42.538912]}, "properties": {"id": 4911, "price": 18796000.0, "city": "Талас"}}, {"type": "Feature", "geometry": {"type": "Point", "coordinates": [72.32938, 42.525919]}, "properties": {"id": 4912, "price": 6369000.0, "city": "Талас"}}, {"type": "Feature", "geometry": {"type": "Point", "coordinates": [72.229967, 42.475304]}, "properties": {"id": 4913, "price": 7336000.0, "city": "Талас"}}, {"type": "Feature", "geometry": {"type": "Point", "coordinates": [72.231386, 42.521973]}, "properties": {"id": 4914, "price": 6346000.0, "city": "Талас"}}, {"type": "Feature", "geometry": {"type": "Point", "coordinates": [72.21603, 42.608214]}, "properties": {"id": 4915, "price": 2703000.0, "city": "Талас"}}, {"type": "Feature", "geometry": {"type": "Point", "coordinates": [72.268996, 42.515329]}, "properties": {"id": 4916, "price": 12688000.0, "city": "Талас"}}, {"type": "Feature", "geometry": {"type": "Point", "coordinates": [72.393736, 42.559473]}, "properties": {"id": 4917, "price": 6817000.0, "city": "Талас"}}, {"type": "Feature", "geometry": {"type": "Point", "coordinates": [72.148154, 42.491207]}, "properties": {"id": 4918, "price": 2199000.0, "city": "Талас"}}, {"type": "Feature", "geometry": {"type": "Point", "coordinates": [72.329121, 42.533215]}, "properties": {"id": 4919, "price": 4783000.0, "city": "Талас"}}, {"type": "Feature", "geometry": {"type": "Point", "coordinates": [72.169397, 42.551541]}, "properties": {"id": 4920, "price": 2639000.0, "city": "Талас"}}, {"type": "Feature", "geometry": {"type": "Point", "coordinates": [72.280899, 42.4976]}, "properties": {"id": 4921, "price": 18530000.0, "city": "Талас"}}, {"type": "Feature", "geometry": {"type": "Point", "coordinates": [72.267653, 42.556312]}, "properties": {"id": 4922, "price": 18065000.0, "city": "Талас"}}, {"type": "Feature", "geometry": {"type": "Point", "coordinates": [72.313451, 42.464766]}, "properties": {"id": 4923, "price": 3022000.0, "city": "Талас"}}, {"type": "Feature", "geometry": {"type": "Point", "coordinates": [72.271478, 42.506639]}, "properties": {"id": 4924, "price": 7896000.0, "city": "Талас"}}, {"type": "Feature", "geometry": {"type": "Point", "coordinates": [72.309457, 42.501817]}, "properties": {"id": 4925, "price": 18713000.0, "city": "Талас"}}, {"type": "Feature", "geometry": {"type": "Point", "coordinates": [72.293823, 42.602871]}, "properties": {"id": 4926, "price": 16338000.0, "city": "Талас"}}, {"type": "Feature", "geometry": {"type": "Point", "coordinates": [72.166964, 42.453412]}, "properties": {"id": 4927, "price": 4443000.0, "city": "Талас"}}, {"type": "Feature", "geometry": {"type": "Point", "coordinates": [72.276341, 42.475319]}, "properties": {"id": 4928, "price": 625000.0, "city": "Талас"}}, {"type": "Feature", "geometry": {"type": "Point", "coordinates": [72.309936, 42.47937]}, "properties": {"id": 4929, "price": 7047000.0, "city": "Талас"}}, {"type": "Feature", "geometry": {"type": "Point", "coordinates": [72.25708, 42.481873]}, "properties": {"id": 4930, "price": 954000.0, "city": "Талас"}}, {"type": "Feature", "geometry": {"type": "Point", "coordinates": [72.226989, 42.536156]}, "properties": {"id": 4931, "price": 4824000.0, "city": "Талас"}}, {"type": "Feature", "geometry": {"type": "Point", "coordinates": [72.262352, 42.462894]}, "properties": {"id": 4932, "price": 4454000.0, "city": "Талас"}}, {"type": "Feature", "geometry": {"type": "Point", "coordinates": [72.231343, 42.485521]}, "properties": {"id": 4933, "price": 7679000.0, "city": "Талас"}}, {"type": "Feature", "geometry": {"type": "Point", "coordinates": [72.263634, 42.494329]}, "properties": {"id": 4934, "price": 3467000.0, "city": "Талас"}}, {"type": "Feature", "geometry": {"type": "Point", "coordinates": [72.197509, 42.604302]}, "properties": {"id": 4935, "price": 11314000.0, "city": "Талас"}}, {"type": "Feature", "geometry": {"type": "Point", "coordinates": [72.201237, 42.522324]}, "properties": {"id": 4936, "price": 39623000.0, "city": "Талас"}}, {"type": "Feature", "geometry": {"type": "Point", "coordinates": [72.268342, 42.462028]}, "properties": {"id": 4937, "price": 7796000.0, "city": "Талас"}}, {"type": "Feature", "geometry": {"type": "Point", "coordinates": [72.22396, 42.556055]}, "properties": {"id": 4938, "price": 2387000.0, "city": "Талас"}}, {"type": "Feature", "geometry": {"type": "Point", "coordinates": [72.260847, 42.509564]}, "properties": {"id": 4939, "price": 3382000.0, "city": "Талас"}}, {"type": "Feature", "geometry": {"type": "Point", "coordinates": [72.184711, 42.540334]}, "properties": {"id": 4940, "price": 9608000.0, "city": "Талас"}}, {"type": "Feature", "geometry": {"type": "Point", "coordinates": [72.168805, 42.475377]}, "properties": {"id": 4941, "price": 3492000.0, "city": "Талас"}}, {"type": "Feature", "geometry": {"type": "Point", "coordinates": [72.2212, 42.544074]}, "properties": {"id": 4942, "price": 15674000.0, "city": "Талас"}}, {"type": "Feature", "geometry": {"type": "Point", "coordinates": [72.247132, 42.43085]}, "properties": {"id": 4943, "price": 4135000.0, "city": "Талас"}}, {"type": "Feature", "geometry": {"type": "Point", "coordinates": [72.218546, 42.541313]}, "properties": {"id": 4944, "price": 13222000.0, "city": "Талас"}}, {"type": "Feature", "geometry": {"type": "Point", "coordinates": [72.22861, 42.369358]}, "properties": {"id": 4945, "price": 13074000.0, "city": "Талас"}}, {"type": "Feature", "geometry": {"type": "Point", "coordinates": [72.213156, 42.528431]}, "properties": {"id": 4946, "price": 5208000.0, "city": "Талас"}}, {"type": "Feature", "geometry": {"type": "Point", "coordinates": [72.27324, 42.527762]}, "properties": {"id": 4947, "price": 13566000.0, "city": "Талас"}}, {"type": "Feature", "geometry": {"type": "Point", "coordinates": [72.181604, 42.591114]}, "properties": {"id": 4948, "price": 13768000.0, "city": "Талас"}}, {"type": "Feature", "geometry": {"type": "Point", "coordinates": [72.323531, 42.519327]}, "properties": {"id": 4949, "price": 6613000.0, "city": "Талас"}}, {"type": "Feature", "geometry": {"type": "Point", "coordinates": [72.25206, 42.578469]}, "properties": {"id": 4950, "price": 1148000.0, "city": "Талас"}}, {"type": "Feature", "geometry": {"type": "Point", "coordinates": [72.271889, 42.525206]}, "properties": {"id": 4951, "price": 7107000.0, "city": "Талас"}}, {"type": "Feature", "geometry": {"type": "Point", "coordinates": [72.271861, 42.472168]}, "properties": {"id": 4952, "price": 1702000.0, "city": "Талас"}}, {"type": "Feature", "geometry": {"type": "Point", "coordinates": [72.246708, 42.536508]}, "properties": {"id": 4953, "price": 4662000.0, "city": "Талас"}}, {"type": "Feature", "geometry": {"type": "Point", "coordinates": [72.246457, 42.472339]}, "properties": {"id": 4954, "price": 7906000.0, "city": "Талас"}}, {"type": "Feature", "geometry": {"type": "Point", "coordinates": [72.265155, 42.502106]}, "properties": {"id": 4955, "price": 4501000.0, "city": "Талас"}}, {"type": "Feature", "geometry": {"type": "Point", "coordinates": [72.289785, 42.536699]}, "properties": {"id": 4956, "price": 625000.0, "city": "Талас"}}, {"type": "Feature", "geometry": {"type": "Point", "coordinates": [72.21207, 42.482151]}, "properties": {"id": 4957, "price": 1748000.0, "city": "Талас"}}, {"type": "Feature", "geometry": {"type": "Point", "coordinates": [72.326459, 42.561102]}, "properties": {"id": 4958, "price": 1412000.0, "city": "Талас"}}, {"type": "Feature", "geometry": {"type": "Point", "coordinates": [72.2209, 42.392866]}, "properties": {"id": 4959, "price": 5088000.0, "city": "Талас"}}, {"type": "Feature", "geometry": {"type": "Point", "coordinates": [72.283902, 42.573971]}, "properties": {"id": 4960, "price": 1870000.0, "city": "Талас"}}, {"type": "Feature", "geometry": {"type": "Point", "coordinates": [72.223383, 42.428404]}, "properties": {"id": 4961, "price": 5032000.0, "city": "Талас"}}, {"type": "Feature", "geometry": {"type": "Point", "coordinates": [72.234158, 42.51108]}, "properties": {"id": 4962, "price": 2804000.0, "city": "Талас"}}, {"type": "Feature", "geometry": {"type": "Point", "coordinates": [72.190543, 42.514702]}, "properties": {"id": 4963, "price": 3882000.0, "city": "Талас"}}, {"type": "Feature", "geometry": {"type": "Point", "coordinates": [72.209965, 42.440315]}, "properties": {"id": 4964, "price": 11116000.0, "city": "Талас"}}, {"type": "Feature", "geometry": {"type": "Point", "coordinates": [72.233516, 42.531306]}, "properties": {"id": 4965, "price": 7171000.0, "city": "Талас"}}, {"type": "Feature", "geometry": {"type": "Point", "coordinates": [72.247814, 42.465842]}, "properties": {"id": 4966, "price": 6711000.0, "city": "Талас"}}, {"type": "Feature", "geometry": {"type": "Point", "coordinates": [72.282913, 42.510113]}, "properties": {"id": 4967, "price": 13149000.0, "city": "Талас"}}, {"type": "Feature", "geometry": {"type": "Point", "coordinates": [72.239692, 42.528654]}, "properties": {"id": 4968, "price": 2175000.0, "city": "Талас"}}, {"type": "Feature", "geometry": {"type": "Point", "coordinates": [72.216195, 42.571241]}, "properties": {"id": 4969, "price": 14002000.0, "city": "Талас"}}, {"type": "Feature", "geometry": {"type": "Point", "coordinates": [72.283365, 42.482209]}, "properties": {"id": 4970, "price": 1211000.0, "city": "Талас"}}, {"type": "Feature", "geometry": {"type": "Point", "coordinates": [72.221568, 42.529794]}, "properties": {"id": 4971, "price": 8331000.0, "city": "Талас"}}, {"type": "Feature", "geometry": {"type": "Point", "coordinates": [72.269868, 42.468607]}, "properties": {"id": 4972, "price": 1034000.0, "city": "Талас"}}, {"type": "Feature", "geometry": {"type": "Point", "coordinates": [72.252601, 42.57115]}, "properties": {"id": 4973, "price": 13465000.0, "city": "Талас"}}, {"type": "Feature", "geometry": {"type": "Point", "coordinates": [72.24476, 42.538875]}, "properties": {"id": 4974, "price": 2865000.0, "city": "Талас"}}, {"type": "Feature", "geometry": {"type": "Point", "coordinates": [72.25405, 42.540646]}, "properties": {"id": 4975, "price": 18031000.0, "city": "Талас"}}, {"type": "Feature", "geometry": {"type": "Point", "coordinates": [72.275016, 42.458432]}, "properties": {"id": 4976, "price": 6034000.0, "city": "Талас"}}, {"type": "Feature", "geometry": {"type": "Point", "coordinates": [72.263284, 42.517363]}, "properties": {"id": 4977, "price": 2471000.0, "city": "Талас"}}, {"type": "Feature", "geometry": {"type": "Point", "coordinates": [72.296808, 42.608617]}, "properties": {"id": 4978, "price": 4445000.0, "city": "Талас"}}, {"type": "Feature", "geometry": {"type": "Point", "coordinates": [72.266489, 42.478559]}, "properties": {"id": 4979, "price": 3162000.0, "city": "Талас"}}, {"type": "Feature", "geometry": {"type": "Point", "coordinates": [72.25052, 42.54288]}, "properties": {"id": 4980, "price": 5893000.0, "city": "Талас"}}, {"type": "Feature", "geometry": {"type": "Point", "coordinates": [72.266098, 42.617001]}, "properties": {"id": 4981, "price": 671000.0, "city": "Талас"}}, {"type": "Feature", "geometry": {"type": "Point", "coordinates": [72.261928, 42.568739]}, "properties": {"id": 4982, "price": 42746000.0, "city": "Талас"}}, {"type": "Feature", "geometry": {"type": "Point", "coordinates": [72.218658, 42.515126]}, "properties": {"id": 4983, "price": 30646000.0, "city": "Талас"}}, {"type": "Feature", "geometry": {"type": "Point", "coordinates": [72.222848, 42.486362]}, "properties": {"id": 4984, "price": 8727000.0, "city": "Талас"}}, {"type": "Feature", "geometry": {"type": "Point", "coordinates": [72.143555, 42.493079]}, "properties": {"id": 4985, "price": 7418000.0, "city": "Талас"}}, {"type": "Feature", "geometry": {"type": "Point", "coordinates": [72.246711, 42.409377]}, "properties": {"id": 4986, "price": 8965000.0, "city": "Талас"}}, {"type": "Feature", "geometry": {"type": "Point", "coordinates": [72.288213, 42.496994]}, "properties": {"id": 4987, "price": 18658000.0, "city": "Талас"}}, {"type": "Feature", "geometry": {"type": "Point", "coordinates": [72.192877, 42.412632]}, "properties": {"id": 4988, "price": 1076000.0, "city": "Талас"}}, {"type": "Feature", "geometry": {"type": "Point", "coordinates": [72.277841, 42.609069]}, "properties": {"id": 4989, "price": 2800000.0, "city": "Талас"}}, {"type": "Feature", "geometry": {"type": "Point", "coordinates": [72.214555, 42.546896]}, "properties": {"id": 4990, "price": 2540000.0, "city": "Талас"}}, {"type": "Feature", "geometry": {"type": "Point", "coordinates": [72.261673, 42.556108]}, "properties": {"id": 4991, "price": 7894000.0, "city": "Талас"}}, {"type": "Feature", "geometry": {"type": "Point", "coordinates": [72.244464, 42.519393]}, "properties": {"id": 4992, "price": 1951000.0, "city": "Талас"}}, {"type": "Feature", "geometry": {"type": "Point", "coordinates": [72.23548, 42.438112]}, "properties": {"id": 4993, "price": 746000.0, "city": "Талас"}}, {"type": "Feature", "geometry": {"type": "Point", "coordinates": [72.290703, 42.474969]}, "properties": {"id": 4994, "price": 7933000.0, "city": "Талас"}}, {"type": "Feature", "geometry": {"type": "Point", "coordinates": [72.204809, 42.591013]}, "properties": {"id": 4995, "price": 2051000.0, "city": "Талас"}}, {"type": "Feature", "geometry": {"type": "Point", "coordinates": [72.294146, 42.577678]}, "properties": {"id": 4996, "price": 39730000.0, "city": "Талас"}}, {"type": "Feature", "geometry": {"type": "Point", "coordinates": [72.219367, 42.516575]}, "properties": {"id": 4997, "price": 9414000.0, "city": "Талас"}}, {"type": "Feature", "geometry": {"type": "Point", "coordinates": [72.20481, 42.552011]}, "properties": {"id": 4998, "price": 2940000.0, "city": "Талас"}}, {"type": "Feature", "geometry": {"type": "Point", "coordinates": [72.19117, 42.501517]}, "properties": {"id": 4999, "price": 1633000.0, "city": "Талас"}}, {"type": "Feature", "geometry": {"type": "Point", "coordinates": [72.196098, 42.546214]}, "properties": {"id": 5000, "price": 1012000.0, "city": "Талас"}}, {"type": "Feature", "geometry": {"type": "Point", "coordinates": [72.281361, 42.473887]}, "properties": {"id": 5001, "price": 2945000.0, "city": "Талас"}}, {"type": "Feature", "geometry": {"type": "Point", "coordinates": [72.206642, 42.501381]}, "properties": {"id": 5002, "price": 15037000.0, "city": "Талас"}}, {"type": "Feature", "geometry": {"type": "Point", "coordinates": [72.319229, 42.533731]}, "properties": {"id": 5003, "price": 5731000.0, "city": "Талас"}}, {"type": "Feature", "geometry": {"type": "Point", "coordinates": [72.238815, 42.525544]}, "properties": {"id": 5004, "price": 19925000.0, "city": "Талас"}}, {"type": "Feature", "geometry": {"type": "Point", "coordinates": [72.242151, 42.425226]}, "properties": {"id": 5005, "price": 707000.0, "city": "Талас"}}, {"type": "Feature", "geometry": {"type": "Point", "coordinates": [72.319045, 42.527088]}, "properties": {"id": 5006, "price": 2904000.0, "city": "Талас"}}, {"type": "Feature", "geometry": {"type": "Point", "coordinates": [72.277593, 42.466265]}, "properties": {"id": 5007, "price": 2452000.0, "city": "Талас"}}, {"type": "Feature", "geometry": {"type": "Point", "coordinates": [72.311331, 42.472944]}, "properties": {"id": 5008, "price": 55285000.0, "city": "Талас"}}, {"type": "Feature", "geometry": {"type": "Point", "coordinates": [72.240953, 42.534833]}, "properties": {"id": 5009, "price": 1974000.0, "city": "Талас"}}, {"type": "Feature", "geometry": {"type": "Point", "coordinates": [72.274875, 42.529702]}, "properties": {"id": 5010, "price": 12182000.0, "city": "Талас"}}, {"type": "Feature", "geometry": {"type": "Point", "coordinates": [76.014434, 41.467146]}, "properties": {"id": 5011, "price": 1003000.0, "city": "Нарын"}}, {"type": "Feature", "geometry": {"type": "Point", "coordinates": [75.989179, 41.442504]}, "properties": {"id": 5012, "price": 18870000.0, "city": "Нарын"}}, {"type": "Feature", "geometry": {"type": "Point", "coordinates": [76.018782, 41.3772]}, "properties": {"id": 5013, "price": 24541000.0, "city": "Нарын"}}, {"type": "Feature", "geometry": {"type": "Point", "coordinates": [76.032188, 41.400527]}, "properties": {"id": 5014, "price": 1389000.0, "city": "Нарын"}}, {"type": "Feature", "geometry": {"type": "Point", "coordinates": [75.974358, 41.303538]}, "properties": {"id": 5015, "price": 1572000.0, "city": "Нарын"}}, {"type": "Feature", "geometry": {"type": "Point", "coordinates": [75.923741, 41.426942]}, "properties": {"id": 5016, "price": 6476000.0, "city": "Нарын"}}, {"type": "Feature", "geometry": {"type": "Point", "coordinates": [76.010232, 41.467012]}, "properties": {"id": 5017, "price": 10313000.0, "city": "Нарын"}}, {"type": "Feature", "geometry": {"type": "Point", "coordinates": [76.061232, 41.528501]}, "properties": {"id": 5018, "price": 3816000.0, "city": "Нарын"}}, {"type": "Feature", "geometry": {"type": "Point", "coordinates": [75.993518, 41.432213]}, "properties": {"id": 5019, "price": 4734000.0, "city": "Нарын"}}, {"type": "Feature", "geometry": {"type": "Point", "coordinates": [75.998416, 41.354415]}, "properties": {"id": 5020, "price": 3612000.0, "city": "Нарын"}}, {"type": "Feature", "geometry": {"type": "Point", "coordinates": [76.051923, 41.336833]}, "properties": {"id": 5021, "price": 9086000.0, "city": "Нарын"}}, {"type": "Feature", "geometry": {"type": "Point", "coordinates": [76.01503, 41.414833]}, "properties": {"id": 5022, "price": 17016000.0, "city": "Нарын"}}, {"type": "Feature", "geometry": {"type": "Point", "coordinates": [75.897621, 41.510682]}, "properties": {"id": 5023, "price": 6074000.0, "city": "Нарын"}}, {"type": "Feature", "geometry": {"type": "Point", "coordinates": [76.028663, 41.419961]}, "properties": {"id": 5024, "price": 1791000.0, "city": "Нарын"}}, {"type": "Feature", "geometry": {"type": "Point", "coordinates": [76.022023, 41.494106]}, "properties": {"id": 5025, "price": 1492000.0, "city": "Нарын"}}, {"type": "Feature", "geometry": {"type": "Point", "coordinates": [76.069941, 41.539291]}, "properties": {"id": 5026, "price": 5976000.0, "city": "Нарын"}}, {"type": "Feature", "geometry": {"type": "Point", "coordinates": [76.05758, 41.365291]}, "properties": {"id": 5027, "price": 7508000.0, "city": "Нарын"}}, {"type": "Feature", "geometry": {"type": "Point", "coordinates": [75.904317, 41.575871]}, "properties": {"id": 5028, "price": 918000.0, "city": "Нарын"}}, {"type": "Feature", "geometry": {"type": "Point", "coordinates": [75.9811, 41.443561]}, "properties": {"id": 5029, "price": 1756000.0, "city": "Нарын"}}, {"type": "Feature", "geometry": {"type": "Point", "coordinates": [76.006808, 41.489341]}, "properties": {"id": 5030, "price": 54199000.0, "city": "Нарын"}}, {"type": "Feature", "geometry": {"type": "Point", "coordinates": [75.992084, 41.480945]}, "properties": {"id": 5031, "price": 5543000.0, "city": "Нарын"}}, {"type": "Feature", "geometry": {"type": "Point", "coordinates": [76.039748, 41.40643]}, "properties": {"id": 5032, "price": 2774000.0, "city": "Нарын"}}, {"type": "Feature", "geometry": {"type": "Point", "coordinates": [75.961936, 41.308722]}, "properties": {"id": 5033, "price": 5243000.0, "city": "Нарын"}}, {"type": "Feature", "geometry": {"type": "Point", "coordinates": [76.001434, 41.415182]}, "properties": {"id": 5034, "price": 3792000.0, "city": "Нарын"}}, {"type": "Feature", "geometry": {"type": "Point", "coordinates": [75.996199, 41.35505]}, "properties": {"id": 5035, "price": 2699000.0, "city": "Нарын"}}, {"type": "Feature", "geometry": {"type": "Point", "coordinates": [75.994986, 41.467748]}, "properties": {"id": 5036, "price": 8754000.0, "city": "Нарын"}}, {"type": "Feature", "geometry": {"type": "Point", "coordinates": [75.95695, 41.318068]}, "properties": {"id": 5037, "price": 4589000.0, "city": "Нарын"}}, {"type": "Feature", "geometry": {"type": "Point", "coordinates": [75.987464, 41.523884]}, "properties": {"id": 5038, "price": 1997000.0, "city": "Нарын"}}, {"type": "Feature", "geometry": {"type": "Point", "coordinates": [76.034924, 41.456113]}, "properties": {"id": 5039, "price": 14209000.0, "city": "Нарын"}}, {"type": "Feature", "geometry": {"type": "Point", "coordinates": [75.874942, 41.477051]}, "properties": {"id": 5040, "price": 3698000.0, "city": "Нарын"}}, {"type": "Feature", "geometry": {"type": "Point", "coordinates": [75.841698, 41.463198]}, "properties": {"id": 5041, "price": 6706000.0, "city": "Нарын"}}, {"type": "Feature", "geometry": {"type": "Point", "coordinates": [76.022061, 41.402323]}, "properties": {"id": 5042, "price": 1909000.0, "city": "Нарын"}}, {"type": "Feature", "geometry": {"type": "Point", "coordinates": [75.988063, 41.384605]}, "properties": {"id": 5043, "price": 11856000.0, "city": "Нарын"}}, {"type": "Feature", "geometry": {"type": "Point", "coordinates": [76.09659, 41.384854]}, "properties": {"id": 5044, "price": 6680000.0, "city": "Нарын"}}, {"type": "Feature", "geometry": {"type": "Point", "coordinates": [76.049975, 41.419182]}, "properties": {"id": 5045, "price": 5463000.0, "city": "Нарын"}}, {"type": "Feature", "geometry": {"type": "Point", "coordinates": [75.922701, 41.464534]}, "properties": {"id": 5046, "price": 10379000.0, "city": "Нарын"}}, {"type": "Feature", "geometry": {"type": "Point", "coordinates": [76.011183, 41.471412]}, "properties": {"id": 5047, "price": 2015000.0, "city": "Нарын"}}, {"type": "Feature", "geometry": {"type": "Point", "coordinates": [75.947591, 41.408936]}, "properties": {"id": 5048, "price": 6088000.0, "city": "Нарын"}}, {"type": "Feature", "geometry": {"type": "Point", "coordinates": [76.051234, 41.448235]}, "properties": {"id": 5049, "price": 15986000.0, "city": "Нарын"}}, {"type": "Feature", "geometry": {"type": "Point", "coordinates": [76.046603, 41.417045]}, "properties": {"id": 5050, "price": 12003000.0, "city": "Нарын"}}, {"type": "Feature", "geometry": {"type": "Point", "coordinates": [75.894921, 41.426718]}, "properties": {"id": 5051, "price": 14365000.0, "city": "Нарын"}}, {"type": "Feature", "geometry": {"type": "Point", "coordinates": [76.035908, 41.363236]}, "properties": {"id": 5052, "price": 32826000.0, "city": "Нарын"}}, {"type": "Feature", "geometry": {"type": "Point", "coordinates": [75.90157, 41.469957]}, "properties": {"id": 5053, "price": 2492000.0, "city": "Нарын"}}, {"type": "Feature", "geometry": {"type": "Point", "coordinates": [76.070997, 41.437059]}, "properties": {"id": 5054, "price": 3627000.0, "city": "Нарын"}}, {"type": "Feature", "geometry": {"type": "Point", "coordinates": [75.968591, 41.410557]}, "properties": {"id": 5055, "price": 1120000.0, "city": "Нарын"}}, {"type": "Feature", "geometry": {"type": "Point", "coordinates": [76.023029, 41.308851]}, "properties": {"id": 5056, "price": 8962000.0, "city": "Нарын"}}, {"type": "Feature", "geometry": {"type": "Point", "coordinates": [75.968669, 41.41031]}, "properties": {"id": 5057, "price": 1041000.0, "city": "Нарын"}}, {"type": "Feature", "geometry": {"type": "Point", "coordinates": [75.940666, 41.510276]}, "properties": {"id": 5058, "price": 4763000.0, "city": "Нарын"}}, {"type": "Feature", "geometry": {"type": "Point", "coordinates": [76.039697, 41.294927]}, "properties": {"id": 5059, "price": 6785000.0, "city": "Нарын"}}, {"type": "Feature", "geometry": {"type": "Point", "coordinates": [76.065171, 41.42443]}, "properties": {"id": 5060, "price": 3944000.0, "city": "Нарын"}}, {"type": "Feature", "geometry": {"type": "Point", "coordinates": [76.008142, 41.305515]}, "properties": {"id": 5061, "price": 3453000.0, "city": "Нарын"}}, {"type": "Feature", "geometry": {"type": "Point", "coordinates": [76.100355, 41.393413]}, "properties": {"id": 5062, "price": 1256000.0, "city": "Нарын"}}, {"type": "Feature", "geometry": {"type": "Point", "coordinates": [75.98173, 41.505157]}, "properties": {"id": 5063, "price": 6940000.0, "city": "Нарын"}}, {"type": "Feature", "geometry": {"type": "Point", "coordinates": [75.930986, 41.37513]}, "properties": {"id": 5064, "price": 7157000.0, "city": "Нарын"}}, {"type": "Feature", "geometry": {"type": "Point", "coordinates": [75.969784, 41.440226]}, "properties": {"id": 5065, "price": 4311000.0, "city": "Нарын"}}, {"type": "Feature", "geometry": {"type": "Point", "coordinates": [76.026795, 41.381009]}, "properties": {"id": 5066, "price": 19554000.0, "city": "Нарын"}}, {"type": "Feature", "geometry": {"type": "Point", "coordinates": [75.974618, 41.459173]}, "properties": {"id": 5067, "price": 2606000.0, "city": "Нарын"}}, {"type": "Feature", "geometry": {"type": "Point", "coordinates": [75.99296, 41.419683]}, "properties": {"id": 5068, "price": 780000.0, "city": "Нарын"}}, {"type": "Feature", "geometry": {"type": "Point", "coordinates": [75.997995, 41.403883]}, "properties": {"id": 5069, "price": 1490000.0, "city": "Нарын"}}, {"type": "Feature", "geometry": {"type": "Point", "coordinates": [76.025369, 41.508421]}, "properties": {"id": 5070, "price": 1315000.0, "city": "Нарын"}}, {"type": "Feature", "geometry": {"type": "Point", "coordinates": [75.975088, 41.434786]}, "properties": {"id": 5071, "price": 4912000.0, "city": "Нарын"}}, {"type": "Feature", "geometry": {"type": "Point", "coordinates": [76.01856, 41.429675]}, "properties": {"id": 5072, "price": 57271000.0, "city": "Нарын"}}, {"type": "Feature", "geometry": {"type": "Point", "coordinates": [76.042909, 41.483301]}, "properties": {"id": 5073, "price": 1560000.0, "city": "Нарын"}}, {"type": "Feature", "geometry": {"type": "Point", "coordinates": [75.889832, 41.508796]}, "properties": {"id": 5074, "price": 17971000.0, "city": "Нарын"}}, {"type": "Feature", "geometry": {"type": "Point", "coordinates": [76.153893, 41.484288]}, "properties": {"id": 5075, "price": 12691000.0, "city": "Нарын"}}, {"type": "Feature", "geometry": {"type": "Point", "coordinates": [76.014461, 41.500846]}, "properties": {"id": 5076, "price": 20413000.0, "city": "Нарын"}}, {"type": "Feature", "geometry": {"type": "Point", "coordinates": [75.961204, 41.410011]}, "properties": {"id": 5077, "price": 1251000.0, "city": "Нарын"}}, {"type": "Feature", "geometry": {"type": "Point", "coordinates": [76.094716, 41.489219]}, "properties": {"id": 5078, "price": 7287000.0, "city": "Нарын"}}, {"type": "Feature", "geometry": {"type": "Point", "coordinates": [75.981132, 41.392929]}, "properties": {"id": 5079, "price": 10379000.0, "city": "Нарын"}}, {"type": "Feature", "geometry": {"type": "Point", "coordinates": [75.991976, 41.434067]}, "properties": {"id": 5080, "price": 44689000.0, "city": "Нарын"}}, {"type": "Feature", "geometry": {"type": "Point", "coordinates": [75.994519, 41.454961]}, "properties": {"id": 5081, "price": 3686000.0, "city": "Нарын"}}, {"type": "Feature", "geometry": {"type": "Point", "coordinates": [76.008464, 41.455078]}, "properties": {"id": 5082, "price": 2760000.0, "city": "Нарын"}}, {"type": "Feature", "geometry": {"type": "Point", "coordinates": [75.968703, 41.558625]}, "properties": {"id": 5083, "price": 1029000.0, "city": "Нарын"}}, {"type": "Feature", "geometry": {"type": "Point", "coordinates": [75.874953, 41.452961]}, "properties": {"id": 5084, "price": 5383000.0, "city": "Нарын"}}, {"type": "Feature", "geometry": {"type": "Point", "coordinates": [75.882147, 41.493575]}, "properties": {"id": 5085, "price": 2661000.0, "city": "Нарын"}}, {"type": "Feature", "geometry": {"type": "Point", "coordinates": [76.011781, 41.473071]}, "properties": {"id": 5086, "price": 2097000.0, "city": "Нарын"}}, {"type": "Feature", "geometry": {"type": "Point", "coordinates": [76.04645, 41.442496]}, "properties": {"id": 5087, "price": 3347000.0, "city": "Нарын"}}, {"type": "Feature", "geometry": {"type": "Point", "coordinates": [75.974308, 41.477308]}, "properties": {"id": 5088, "price": 5207000.0, "city": "Нарын"}}, {"type": "Feature", "geometry": {"type": "Point", "coordinates": [76.114062, 41.42757]}, "properties": {"id": 5089, "price": 6077000.0, "city": "Нарын"}}, {"type": "Feature", "geometry": {"type": "Point", "coordinates": [76.019006, 41.475953]}, "properties": {"id": 5090, "price": 2717000.0, "city": "Нарын"}}, {"type": "Feature", "geometry": {"type": "Point", "coordinates": [75.990268, 41.47007]}, "properties": {"id": 5091, "price": 2452000.0, "city": "Нарын"}}, {"type": "Feature", "geometry": {"type": "Point", "coordinates": [76.062037, 41.461981]}, "properties": {"id": 5092, "price": 1429000.0, "city": "Нарын"}}, {"type": "Feature", "geometry": {"type": "Point", "coordinates": [76.020648, 41.324006]}, "properties": {"id": 5093, "price": 4944000.0, "city": "Нарын"}}, {"type": "Feature", "geometry": {"type": "Point", "coordinates": [75.997292, 41.506935]}, "properties": {"id": 5094, "price": 26620000.0, "city": "Нарын"}}, {"type": "Feature", "geometry": {"type": "Point", "coordinates": [76.072638, 41.355578]}, "properties": {"id": 5095, "price": 4127000.0, "city": "Нарын"}}, {"type": "Feature", "geometry": {"type": "Point", "coordinates": [76.017795, 41.401748]}, "properties": {"id": 5096, "price": 3207000.0, "city": "Нарын"}}, {"type": "Feature", "geometry": {"type": "Point", "coordinates": [75.986003, 41.394775]}, "properties": {"id": 5097, "price": 6670000.0, "city": "Нарын"}}, {"type": "Feature", "geometry": {"type": "Point", "coordinates": [75.99112, 41.515824]}, "properties": {"id": 5098, "price": 20129000.0, "city": "Нарын"}}, {"type": "Feature", "geometry": {"type": "Point", "coordinates": [75.962512, 41.488981]}, "properties": {"id": 5099, "price": 2726000.0, "city": "Нарын"}}, {"type": "Feature", "geometry": {"type": "Point", "coordinates": [75.857064, 41.4455]}, "properties": {"id": 5100, "price": 1538000.0, "city": "Нарын"}}, {"type": "Feature", "geometry": {"type": "Point", "coordinates": [76.175452, 42.503315]}, "properties": {"id": 5101, "price": 3080000.0, "city": "Балыкчы"}}, {"type": "Feature", "geometry": {"type": "Point", "coordinates": [76.202938, 42.396989]}, "properties": {"id": 5102, "price": 1881000.0, "city": "Балыкчы"}}, {"type": "Feature", "geometry": {"type": "Point", "coordinates": [76.179373, 42.512649]}, "properties": {"id": 5103, "price": 2631000.0, "city": "Балыкчы"}}, {"type": "Feature", "geometry": {"type": "Point", "coordinates": [76.12929, 42.398667]}, "properties": {"id": 5104, "price": 1693000.0, "city": "Балыкчы"}}, {"type": "Feature", "geometry": {"type": "Point", "coordinates": [76.241809, 42.443473]}, "properties": {"id": 5105, "price": 1697000.0, "city": "Балыкчы"}}, {"type": "Feature", "geometry": {"type": "Point", "coordinates": [76.144765, 42.489436]}, "properties": {"id": 5106, "price": 5257000.0, "city": "Балыкчы"}}, {"type": "Feature", "geometry": {"type": "Point", "coordinates": [76.126343, 42.379685]}, "properties": {"id": 5107, "price": 11077000.0, "city": "Балыкчы"}}, {"type": "Feature", "geometry": {"type": "Point", "coordinates": [76.135158, 42.488842]}, "properties": {"id": 5108, "price": 4938000.0, "city": "Балыкчы"}}, {"type": "Feature", "geometry": {"type": "Point", "coordinates": [76.189736, 42.523164]}, "properties": {"id": 5109, "price": 19576000.0, "city": "Балыкчы"}}, {"type": "Feature", "geometry": {"type": "Point", "coordinates": [76.250225, 42.490037]}, "properties": {"id": 5110, "price": 9046000.0, "city": "Балыкчы"}}, {"type": "Feature", "geometry": {"type": "Point", "coordinates": [76.141217, 42.503281]}, "properties": {"id": 5111, "price": 3168000.0, "city": "Балыкчы"}}, {"type": "Feature", "geometry": {"type": "Point", "coordinates": [76.234376, 42.480152]}, "properties": {"id": 5112, "price": 26677000.0, "city": "Балыкчы"}}, {"type": "Feature", "geometry": {"type": "Point", "coordinates": [76.187425, 42.453774]}, "properties": {"id": 5113, "price": 4673000.0, "city": "Балыкчы"}}, {"type": "Feature", "geometry": {"type": "Point", "coordinates": [76.15984, 42.391472]}, "properties": {"id": 5114, "price": 12621000.0, "city": "Балыкчы"}}, {"type": "Feature", "geometry": {"type": "Point", "coordinates": [76.17416, 42.495547]}, "properties": {"id": 5115, "price": 7412000.0, "city": "Балыкчы"}}, {"type": "Feature", "geometry": {"type": "Point", "coordinates": [76.288132, 42.482237]}, "properties": {"id": 5116, "price": 1195000.0, "city": "Балыкчы"}}, {"type": "Feature", "geometry": {"type": "Point", "coordinates": [76.177691, 42.512286]}, "properties": {"id": 5117, "price": 4056000.0, "city": "Балыкчы"}}, {"type": "Feature", "geometry": {"type": "Point", "coordinates": [76.126097, 42.503595]}, "properties": {"id": 5118, "price": 3111000.0, "city": "Балыкчы"}}, {"type": "Feature", "geometry": {"type": "Point", "coordinates": [76.119177, 42.503843]}, "properties": {"id": 5119, "price": 9443000.0, "city": "Балыкчы"}}, {"type": "Feature", "geometry": {"type": "Point", "coordinates": [76.212319, 42.447011]}, "properties": {"id": 5120, "price": 1585000.0, "city": "Балыкчы"}}, {"type": "Feature", "geometry": {"type": "Point", "coordinates": [76.252166, 42.374176]}, "properties": {"id": 5121, "price": 6881000.0, "city": "Балыкчы"}}, {"type": "Feature", "geometry": {"type": "Point", "coordinates": [76.118648, 42.403499]}, "properties": {"id": 5122, "price": 6235000.0, "city": "Балыкчы"}}, {"type": "Feature", "geometry": {"type": "Point", "coordinates": [76.151486, 42.47475]}, "properties": {"id": 5123, "price": 16115000.0, "city": "Балыкчы"}}, {"type": "Feature", "geometry": {"type": "Point", "coordinates": [76.188842, 42.445565]}, "properties": {"id": 5124, "price": 4026000.0, "city": "Балыкчы"}}, {"type": "Feature", "geometry": {"type": "Point", "coordinates": [76.14665, 42.481765]}, "properties": {"id": 5125, "price": 16357000.0, "city": "Балыкчы"}}, {"type": "Feature", "geometry": {"type": "Point", "coordinates": [76.148354, 42.365549]}, "properties": {"id": 5126, "price": 5408000.0, "city": "Балыкчы"}}, {"type": "Feature", "geometry": {"type": "Point", "coordinates": [76.116784, 42.508451]}, "properties": {"id": 5127, "price": 2986000.0, "city": "Балыкчы"}}, {"type": "Feature", "geometry": {"type": "Point", "coordinates": [76.178661, 42.469446]}, "properties": {"id": 5128, "price": 4513000.0, "city": "Балыкчы"}}, {"type": "Feature", "geometry": {"type": "Point", "coordinates": [76.244025, 42.531599]}, "properties": {"id": 5129, "price": 3293000.0, "city": "Балыкчы"}}, {"type": "Feature", "geometry": {"type": "Point", "coordinates": [76.144909, 42.408592]}, "properties": {"id": 5130, "price": 17178000.0, "city": "Балыкчы"}}, {"type": "Feature", "geometry": {"type": "Point", "coordinates": [76.134657, 42.445846]}, "properties": {"id": 5131, "price": 8357000.0, "city": "Балыкчы"}}, {"type": "Feature", "geometry": {"type": "Point", "coordinates": [76.158427, 42.480379]}, "properties": {"id": 5132, "price": 767000.0, "city": "Балыкчы"}}, {"type": "Feature", "geometry": {"type": "Point", "coordinates": [76.18866, 42.394551]}, "properties": {"id": 5133, "price": 55853000.0, "city": "Балыкчы"}}, {"type": "Feature", "geometry": {"type": "Point", "coordinates": [76.215775, 42.463035]}, "properties": {"id": 5134, "price": 14976000.0, "city": "Балыкчы"}}, {"type": "Feature", "geometry": {"type": "Point", "coordinates": [76.18956, 42.400695]}, "properties": {"id": 5135, "price": 6365000.0, "city": "Балыкчы"}}, {"type": "Feature", "geometry": {"type": "Point", "coordinates": [76.126651, 42.434785]}, "properties": {"id": 5136, "price": 888000.0, "city": "Балыкчы"}}, {"type": "Feature", "geometry": {"type": "Point", "coordinates": [76.227494, 42.524089]}, "properties": {"id": 5137, "price": 50779000.0, "city": "Балыкчы"}}, {"type": "Feature", "geometry": {"type": "Point", "coordinates": [76.188462, 42.423914]}, "properties": {"id": 5138, "price": 2370000.0, "city": "Балыкчы"}}, {"type": "Feature", "geometry": {"type": "Point", "coordinates": [76.237818, 42.430939]}, "properties": {"id": 5139, "price": 11696000.0, "city": "Балыкчы"}}, {"type": "Feature", "geometry": {"type": "Point", "coordinates": [76.179328, 42.510814]}, "properties": {"id": 5140, "price": 672000.0, "city": "Балыкчы"}}, {"type": "Feature", "geometry": {"type": "Point", "coordinates": [76.169926, 42.394458]}, "properties": {"id": 5141, "price": 6324000.0, "city": "Балыкчы"}}, {"type": "Feature", "geometry": {"type": "Point", "coordinates": [76.204327, 42.456327]}, "properties": {"id": 5142, "price": 19492000.0, "city": "Балыкчы"}}, {"type": "Feature", "geometry": {"type": "Point", "coordinates": [76.134386, 42.602903]}, "properties": {"id": 5143, "price": 3096000.0, "city": "Балыкчы"}}, {"type": "Feature", "geometry": {"type": "Point", "coordinates": [76.165903, 42.544602]}, "properties": {"id": 5144, "price": 5093000.0, "city": "Балыкчы"}}, {"type": "Feature", "geometry": {"type": "Point", "coordinates": [76.23153, 42.468194]}, "properties": {"id": 5145, "price": 2081000.0, "city": "Балыкчы"}}, {"type": "Feature", "geometry": {"type": "Point", "coordinates": [76.206052, 42.411274]}, "properties": {"id": 5146, "price": 1220000.0, "city": "Балыкчы"}}, {"type": "Feature", "geometry": {"type": "Point", "coordinates": [76.16004, 42.441423]}, "properties": {"id": 5147, "price": 29280000.0, "city": "Балыкчы"}}, {"type": "Feature", "geometry": {"type": "Point", "coordinates": [76.253516, 42.416949]}, "properties": {"id": 5148, "price": 2487000.0, "city": "Балыкчы"}}, {"type": "Feature", "geometry": {"type": "Point", "coordinates": [76.212535, 42.388435]}, "properties": {"id": 5149, "price": 16325000.0, "city": "Балыкчы"}}, {"type": "Feature", "geometry": {"type": "Point", "coordinates": [76.191954, 42.442202]}, "properties": {"id": 5150, "price": 9340000.0, "city": "Балыкчы"}}, {"type": "Feature", "geometry": {"type": "Point", "coordinates": [76.085733, 42.477676]}, "properties": {"id": 5151, "price": 2122000.0, "city": "Балыкчы"}}, {"type": "Feature", "geometry": {"type": "Point", "coordinates": [76.221401, 42.448631]}, "properties": {"id": 5152, "price": 873000.0, "city": "Балыкчы"}}, {"type": "Feature", "geometry": {"type": "Point", "coordinates": [76.228734, 42.418933]}, "properties": {"id": 5153, "price": 17103000.0, "city": "Балыкчы"}}, {"type": "Feature", "geometry": {"type": "Point", "coordinates": [76.203805, 42.448918]}, "properties": {"id": 5154, "price": 4263000.0, "city": "Балыкчы"}}, {"type": "Feature", "geometry": {"type": "Point", "coordinates": [76.199103, 42.348455]}, "properties": {"id": 5155, "price": 7506000.0, "city": "Балыкчы"}}, {"type": "Feature", "geometry": {"type": "Point", "coordinates": [76.170763, 42.441787]}, "properties": {"id": 5156, "price": 2855000.0, "city": "Балыкчы"}}, {"type": "Feature", "geometry": {"type": "Point", "coordinates": [76.187112, 42.435646]}, "properties": {"id": 5157, "price": 2038000.0, "city": "Балыкчы"}}, {"type": "Feature", "geometry": {"type": "Point", "coordinates": [76.222579, 42.518646]}, "properties": {"id": 5158, "price": 2712000.0, "city": "Балыкчы"}}, {"type": "Feature", "geometry": {"type": "Point", "coordinates": [76.200549, 42.517461]}, "properties": {"id": 5159, "price": 5588000.0, "city": "Балыкчы"}}, {"type": "Feature", "geometry": {"type": "Point", "coordinates": [76.285486, 42.384031]}, "properties": {"id": 5160, "price": 982000.0, "city": "Балыкчы"}}, {"type": "Feature", "geometry": {"type": "Point", "coordinates": [76.200951, 42.484366]}, "properties": {"id": 5161, "price": 42011000.0, "city": "Балыкчы"}}, {"type": "Feature", "geometry": {"type": "Point", "coordinates": [76.133445, 42.390205]}, "properties": {"id": 5162, "price": 18109000.0, "city": "Балыкчы"}}, {"type": "Feature", "geometry": {"type": "Point", "coordinates": [76.127519, 42.567384]}, "properties": {"id": 5163, "price": 3096000.0, "city": "Балыкчы"}}, {"type": "Feature", "geometry": {"type": "Point", "coordinates": [76.219096, 42.507554]}, "properties": {"id": 5164, "price": 4694000.0, "city": "Балыкчы"}}, {"type": "Feature", "geometry": {"type": "Point", "coordinates": [76.117555, 42.431576]}, "properties": {"id": 5165, "price": 4378000.0, "city": "Балыкчы"}}, {"type": "Feature", "geometry": {"type": "Point", "coordinates": [76.23876, 42.488373]}, "properties": {"id": 5166, "price": 5962000.0, "city": "Балыкчы"}}, {"type": "Feature", "geometry": {"type": "Point", "coordinates": [76.234804, 42.503895]}, "properties": {"id": 5167, "price": 18303000.0, "city": "Балыкчы"}}, {"type": "Feature", "geometry": {"type": "Point", "coordinates": [76.210068, 42.50979]}, "properties": {"id": 5168, "price": 3078000.0, "city": "Балыкчы"}}, {"type": "Feature", "geometry": {"type": "Point", "coordinates": [76.209487, 42.465525]}, "properties": {"id": 5169, "price": 2100000.0, "city": "Балыкчы"}}, {"type": "Feature", "geometry": {"type": "Point", "coordinates": [76.114917, 42.479268]}, "properties": {"id": 5170, "price": 19931000.0, "city": "Балыкчы"}}, {"type": "Feature", "geometry": {"type": "Point", "coordinates": [76.117544, 42.495465]}, "properties": {"id": 5171, "price": 11367000.0, "city": "Балыкчы"}}, {"type": "Feature", "geometry": {"type": "Point", "coordinates": [76.201111, 42.548359]}, "properties": {"id": 5172, "price": 6255000.0, "city": "Балыкчы"}}, {"type": "Feature", "geometry": {"type": "Point", "coordinates": [76.154986, 42.424919]}, "properties": {"id": 5173, "price": 7107000.0, "city": "Балыкчы"}}, {"type": "Feature", "geometry": {"type": "Point", "coordinates": [76.1779, 42.460526]}, "properties": {"id": 5174, "price": 2366000.0, "city": "Балыкчы"}}, {"type": "Feature", "geometry": {"type": "Point", "coordinates": [76.162651, 42.530683]}, "properties": {"id": 5175, "price": 4491000.0, "city": "Балыкчы"}}, {"type": "Feature", "geometry": {"type": "Point", "coordinates": [76.156766, 42.419534]}, "properties": {"id": 5176, "price": 3093000.0, "city": "Балыкчы"}}, {"type": "Feature", "geometry": {"type": "Point", "coordinates": [76.279635, 42.521157]}, "properties": {"id": 5177, "price": 38341000.0, "city": "Балыкчы"}}, {"type": "Feature", "geometry": {"type": "Point", "coordinates": [76.183571, 42.491754]}, "properties": {"id": 5178, "price": 42795000.0, "city": "Балыкчы"}}, {"type": "Feature", "geometry": {"type": "Point", "coordinates": [76.107141, 42.511709]}, "properties": {"id": 5179, "price": 10999000.0, "city": "Балыкчы"}}, {"type": "Feature", "geometry": {"type": "Point", "coordinates": [76.122834, 42.519171]}, "properties": {"id": 5180, "price": 2804000.0, "city": "Балыкчы"}}, {"type": "Feature", "geometry": {"type": "Point", "coordinates": [76.170163, 42.5067]}, "properties": {"id": 5181, "price": 2436000.0, "city": "Балыкчы"}}, {"type": "Feature", "geometry": {"type": "Point", "coordinates": [76.177881, 42.446387]}, "properties": {"id": 5182, "price": 6492000.0, "city": "Балыкчы"}}, {"type": "Feature", "geometry": {"type": "Point", "coordinates": [76.130767, 42.486802]}, "properties": {"id": 5183, "price": 1879000.0, "city": "Балыкчы"}}, {"type": "Feature", "geometry": {"type": "Point", "coordinates": [76.138867, 42.477716]}, "properties": {"id": 5184, "price": 47187000.0, "city": "Балыкчы"}}, {"type": "Feature", "geometry": {"type": "Point", "coordinates": [76.283318, 42.441504]}, "properties": {"id": 5185, "price": 11264000.0, "city": "Балыкчы"}}, {"type": "Feature", "geometry": {"type": "Point", "coordinates": [76.226106, 42.418351]}, "properties": {"id": 5186, "price": 1445000.0, "city": "Балыкчы"}}, {"type": "Feature", "geometry": {"type": "Point", "coordinates": [76.171964, 42.406364]}, "properties": {"id": 5187, "price": 5589000.0, "city": "Балыкчы"}}, {"type": "Feature", "geometry": {"type": "Point", "coordinates": [76.170246, 42.537838]}, "properties": {"id": 5188, "price": 7995000.0, "city": "Балыкчы"}}, {"type": "Feature", "geometry": {"type": "Point", "coordinates": [76.218427, 42.451153]}, "properties": {"id": 5189, "price": 1568000.0, "city": "Балыкчы"}}, {"type": "Feature", "geometry": {"type": "Point", "coordinates": [76.09913, 42.479597]}, "properties": {"id": 5190, "price": 36310000.0, "city": "Балыкчы"}}, {"type": "Feature", "geometry": {"type": "Point", "coordinates": [76.160674, 42.44656]}, "properties": {"id": 5191, "price": 5835000.0, "city": "Балыкчы"}}, {"type": "Feature", "geometry": {"type": "Point", "coordinates": [76.07374, 42.470633]}, "properties": {"id": 5192, "price": 18861000.0, "city": "Балыкчы"}}, {"type": "Feature", "geometry": {"type": "Point", "coordinates": [76.193953, 42.472066]}, "properties": {"id": 5193, "price": 2052000.0, "city": "Балыкчы"}}, {"type": "Feature", "geometry": {"type": "Point", "coordinates": [76.160475, 42.479631]}, "properties": {"id": 5194, "price": 6099000.0, "city": "Балыкчы"}}, {"type": "Feature", "geometry": {"type": "Point", "coordinates": [76.235111, 42.463613]}, "properties": {"id": 5195, "price": 1689000.0, "city": "Балыкчы"}}, {"type": "Feature", "geometry": {"type": "Point", "coordinates": [76.243419, 42.432361]}, "properties": {"id": 5196, "price": 2742000.0, "city": "Балыкчы"}}, {"type": "Feature", "geometry": {"type": "Point", "coordinates": [76.079362, 42.561415]}, "properties": {"id": 5197, "price": 57919000.0, "city": "Балыкчы"}}, {"type": "Feature", "geometry": {"type": "Point", "coordinates": [76.167376, 42.435823]}, "properties": {"id": 5198, "price": 44128000.0, "city": "Балыкчы"}}, {"type": "Feature", "geometry": {"type": "Point", "coordinates": [76.243403, 42.441033]}, "properties": {"id": 5199, "price": 2404000.0, "city": "Балыкчы"}}, {"type": "Feature", "geometry": {"type": "Point", "coordinates": [76.173758, 42.360364]}, "properties": {"id": 5200, "price": 5574000.0, "city": "Балыкчы"}}, {"type": "Feature", "geometry": {"type": "Point", "coordinates": [76.169722, 42.406959]}, "properties": {"id": 5201, "price": 2799000.0, "city": "Балыкчы"}}, {"type": "Feature", "geometry": {"type": "Point", "coordinates": [76.144582, 42.477094]}, "properties": {"id": 5202, "price": 1860000.0, "city": "Балыкчы"}}, {"type": "Feature", "geometry": {"type": "Point", "coordinates": [76.299022, 42.496683]}, "properties": {"id": 5203, "price": 18743000.0, "city": "Балыкчы"}}, {"type": "Feature", "geometry": {"type": "Point", "coordinates": [76.191958, 42.439319]}, "properties": {"id": 5204, "price": 1867000.0, "city": "Балыкчы"}}, {"type": "Feature", "geometry": {"type": "Point", "coordinates": [76.214798, 42.538973]}, "properties": {"id": 5205, "price": 2979000.0, "city": "Балыкчы"}}, {"type": "Feature", "geometry": {"type": "Point", "coordinates": [76.17332, 42.467018]}, "properties": {"id": 5206, "price": 11475000.0, "city": "Балыкчы"}}, {"type": "Feature", "geometry": {"type": "Point", "coordinates": [76.315478, 42.502645]}, "properties": {"id": 5207, "price": 7650000.0, "city": "Балыкчы"}}, {"type": "Feature", "geometry": {"type": "Point", "coordinates": [76.225134, 42.515206]}, "properties": {"id": 5208, "price": 8808000.0, "city": "Балыкчы"}}, {"type": "Feature", "geometry": {"type": "Point", "coordinates": [76.204948, 42.380692]}, "properties": {"id": 5209, "price": 7265000.0, "city": "Балыкчы"}}, {"type": "Feature", "geometry": {"type": "Point", "coordinates": [76.239038, 42.401177]}, "properties": {"id": 5210, "price": 4089000.0, "city": "Балыкчы"}}, {"type": "Feature", "geometry": {"type": "Point", "coordinates": [76.208188, 42.48285]}, "properties": {"id": 5211, "price": 13948000.0, "city": "Балыкчы"}}, {"type": "Feature", "geometry": {"type": "Point", "coordinates": [76.224221, 42.518074]}, "properties": {"id": 5212, "price": 3662000.0, "city": "Балыкчы"}}, {"type": "Feature", "geometry": {"type": "Point", "coordinates": [76.130982, 42.426132]}, "properties": {"id": 5213, "price": 7164000.0, "city": "Балыкчы"}}, {"type": "Feature", "geometry": {"type": "Point", "coordinates": [76.161325, 42.479684]}, "properties": {"id": 5214, "price": 19278000.0, "city": "Балыкчы"}}, {"type": "Feature", "geometry": {"type": "Point", "coordinates": [76.255405, 42.542237]}, "properties": {"id": 5215, "price": 2927000.0, "city": "Балыкчы"}}, {"type": "Feature", "geometry": {"type": "Point", "coordinates": [76.173269, 42.446381]}, "properties": {"id": 5216, "price": 1408000.0, "city": "Балыкчы"}}, {"type": "Feature", "geometry": {"type": "Point", "coordinates": [76.190582, 42.524571]}, "properties": {"id": 5217, "price": 5133000.0, "city": "Балыкчы"}}, {"type": "Feature", "geometry": {"type": "Point", "coordinates": [76.113648, 42.403381]}, "properties": {"id": 5218, "price": 4305000.0, "city": "Балыкчы"}}, {"type": "Feature", "geometry": {"type": "Point", "coordinates": [76.225278, 42.431758]}, "properties": {"id": 5219, "price": 42735000.0, "city": "Балыкчы"}}, {"type": "Feature", "geometry": {"type": "Point", "coordinates": [76.268971, 42.447403]}, "properties": {"id": 5220, "price": 59160000.0, "city": "Балыкчы"}}, {"type": "Feature", "geometry": {"type": "Point", "coordinates": [76.328281, 42.491409]}, "properties": {"id": 5221, "price": 5670000.0, "city": "Балыкчы"}}, {"type": "Feature", "geometry": {"type": "Point", "coordinates": [76.19862, 42.445495]}, "properties": {"id": 5222, "price": 4230000.0, "city": "Балыкчы"}}, {"type": "Feature", "geometry": {"type": "Point", "coordinates": [76.233401, 42.43841]}, "properties": {"id": 5223, "price": 3503000.0, "city": "Балыкчы"}}, {"type": "Feature", "geometry": {"type": "Point", "coordinates": [76.119052, 42.44933]}, "properties": {"id": 5224, "price": 26117000.0, "city": "Балыкчы"}}, {"type": "Feature", "geometry": {"type": "Point", "coordinates": [76.193396, 42.349346]}, "properties": {"id": 5225, "price": 6856000.0, "city": "Балыкчы"}}, {"type": "Feature", "geometry": {"type": "Point", "coordinates": [76.186702, 42.455291]}, "properties": {"id": 5226, "price": 2855000.0, "city": "Балыкчы"}}, {"type": "Feature", "geometry": {"type": "Point", "coordinates": [76.158003, 42.461471]}, "properties": {"id": 5227, "price": 1141000.0, "city": "Балыкчы"}}, {"type": "Feature", "geometry": {"type": "Point", "coordinates": [76.2128, 42.474462]}, "properties": {"id": 5228, "price": 4579000.0, "city": "Балыкчы"}}, {"type": "Feature", "geometry": {"type": "Point", "coordinates": [76.176688, 42.464512]}, "properties": {"id": 5229, "price": 5479000.0, "city": "Балыкчы"}}, {"type": "Feature", "geometry": {"type": "Point", "coordinates": [76.171091, 42.444787]}, "properties": {"id": 5230, "price": 33984000.0, "city": "Балыкчы"}}]}